"ID","Description","GeneRatio","BgRatio","RichFactor","FoldEnrichment","zScore","pvalue","p.adjust","qvalue","geneID","Count"
"GO:0003013","circulatory system process","129/1520","495/14866",0.260606060606061,2.54879585326954,11.8272008600786,1.53346581722557e-24,6.61317090571488e-21,6.61317090571488e-21,"RASL10B/SCN2B/KLF2/RARRES2/CASQ2/ACSM3/PCSK5/PTGS2/ANK2/FERMT2/CLDN5/ADM/MYL3/KCNA5/SLC5A1/AKAP12/AVPR1A/LRP1/BIN1/ABCB1/SLC16A7/SGCG/TRDN/ZEB2/HBB/KLK3/BMP6/SLCO1C1/ABCG2/MYL7/SLC8A3/CXCL12/SLC2A4/ADIPOQ/YAP1/NOS1/CAV1/SLC16A12/KLK2/ADRA2A/HCN1/SCN11A/PDE2A/SCN4A/SCN3A/GSTM2/DMD/TEK/ITGA9/MME/JPH2/ATP2B4/ADRA1A/EMILIN2/CD36/ATP1A2/SLC22A3/DRD2/AVPR2/PPARA/GSN/ABCC9/SERPING1/UTS2B/ADRA2B/SCN7A/OXTR/ANGPT1/PER2/KCNE1/TACR1/CLIC2/DES/SCN3B/LEP/SCN5A/CDH5/TBX18/NPR2/HTR2A/CTNNA3/ITGB1BP1/ACVRL1/ITGA1/PECAM1/SLC7A3/RGS2/TRPC1/SCN4B/HRC/CACNA2D1/PPARG/ADD3/SCN2A/EDNRB/SGK1/ATP1B2/NPR3/KCNIP2/CACNA1G/EDN1/KCNJ2/C2CD4B/CTSG/CELF2/PDE1C/CPS1/NPR1/SLIT2/SVEP1/CMA1/SLC29A4/LEPR/KCNJ8/SPX/KCNIP1/SLC1A3/ADRB2/PLN/HSPB7/ACTC1/KAT2B/TAC1/ACE2/JPH4/EDN3/SCN9A/ADRB1/KL",129
"GO:0001525","angiogenesis","127/1520","486/14866",0.261316872427984,2.55574777994369,11.7681060111353,2.75319354942335e-24,6.61317090571488e-21,6.61317090571488e-21,"TNMD/KLF2/NRXN1/HSPB6/SERPINF1/MEOX2/S1PR1/ECSCR/PTGS2/CLDN5/PTPRB/ADM/ANXA3/CCL24/ID1/NR4A1/AMOTL1/KDR/FGF2/EPHB1/CD34/F3/FGF1/PRKD1/PTGIS/KLK3/JAM3/CCL2/ADAMTS9/NGFR/MIR205/FBLN5/NODAL/STAB2/FOXO4/ADGRA2/MMP19/ARHGAP24/MMRN1/HOXA5/RHOJ/RGCC/RECK/SPRY2/TEK/ATP2B4/TGFBR3/EMILIN2/CD36/NRP1/ANXA1/HYAL1/NDNF/EPAS1/RAPGEF3/SASH1/RASIP1/CLEC14A/VEGFD/ANGPT1/CD93/SOX17/IL6/ACKR3/MMRN2/PRKCA/PDGFA/LEP/CALCRL/CDH5/QKI/TGFBR2/GPLD1/MIR145/THSD7A/NPR2/RSPO3/SEMA6A/ITGB1BP1/GPR15/TIE1/MCAM/ACVRL1/ANGPT4/EGF/CCBE1/PPARG/BMPER/TLR3/HOXA7/PTPRM/C6/NPR3/HOXA3/ANGPTL4/ADGRB3/PARVA/FGFBP1/APOLD1/PDGFRA/ADAMTS1/SEMA5A/NPR1/NOTCH4/TWIST1/SLIT2/CDH13/HIF3A/CMA1/COL4A3/ISM1/ROBO4/C3/LEPR/PPP1R16B/AMOTL2/KLF4/DAB2IP/SFRP1/CCN3/PDE3B/EGR3/APOD/FLT4/DCN/AQP1/EPHA2",127
"GO:0008015","blood circulation","114/1520","415/14866",0.274698795180723,2.6866265060241,11.760416682884,8.02597196991656e-24,1.28522564478264e-20,1.28522564478264e-20,"RASL10B/SCN2B/KLF2/RARRES2/CASQ2/ACSM3/PCSK5/PTGS2/ANK2/FERMT2/CLDN5/ADM/MYL3/KCNA5/AKAP12/AVPR1A/BIN1/SGCG/TRDN/ZEB2/HBB/KLK3/BMP6/MYL7/SLC8A3/CXCL12/ADIPOQ/NOS1/CAV1/KLK2/ADRA2A/HCN1/SCN11A/PDE2A/SCN4A/SCN3A/GSTM2/DMD/TEK/ITGA9/MME/JPH2/ATP2B4/ADRA1A/EMILIN2/ATP1A2/DRD2/AVPR2/PPARA/GSN/ABCC9/SERPING1/UTS2B/ADRA2B/SCN7A/OXTR/ANGPT1/PER2/KCNE1/TACR1/CLIC2/DES/SCN3B/LEP/SCN5A/CDH5/TBX18/NPR2/HTR2A/CTNNA3/ITGB1BP1/ACVRL1/ITGA1/PECAM1/RGS2/TRPC1/SCN4B/HRC/CACNA2D1/PPARG/ADD3/SCN2A/EDNRB/SGK1/ATP1B2/NPR3/KCNIP2/CACNA1G/EDN1/KCNJ2/C2CD4B/CTSG/CELF2/PDE1C/CPS1/NPR1/SLIT2/SVEP1/CMA1/KCNJ8/SPX/KCNIP1/ADRB2/PLN/HSPB7/ACTC1/KAT2B/TAC1/ACE2/JPH4/EDN3/SCN9A/ADRB1/KL",114
"GO:0044057","regulation of system process","117/1520","467/14866",0.250535331905782,2.45030147638905,10.7468021613518,8.24269357510761e-21,9.89947498370424e-18,9.89947498370424e-18,"ABCG8/SCN2B/NRXN1/RELN/CASQ2/PRKN/ANK2/ADM/MYL3/KCNA5/AVPR1A/BIN1/CRY2/PRKD1/TRDN/GRIN2B/BMP6/PTGER3/CHRNA2/SLC8A3/SOX10/CBLN1/ADIPOQ/KCNA1/ADGRD1/TMEM100/NOS1/CAV1/NLGN4X/ADRA2A/HCN1/SCN4A/IGF1/GSTM2/DMD/ITGA9/AKAP6/JPH2/ATP2B4/ADRA1A/NR4A3/CRHBP/ATP1A2/DRD2/AVPR2/NPY2R/JAM2/PPARA/ABCC9/ADRA2B/MYOCD/FOXO1/OXTR/PER2/SHANK3/KCNE1/TACR1/CLIC2/DES/PRKCA/SCN3B/LEP/SCN5A/QKI/MYL9/GNAI1/MIR145/TBX18/HTR2A/CTNNA3/S100B/ECRG4/RGS2/LPIN1/TRPC1/SCN4B/HRC/CACNA2D1/TPPP/PPARG/PPP1R12B/ADD3/CNN1/EGR2/KIT/EDNRB/TNNT3/ATP1B2/NPR3/KCNIP2/CACNA1G/EDN1/KCNJ2/NLGN1/CELF2/PDE1C/NPR1/MGLL/OPRPN/SVEP1/FBXO32/KLF4/SPX/MLIP/CCN3/KCNIP1/ADRB2/PLN/HSPB7/TAC1/ACE2/C1QTNF1/AQP1/JPH4/EDN3/ADRB1/MSTN",117
"GO:0003012","muscle system process","104/1520","413/14866",0.25181598062954,2.46282655792022,10.1746048462621,8.92709046720076e-19,8.57714852088649e-16,8.57714852088649e-16,"SCN2B/CASQ2/ANK2/MYL3/KCNA5/BIN1/NMUR1/PRKD1/TRDN/PTGER3/SLC8A3/CLCN1/CKMT2/KCNA1/ADGRD1/NOS1/CAV1/TMOD1/ADRA2A/SCN11A/SYNM/LMOD1/SCN4A/IGF1/SCN3A/GSTM2/DMD/AKAP6/RYR3/JPH2/ATP2B4/ADRA1A/NR4A3/ATP1A2/MYH11/MYOZ2/DRD2/STAC2/PPARA/GSN/UTRN/ADRA2B/MYOCD/FOXO1/SCN7A/OXTR/KCNE1/TACR1/CLIC2/SORBS2/DES/PRKCA/ACTA2/MYH3/SCN3B/LEP/SCN5A/MYL9/GNAI1/MIR145/HTR2A/KLF15/CTNNA3/MYLK/MYOM2/RGS2/SCN4B/HRC/CACNA2D1/PPARG/PPP1R12B/MYOC/CNN1/KIT/SCN2A/EDNRB/TNNT3/NPR3/SSPN/KCNIP2/CACNA1G/EDN1/KCNJ2/SGCA/FBXO32/KLF4/KCNJ8/SPX/MLIP/CA3/KCNIP1/ADRB2/PLN/MYH2/ACTC1/MYH1/P2RX6/ACE2/JPH4/EDN3/TMOD2/SCN9A/MSTN/CRYAB",104
"GO:0006936","muscle contraction","86/1520","331/14866",0.259818731117825,2.54109556368262,9.56896000917594,1.33477074581549e-16,1.06870644381627e-13,1.06870644381627e-13,"SCN2B/CASQ2/ANK2/MYL3/KCNA5/BIN1/NMUR1/PRKD1/TRDN/PTGER3/SLC8A3/CLCN1/CKMT2/KCNA1/ADGRD1/NOS1/CAV1/TMOD1/ADRA2A/SCN11A/SYNM/LMOD1/SCN4A/SCN3A/GSTM2/DMD/RYR3/JPH2/ATP2B4/ADRA1A/ATP1A2/MYH11/DRD2/STAC2/GSN/UTRN/ADRA2B/MYOCD/SCN7A/OXTR/KCNE1/TACR1/CLIC2/DES/ACTA2/MYH3/SCN3B/SCN5A/MYL9/MIR145/HTR2A/CTNNA3/MYLK/MYOM2/RGS2/SCN4B/HRC/CACNA2D1/PPP1R12B/CNN1/KIT/SCN2A/EDNRB/TNNT3/SSPN/KCNIP2/CACNA1G/EDN1/KCNJ2/SGCA/KCNJ8/SPX/CA3/KCNIP1/ADRB2/PLN/MYH2/ACTC1/MYH1/P2RX6/ACE2/JPH4/EDN3/TMOD2/SCN9A/CRYAB",86
"GO:0060047","heart contraction","61/1520","204/14866",0.299019607843137,2.92449045407637,9.34034521477556,3.92589405770798e-15,2.69428500760416e-12,2.69428500760416e-12,"SCN2B/CASQ2/ANK2/ADM/MYL3/KCNA5/AVPR1A/BIN1/SGCG/TRDN/MYL7/SLC8A3/NOS1/CAV1/HCN1/SCN11A/SCN4A/SCN3A/GSTM2/DMD/JPH2/ATP2B4/ADRA1A/ATP1A2/DRD2/GSN/ABCC9/SCN7A/KCNE1/CLIC2/DES/SCN3B/SCN5A/TBX18/CTNNA3/RGS2/TRPC1/SCN4B/HRC/CACNA2D1/SCN2A/EDNRB/ATP1B2/KCNIP2/CACNA1G/EDN1/KCNJ2/CELF2/KCNJ8/SPX/KCNIP1/ADRB2/PLN/HSPB7/ACTC1/TAC1/ACE2/JPH4/EDN3/SCN9A/ADRB1",61
"GO:0003015","heart process","62/1520","212/14866",0.292452830188679,2.86026564051639,9.20647741247829,7.36768780147626e-15,4.42429652478649e-12,4.42429652478649e-12,"SCN2B/CASQ2/ANK2/ADM/MYL3/KCNA5/AVPR1A/BIN1/SGCG/TRDN/MYL7/SLC8A3/YAP1/NOS1/CAV1/HCN1/SCN11A/SCN4A/SCN3A/GSTM2/DMD/JPH2/ATP2B4/ADRA1A/ATP1A2/DRD2/GSN/ABCC9/SCN7A/KCNE1/CLIC2/DES/SCN3B/SCN5A/TBX18/CTNNA3/RGS2/TRPC1/SCN4B/HRC/CACNA2D1/SCN2A/EDNRB/ATP1B2/KCNIP2/CACNA1G/EDN1/KCNJ2/CELF2/KCNJ8/SPX/KCNIP1/ADRB2/PLN/HSPB7/ACTC1/TAC1/ACE2/JPH4/EDN3/SCN9A/ADRB1",62
"GO:1903522","regulation of blood circulation","61/1520","219/14866",0.278538812785388,2.72418288872867,8.67480533418655,1.37476396453589e-13,7.33818453958935e-11,7.33818453958935e-11,"SCN2B/CASQ2/ANK2/ADM/MYL3/KCNA5/AVPR1A/BIN1/TRDN/SLC8A3/NOS1/CAV1/ADRA2A/HCN1/GSTM2/DMD/ITGA9/JPH2/ATP2B4/ADRA1A/ATP1A2/DRD2/AVPR2/ABCC9/ADRA2B/OXTR/PER2/KCNE1/TACR1/CLIC2/DES/SCN3B/LEP/SCN5A/TBX18/HTR2A/CTNNA3/RGS2/TRPC1/SCN4B/HRC/CACNA2D1/ADD3/EDNRB/ATP1B2/KCNIP2/CACNA1G/EDN1/KCNJ2/CELF2/SVEP1/SPX/KCNIP1/ADRB2/PLN/HSPB7/TAC1/ACE2/JPH4/EDN3/ADRB1",61
"GO:1901342","regulation of vasculature development","71/1520","280/14866",0.253571428571429,2.47999530075188,8.43723096719109,2.34064232349614e-13,1.12444457220754e-10,1.12444457220755e-10,"TNMD/KLF2/HSPB6/SERPINF1/ECSCR/CLDN5/ADM/ANXA3/CCL24/KDR/FGF2/CD34/F3/FGF1/PRKD1/PTGIS/KLK3/ADAMTS9/CXCL12/MIR205/FBLN5/NODAL/FOXO4/ADGRA2/HOXA5/RHOJ/RGCC/RECK/SPRY2/TEK/ATP2B4/EMILIN2/CD36/NRP1/HYAL1/RAPGEF3/SASH1/IL6/PRKCA/LEP/CDH5/QKI/MIR145/SEMA6A/TIE1/ANGPT4/CCBE1/PPARG/BMPER/TLR3/PTPRM/C6/ANGPTL4/ADGRB3/ADAMTS1/SEMA5A/NPR1/TWIST1/CMA1/COL4A3/ISM1/C3/PPP1R16B/KLF4/DAB2IP/ANGPTL7/SFRP1/PDE3B/DCN/AQP1/EPHA2",71
"GO:0003018","vascular process in circulatory system","62/1520","229/14866",0.270742358078603,2.6479315099977,8.48124391042089,3.49584198449492e-13,1.52672953577397e-10,1.52672953577396e-10,"KLF2/FERMT2/CLDN5/ADM/SLC5A1/AKAP12/AVPR1A/LRP1/ABCB1/SLC16A7/ZEB2/HBB/BMP6/SLCO1C1/ABCG2/SLC2A4/NOS1/CAV1/SLC16A12/ADRA2A/PDE2A/TEK/ITGA9/ATP2B4/ADRA1A/CD36/ATP1A2/SLC22A3/AVPR2/ABCC9/UTS2B/ADRA2B/OXTR/ANGPT1/PER2/TACR1/LEP/CDH5/HTR2A/ITGB1BP1/ITGA1/PECAM1/SLC7A3/RGS2/ADD3/EDNRB/ATP1B2/EDN1/C2CD4B/CPS1/NPR1/SLIT2/SVEP1/SLC29A4/LEPR/KCNJ8/SLC1A3/ADRB2/KAT2B/ACE2/EDN3/ADRB1",62
"GO:0045765","regulation of angiogenesis","69/1520","273/14866",0.252747252747253,2.47193464430307,8.28373600721038,6.04692862039654e-13,2.25857492355941e-10,2.25857492355941e-10,"TNMD/KLF2/HSPB6/SERPINF1/ECSCR/CLDN5/ADM/ANXA3/CCL24/KDR/FGF2/CD34/F3/FGF1/PRKD1/PTGIS/KLK3/ADAMTS9/MIR205/FBLN5/NODAL/FOXO4/ADGRA2/HOXA5/RHOJ/RGCC/RECK/SPRY2/TEK/ATP2B4/EMILIN2/CD36/NRP1/HYAL1/RAPGEF3/SASH1/IL6/PRKCA/LEP/CDH5/QKI/MIR145/SEMA6A/TIE1/ANGPT4/CCBE1/PPARG/BMPER/TLR3/PTPRM/C6/ANGPTL4/ADGRB3/ADAMTS1/SEMA5A/NPR1/TWIST1/CMA1/COL4A3/ISM1/C3/PPP1R16B/KLF4/DAB2IP/SFRP1/PDE3B/DCN/AQP1/EPHA2",69
"GO:0006935","chemotaxis","87/1520","386/14866",0.225388601036269,2.20435983092446,8.09085324654171,6.58202517273765e-13,2.25857492355941e-10,2.25857492355941e-10,"RARRES2/CCL14/S1PR1/ECSCR/NRG1/LGR6/CX3CL1/CCL24/NR4A1/KDR/FGF2/EPHB1/CCL23/F3/FGF1/PRKD1/S100A4/CX3CR1/JAM3/CCL2/CXCL12/CCL13/ADGRA2/PTN/PIK3C2G/MET/ROBO3/MYCBP2/ACKR4/SEMA3G/NRP1/ANXA1/NEDD9/CCL16/VEGFD/ANGPT1/PLXNA4/IL6/ACKR3/NTRK3/PDGFA/DPP4/FLRT2/SEMA6A/CCL21/CXCR2/IL34/PLD1/ITGA1/PTGDR2/CXCL2/CMTM5/P2RY12/KIT/EDNRB/CCL28/SAA1/SLIT3/EDN1/FGF7/CCN1/PARVA/CTSG/PDGFRA/SEMA5A/SLIT2/CXCL3/CDH13/ENPP2/DUSP1/PDGFD/HBEGF/C3/CH25H/SEMA3D/SEMA3A/FGF16/CCN3/BST1/ELANE/EGR3/NOVA2/EDN3/EPHA2/ANO6/SEMA6D/MSTN",87
"GO:0042330","taxis","87/1520","386/14866",0.225388601036269,2.20435983092446,8.09085324654171,6.58202517273765e-13,2.25857492355941e-10,2.25857492355941e-10,"RARRES2/CCL14/S1PR1/ECSCR/NRG1/LGR6/CX3CL1/CCL24/NR4A1/KDR/FGF2/EPHB1/CCL23/F3/FGF1/PRKD1/S100A4/CX3CR1/JAM3/CCL2/CXCL12/CCL13/ADGRA2/PTN/PIK3C2G/MET/ROBO3/MYCBP2/ACKR4/SEMA3G/NRP1/ANXA1/NEDD9/CCL16/VEGFD/ANGPT1/PLXNA4/IL6/ACKR3/NTRK3/PDGFA/DPP4/FLRT2/SEMA6A/CCL21/CXCR2/IL34/PLD1/ITGA1/PTGDR2/CXCL2/CMTM5/P2RY12/KIT/EDNRB/CCL28/SAA1/SLIT3/EDN1/FGF7/CCN1/PARVA/CTSG/PDGFRA/SEMA5A/SLIT2/CXCL3/CDH13/ENPP2/DUSP1/PDGFD/HBEGF/C3/CH25H/SEMA3D/SEMA3A/FGF16/CCN3/BST1/ELANE/EGR3/NOVA2/EDN3/EPHA2/ANO6/SEMA6D/MSTN",87
"GO:0043542","endothelial cell migration","58/1520","212/14866",0.273584905660377,2.6757323733863,8.29322001596346,1.25862288321068e-12,4.03094955396272e-10,4.03094955396272e-10,"SERPINF1/MEOX2/PTGS2/ANXA3/ID1/NR4A1/PLPP3/KDR/FGF2/FGF1/PRKD1/ZEB2/ADAMTS9/MIR205/ADGRA2/PTN/PROX1/MMRN1/RHOJ/RGCC/MET/TEK/ATP2B4/TGFBR3/NRP1/ANXA1/SASH1/CLEC14A/ANGPT1/MMRN2/PRKCA/DPP4/CDH5/GPLD1/ITGB1BP1/ACVRL1/ANGPT4/EGF/PPARG/BMPER/PTPRM/FSTL1/EDN1/MEF2C/FGFBP1/STAT5A/SEMA5A/ATOH8/SLIT2/CDH13/KLF4/DAB2IP/FGF16/CCN3/EGR3/FLT4/DCN/EPHA2",58
"GO:0042391","regulation of membrane potential","80/1520","353/14866",0.226628895184136,2.21649023408379,7.80631500738946,4.23118568320404e-12,1.27041350138201e-09,1.27041350138201e-09,"SCN2B/NRXN1/RELN/CASQ2/PRKN/ANK2/RGS7BP/KCNA5/BIN1/KDR/PID1/KCNH8/TRDN/GRIN2B/CHRNA2/FHL1/SLC8A3/SLC25A27/CBLN1/KCNA1/SLC1A7/ABCB5/KCNA6/GLRA3/NOS1/CAV1/NLGN4X/HCN1/GRIK1/SCN11A/SCN4A/BOK/SLC24A4/SCN3A/MET/DMD/AKAP6/KCNB1/ADRA1A/CD36/ATP1A2/GABRA2/DRD2/NPY2R/SCN7A/SHANK3/KCNE1/KCNMB1/TACR1/SCN3B/SCN5A/TBX18/NPR2/CTNNA3/SLC17A7/SCN4B/KCNC4/CACNA2D1/RIMS3/MYOC/SCN2A/KCNA2/ATP1B2/KCNIP2/CACNA1G/EDN1/KCNS1/KCNJ2/MEF2C/NLGN1/SLC26A3/KCNJ8/KCNIP1/ADRB2/PLN/P2RX6/TAC1/GRIA4/DCN/SCN9A",80
"GO:0010817","regulation of hormone levels","87/1520","399/14866",0.218045112781955,2.13253858330036,7.7388941055141,4.50813216244338e-12,1.27394511225753e-09,1.27394511225753e-09,"ACSL4/CYP11A1/RASL10B/RBP4/MYRIP/PRKN/PCSK5/NMB/DOC2B/ADM/ADH6/AKR1C1/KCNA5/FAM3D/HSD17B11/AKR1C3/CRY2/PRKD1/BMP6/SLCO1C1/GHR/HCAR2/IRS2/ADH1B/ADRA2A/ADH4/RDH5/ADCY5/KCNB1/MME/ITSN1/CRHBP/DRD2/PDE8B/NR5A2/ANXA1/ALDH1A2/RAPGEF3/FOXO1/PER2/CES1/IL6/TACR1/UGT2B28/PRKCA/LEP/DPP4/GPLD1/NNAT/AKR1C2/EGR1/ALDH1A3/ECRG4/BMP5/LIPE/CACNA2D1/FFAR4/HADH/PPARG/TPO/PNPLA2/MLXIPL/EDNRB/ALDH1A1/CYP46A1/EDN1/CTSG/DGAT2/DKK3/BMP2/CYP26B1/CHST9/CMA1/RETSAT/CYP1A1/CCN3/TCF7L2/DHRS9/TAC1/ADH1A/AKR1D1/DHRS3/ACE2/C1QTNF1/EDN3/ADH1C/CYP3A4",87
"GO:0034308","primary alcohol metabolic process","33/1520","87/14866",0.379310344827586,3.70975499092559,8.55452337001761,6.3926301552461e-12,1.70612195921124e-09,1.70612195921124e-09,"CYP11A1/RBP4/ADH6/AKR1C1/AKR1C3/ALDH2/BMP6/ADH1B/ADH4/RDH5/IGF1/PECR/ALDH1A2/CES1/SULT1C4/AKR1C2/ACSS2/ALDH1A3/BMP5/LIPE/PNPLA2/EDNRB/ALDH1A1/DGAT2/DKK3/BMP2/RETSAT/CYP1A1/DHRS9/ADH1A/DHRS3/ADH1C/CYP3A4",33
"GO:0050673","epithelial cell proliferation","68/1520","281/14866",0.241992882562278,2.36675407379659,7.80582859847991,7.76549786703277e-12,1.96344482911713e-09,1.96344482911713e-09,"TNMD/EGFR/DSC1/OSR1/CCL24/KLF9/NR4A1/KDR/FGF2/CD34/F3/PRKD1/ZFP36/ZEB2/BMP6/CCL2/NGFR/CXCL12/MIR205/NODAL/YAP1/CAV1/PTN/PROX1/RGCC/IGF1/TEK/TGFBR3/NR4A3/NRP1/IL6/TACR1/MMRN2/PRKCA/LEP/SCN5A/ITGB1BP1/TIE1/ACVRL1/BMP5/EGF/PPARG/BMPER/KIT/CDKN1C/EDNRB/PTPRM/FZD7/FGF7/MEF2C/NFIB/FGFBP1/STAT5A/SEMA5A/CAV2/LAMC1/ATOH8/GPBAR1/CDH13/COL4A3/PPP1R16B/DAB2IP/SFRP1/CCN3/TCF7L2/EGR3/FLT4/EPHA2",68
"GO:0010594","regulation of endothelial cell migration","47/1520","160/14866",0.29375,2.87295230263158,8.03837233275426,1.14100062094268e-11,2.74068349150431e-09,2.74068349150431e-09,"SERPINF1/MEOX2/PTGS2/ANXA3/PLPP3/KDR/FGF2/FGF1/PRKD1/ADAMTS9/MIR205/PTN/PROX1/MMRN1/RHOJ/RGCC/MET/TEK/ATP2B4/TGFBR3/NRP1/ANXA1/SASH1/ANGPT1/MMRN2/PRKCA/GPLD1/ITGB1BP1/ACVRL1/ANGPT4/EGF/PPARG/BMPER/PTPRM/EDN1/MEF2C/FGFBP1/STAT5A/SEMA5A/ATOH8/SLIT2/KLF4/DAB2IP/FGF16/FLT4/DCN/EPHA2",47
"GO:0008016","regulation of heart contraction","50/1520","178/14866",0.280898876404494,2.7472649319929,7.91436581721748,1.56827011316685e-11,3.58760458269216e-09,3.58760458269216e-09,"SCN2B/CASQ2/ANK2/ADM/MYL3/KCNA5/AVPR1A/BIN1/TRDN/SLC8A3/NOS1/CAV1/HCN1/GSTM2/DMD/JPH2/ATP2B4/ADRA1A/ATP1A2/DRD2/ABCC9/KCNE1/CLIC2/DES/SCN3B/SCN5A/TBX18/CTNNA3/RGS2/TRPC1/SCN4B/HRC/CACNA2D1/EDNRB/ATP1B2/KCNIP2/CACNA1G/EDN1/KCNJ2/CELF2/SPX/KCNIP1/ADRB2/PLN/HSPB7/TAC1/ACE2/JPH4/EDN3/ADRB1",50
"GO:0090257","regulation of muscle system process","55/1520","208/14866",0.264423076923077,2.58612727732794,7.7742953056397,2.07724981757137e-11,4.53595823800584e-09,4.53595823800584e-09,"CASQ2/ANK2/MYL3/BIN1/PRKD1/TRDN/SLC8A3/KCNA1/ADGRD1/NOS1/CAV1/ADRA2A/SCN4A/IGF1/GSTM2/DMD/AKAP6/JPH2/ATP2B4/ADRA1A/NR4A3/ATP1A2/PPARA/ADRA2B/MYOCD/FOXO1/TACR1/CLIC2/PRKCA/SCN5A/MYL9/GNAI1/MIR145/CTNNA3/RGS2/HRC/CACNA2D1/PPARG/PPP1R12B/CNN1/KIT/TNNT3/NPR3/EDN1/KCNJ2/FBXO32/KLF4/SPX/MLIP/ADRB2/PLN/ACE2/JPH4/EDN3/MSTN",55
"GO:0001659","temperature homeostasis","50/1520","181/14866",0.276243093922652,2.70173015411457,7.7735911801613,3.06137508412634e-11,6.39428082788823e-09,6.39428082788823e-09,"ZNF423/PTGS2/PEMT/ADAMTS5/ID1/PPARGC1A/LAMA4/PTGER3/ARRDC3/ADIPOQ/CAV1/SCTR/ABHD6/CD36/DRD2/FABP4/EPAS1/EBF2/FOXO1/OXTR/PER2/TLR4/WNT10B/LEP/ELOVL3/QKI/G0S2/EGR1/HTR2A/CIDEA/S100B/MAP2K6/PM20D1/PLCL2/LPIN1/FFAR4/HADH/ALPL/ACSL1/EDNRB/NPR3/ALDH1A1/ACADL/LEPR/LGR4/PRDM16/ADRB2/SCD/NOVA2/ADRB1",50
"GO:0070371","ERK1 and ERK2 cascade","62/1520","255/14866",0.243137254901961,2.37794633642931,7.49016034289516,5.30668869848949e-11,1.06222218781431e-08,1.06222218781431e-08,"NRXN1/EGFR/FBLN1/FERMT2/NRG1/CX3CL1/AKAP12/KDR/FGF2/EPHB1/LMO3/FGF1/SPRY1/PTGER4/ATF3/DUSP6/MIR205/ADIPOQ/NODAL/ALKAL2/IGF1/SPRY2/TEK/ADRA1A/CD36/DRD2/PDE8B/NRP1/ANGPT1/MTURN/TLR4/ACKR3/PRKCA/ACTA2/PDGFA/DDR2/MIR145/HTR2A/SEMA6A/ITGB1BP1/CCL21/EGF/FFAR4/BMPER/PLA2G5/CALCR/EDN1/CCN1/PDGFRA/SIRPA/BMP2/GPBAR1/DUSP1/PDGFD/MARCO/KLF4/ZFP36L2/DAB2IP/FLT4/ACE2/PLA2G2A/EPHA2",62
"GO:0008217","regulation of blood pressure","41/1520","134/14866",0.305970149253731,2.99246857816182,7.81882901172541,5.72709020588722e-11,1.10051765396329e-08,1.10051765396329e-08,"RASL10B/RARRES2/ACSM3/PCSK5/PTGS2/ADM/AVPR1A/HBB/KLK3/ADIPOQ/NOS1/KLK2/MME/ADRA1A/EMILIN2/DRD2/AVPR2/PPARA/UTS2B/ADRA2B/OXTR/TACR1/LEP/NPR2/ACVRL1/PPARG/EDNRB/SGK1/NPR3/EDN1/CTSG/PDE1C/NPR1/CMA1/SPX/ADRB2/TAC1/ACE2/EDN3/ADRB1/KL",41
"GO:0070252","actin-mediated cell contraction","35/1520","104/14866",0.336538461538462,3.29143471659919,7.91371212979801,7.64461082410222e-11,1.4124888614995e-08,1.4124888614995e-08,"SCN2B/CASQ2/ANK2/KCNA5/LIMCH1/BIN1/ZEB2/NOS1/CAV1/SCN11A/SCN4A/SCN3A/ATP1A2/GSN/SCN7A/KCNE1/ACTA2/MYH3/SCN3B/SCN5A/QKI/CTNNA3/SCN4B/CACNA2D1/EPDR1/SCN2A/CACNA1G/KCNJ2/PARVA/KCNJ8/ADRB2/PLN/MYH2/ACTC1/SCN9A",35
"GO:0050678","regulation of epithelial cell proliferation","60/1520","245/14866",0.244897959183673,2.39516648764769,7.4310336842715,7.94213840677964e-11,1.41311232985813e-08,1.41311232985813e-08,"TNMD/EGFR/DSC1/OSR1/CCL24/KLF9/NR4A1/KDR/FGF2/F3/PRKD1/ZFP36/BMP6/CCL2/NGFR/CXCL12/MIR205/NODAL/YAP1/CAV1/PTN/PROX1/RGCC/IGF1/TEK/TGFBR3/NR4A3/NRP1/TACR1/MMRN2/PRKCA/LEP/SCN5A/TIE1/ACVRL1/BMP5/EGF/PPARG/CDKN1C/EDNRB/PTPRM/FZD7/FGF7/MEF2C/NFIB/FGFBP1/STAT5A/SEMA5A/CAV2/LAMC1/ATOH8/GPBAR1/CDH13/COL4A3/PPP1R16B/DAB2IP/SFRP1/TCF7L2/EGR3/FLT4",60
"GO:0009611","response to wounding","91/1520","448/14866",0.203125,1.98661595394737,7.15588447664292,8.62166044703899e-11,1.47923059955626e-08,1.47923059955626e-08,"LYVE1/AHNAK/FBLN1/FERMT2/NRG1/F8/STXBP1/KDR/FGF2/CD34/F3/CSRP1/FGF1/PLA2G4A/DST/ZFP36/HBB/CX3CR1/YAP1/F10/CAV1/PTN/ADRA2A/SCARF1/ARHGAP24/ANGPTL2/MMRN1/IGF1/PPL/KCNB1/EMILIN2/CD36/DRD2/NRP1/ADAMTS18/ANXA1/NDNF/IL33/VWF/SERPING1/ADRA2B/SELP/ANGPT1/IL6/TLR4/NTRK3/PRKCA/PDGFA/F13A1/TYRO3/MYL9/PROS1/DDR2/TFPI/NPR2/HTR2A/MYLK/MCAM/ACVRL1/ECRG4/RASA3/ANGPT4/PPARG/RGMA/ANGPTL1/DGKB/P2RY12/TLR3/FZD7/SAA1/EDN1/FGF7/MAP1B/ANGPTL4/PHLDB2/CTSG/DGKI/DMTN/PDGFRA/KANK1/SVEP1/EPB41L4B/HBEGF/ZFP36L2/ANGPTL7/APOD/PEAR1/PRRG3/THBD/C1QTNF1/ANO6",91
"GO:0045229","external encapsulating structure organization","62/1520","258/14866",0.24031007751938,2.35029579763362,7.38366661664032,8.93271176370995e-11,1.47974990734009e-08,1.47974990734009e-08,"LAMA1/FBLN1/ADAMTS5/LRP1/ADAMTS8/GPM6B/MATN2/ADAMTS9/LTBP4/MIR205/FBLN5/MMP19/TLL1/ADAMTSL4/COL4A6/RGCC/RECK/TGFBR3/HAS1/MYH11/ADAMTS18/MMP27/NDNF/HAS3/IL6/HPSE2/COL14A1/LAMA2/LOXL4/DPP4/TNXB/FLRT2/CRTAP/DDR2/MIR145/FMOD/MFAP4/TIE1/CCDC80/PPARG/COLGALT2/VIT/PHLDB2/CTSG/COL17A1/HRNR/ADAMTS1/LAMC1/BMP2/MMP28/ECM2/CMA1/COL4A3/MARCO/ANGPTL7/CCN3/ELANE/PHLDB1/COL6A6/PRDM5/DPT/ADAMTS3",62
"GO:0019216","regulation of lipid metabolic process","64/1520","271/14866",0.236162361623616,2.30973004466887,7.34333052641356,9.77829971425909e-11,1.56583172757669e-08,1.56583172757669e-08,"ALK/ABCB11/RARRES2/PTGS2/ADM/GPIHBP1/AVPR1A/PPARGC1A/AKR1C3/FGF1/BMP6/SORBS1/ANGPTL8/CCDC3/HCAR2/ADIPOQ/IRS2/CAV1/ADRA2A/PROX1/THRSP/PCK1/ACACB/ABHD6/PLCH2/NR5A2/AADAC/ABCD2/PPARA/GPR146/CES1/PDGFA/LEP/QKI/GPLD1/GNAI1/EGR1/HTR2A/CIDEA/BMP5/LPIN1/ENDOU/PPARG/PNPLA2/ASXL3/MLXIPL/HSD17B13/EDN1/ANGPTL4/DGAT2/DKK3/BMP2/HCAR3/TWIST1/ACADL/C3/CH25H/PDE3B/PLPP1/APOD/CIDEC/KAT2B/PLIN1/PDK4",64
"GO:0001508","action potential","41/1520","137/14866",0.299270072992701,2.92694006915098,7.6466383502941,1.23620221521237e-10,1.91571465867104e-08,1.91571465867104e-08,"SCN2B/CASQ2/ANK2/KCNA5/BIN1/KCNA1/KCNA6/NOS1/CAV1/HCN1/SCN11A/SCN4A/SCN3A/DMD/AKAP6/KCNB1/ADRA1A/CD36/ATP1A2/NPY2R/SCN7A/KCNE1/KCNMB1/TACR1/SCN3B/SCN5A/TBX18/NPR2/CTNNA3/SCN4B/KCNC4/CACNA2D1/SCN2A/KCNA2/KCNIP2/CACNA1G/KCNS1/KCNJ2/KCNJ8/TAC1/SCN9A",41
"GO:0001935","endothelial cell proliferation","40/1520","132/14866",0.303030303030303,2.96371610845295,7.64775604554387,1.36194416660779e-10,2.04461868011995e-08,2.04461868011995e-08,"TNMD/CCL24/NR4A1/KDR/FGF2/CD34/F3/PRKD1/ZEB2/BMP6/CCL2/NGFR/CXCL12/MIR205/CAV1/PROX1/RGCC/TEK/NRP1/MMRN2/PRKCA/LEP/ITGB1BP1/TIE1/ACVRL1/EGF/PPARG/BMPER/PTPRM/MEF2C/FGFBP1/STAT5A/SEMA5A/CAV2/ATOH8/CDH13/COL4A3/PPP1R16B/EGR3/FLT4",40
"GO:0030198","extracellular matrix organization","61/1520","256/14866",0.23828125,2.33045333059211,7.2464151317947,1.83177017394097e-10,2.66661330776133e-08,2.66661330776133e-08,"LAMA1/FBLN1/ADAMTS5/LRP1/ADAMTS8/GPM6B/MATN2/ADAMTS9/LTBP4/MIR205/FBLN5/MMP19/TLL1/ADAMTSL4/COL4A6/RGCC/RECK/TGFBR3/HAS1/MYH11/ADAMTS18/MMP27/NDNF/HAS3/IL6/HPSE2/COL14A1/LAMA2/LOXL4/DPP4/TNXB/FLRT2/CRTAP/DDR2/MIR145/FMOD/MFAP4/TIE1/CCDC80/PPARG/COLGALT2/VIT/PHLDB2/CTSG/COL17A1/ADAMTS1/LAMC1/BMP2/MMP28/ECM2/CMA1/COL4A3/MARCO/ANGPTL7/CCN3/ELANE/PHLDB1/COL6A6/PRDM5/DPT/ADAMTS3",61
"GO:0070372","regulation of ERK1 and ERK2 cascade","58/1520","238/14866",0.243697478991597,2.38342547545334,7.26073292227949,2.01872056296131e-10,2.85233340719593e-08,2.85233340719593e-08,"NRXN1/EGFR/FBLN1/FERMT2/NRG1/CX3CL1/AKAP12/KDR/FGF2/EPHB1/LMO3/FGF1/SPRY1/ATF3/DUSP6/MIR205/ADIPOQ/NODAL/ALKAL2/IGF1/SPRY2/TEK/ADRA1A/CD36/DRD2/PDE8B/NRP1/ANGPT1/MTURN/TLR4/ACKR3/PRKCA/ACTA2/PDGFA/DDR2/MIR145/HTR2A/SEMA6A/ITGB1BP1/CCL21/FFAR4/BMPER/PLA2G5/CALCR/CCN1/PDGFRA/SIRPA/BMP2/GPBAR1/DUSP1/PDGFD/MARCO/KLF4/DAB2IP/FLT4/ACE2/PLA2G2A/EPHA2",58
"GO:0043062","extracellular structure organization","61/1520","257/14866",0.237354085603113,2.32138541879992,7.2113158504745,2.16786650374695e-10,2.9755516240001e-08,2.9755516240001e-08,"LAMA1/FBLN1/ADAMTS5/LRP1/ADAMTS8/GPM6B/MATN2/ADAMTS9/LTBP4/MIR205/FBLN5/MMP19/TLL1/ADAMTSL4/COL4A6/RGCC/RECK/TGFBR3/HAS1/MYH11/ADAMTS18/MMP27/NDNF/HAS3/IL6/HPSE2/COL14A1/LAMA2/LOXL4/DPP4/TNXB/FLRT2/CRTAP/DDR2/MIR145/FMOD/MFAP4/TIE1/CCDC80/PPARG/COLGALT2/VIT/PHLDB2/CTSG/COL17A1/ADAMTS1/LAMC1/BMP2/MMP28/ECM2/CMA1/COL4A3/MARCO/ANGPTL7/CCN3/ELANE/PHLDB1/COL6A6/PRDM5/DPT/ADAMTS3",61
"GO:0060048","cardiac muscle contraction","38/1520","124/14866",0.306451612903226,2.99717741935484,7.53664357164088,2.72986408752761e-10,3.64285196568963e-08,3.64285196568962e-08,"SCN2B/CASQ2/ANK2/MYL3/KCNA5/BIN1/TRDN/NOS1/CAV1/SCN11A/SCN4A/SCN3A/GSTM2/DMD/JPH2/ADRA1A/ATP1A2/GSN/SCN7A/KCNE1/CLIC2/SCN3B/SCN5A/CTNNA3/RGS2/SCN4B/HRC/CACNA2D1/SCN2A/CACNA1G/KCNJ2/KCNJ8/ADRB2/PLN/ACTC1/ACE2/JPH4/SCN9A",38
"GO:0042445","hormone metabolic process","47/1520","176/14866",0.267045454545455,2.61177482057416,7.25902836382647,4.17175126831619e-10,5.41651164675432e-08,5.41651164675432e-08,"CYP11A1/RBP4/PCSK5/ADM/ADH6/AKR1C1/HSD17B11/AKR1C3/BMP6/SLCO1C1/GHR/ADH1B/ADH4/RDH5/MME/NR5A2/ALDH1A2/CES1/UGT2B28/DPP4/AKR1C2/EGR1/ALDH1A3/BMP5/LIPE/TPO/PNPLA2/EDNRB/ALDH1A1/CYP46A1/CTSG/DGAT2/DKK3/BMP2/CYP26B1/CHST9/CMA1/RETSAT/CYP1A1/TCF7L2/DHRS9/ADH1A/AKR1D1/DHRS3/ACE2/ADH1C/CYP3A4",47
"GO:0040013","negative regulation of locomotion","64/1520","282/14866",0.226950354609929,2.21963419186264,6.97821760169883,5.70058281696998e-10,7.20673680334837e-08,7.20673680334837e-08,"SERPINF1/MITF/MEOX2/FBLN1/CLDN5/ACVR1C/CX3CL1/LIMCH1/LRP1/MCTP1/FGF2/DLC1/PTGER4/ZEB2/CCL2/ADAMTS9/NGFR/CXCL12/MIR205/ADIPOQ/NODAL/MMRN1/RGCC/RECK/ROBO3/ATP2B4/TGFBR3/EMILIN2/HAS1/DRD2/SPOCK3/IL33/NEDD9/MYOCD/MMRN2/DPP4/MIR145/ITGB1BP1/CCL21/PODN/ACVRL1/BMP5/ANGPT4/CLDN19/PPARG/CD200/HOXA7/PTPRM/ATP1B2/CCL28/PHLDB2/MEF2C/SEMA5A/SLIT2/KANK1/DUSP1/KLF4/DAB2IP/SFRP1/CCN3/ELANE/APOD/CYGB/DCN",64
"GO:0002040","sprouting angiogenesis","39/1520","133/14866",0.293233082706767,2.86789671547289,7.30233537544367,6.77738867007614e-10,8.34835260796045e-08,8.34835260796045e-08,"KLF2/MEOX2/PTGS2/NR4A1/KDR/FGF2/FGF1/ADAMTS9/NGFR/MIR205/ADGRA2/MMRN1/RHOJ/RECK/TEK/TGFBR3/NRP1/ANXA1/CLEC14A/VEGFD/ANGPT1/MMRN2/CDH5/GPLD1/RSPO3/SEMA6A/ITGB1BP1/ACVRL1/CCBE1/BMPER/PARVA/FGFBP1/SEMA5A/SLIT2/CDH13/PPP1R16B/KLF4/EGR3/FLT4",39
"GO:0032970","regulation of actin filament-based process","75/1520","356/14866",0.210674157303371,2.06044869899468,6.83454562233016,7.33979171857536e-10,8.815089854009e-08,8.815089854009e-08,"ARHGAP6/EPS8/PRKN/TENM1/S1PR1/ANK2/FERMT2/SPTB/PLEKHH2/CX3CL1/KANK3/CCL24/LIMCH1/LRP1/BIN1/KANK2/SYNPO2/PRKD1/RND3/DLC1/PTGER4/RHOQ/ZEB2/GPM6B/CXCL12/SPTBN1/DAAM2/PAK3/CAV1/TMOD1/LMOD1/PROX1/RGCC/ATP1A2/ARAP3/NRP1/NEDD9/GSN/RAPGEF3/SHANK3/TACR1/CORO2B/ACTA2/PDGFA/FAM107A/SCN5A/DIXDC1/CYRIA/ARHGEF15/CTNNA3/ITGB1BP1/CCL21/MYOC/ADD3/CFL2/PIK3R1/EDN1/SYNPO/KCNJ2/PHLDB2/DMTN/PDGFRA/SEMA5A/WASF3/ESAM/SLIT2/KANK1/SFRP1/BST1/ADRB2/PLN/TAC1/FHOD3/TMOD2/SPTA1",75
"GO:1990845","adaptive thermogenesis","43/1520","156/14866",0.275641025641026,2.69584176788124,7.18571487823789,7.8964648424854e-10,9.25234563495119e-08,9.25234563495119e-08,"ZNF423/PEMT/ADAMTS5/ID1/PPARGC1A/LAMA4/ARRDC3/ADIPOQ/CAV1/SCTR/ABHD6/CD36/FABP4/EPAS1/EBF2/OXTR/PER2/TLR4/WNT10B/LEP/ELOVL3/QKI/G0S2/CIDEA/S100B/MAP2K6/PM20D1/PLCL2/LPIN1/FFAR4/HADH/ALPL/ACSL1/NPR3/ALDH1A1/ACADL/LEPR/LGR4/PRDM16/ADRB2/SCD/NOVA2/ADRB1",43
"GO:0001936","regulation of endothelial cell proliferation","36/1520","118/14866",0.305084745762712,2.98380909901873,7.30134731220847,9.20111342308747e-10,1.02137369989426e-07,1.02137369989426e-07,"TNMD/CCL24/NR4A1/KDR/FGF2/F3/PRKD1/BMP6/CCL2/NGFR/CXCL12/MIR205/CAV1/PROX1/RGCC/TEK/NRP1/MMRN2/PRKCA/LEP/TIE1/ACVRL1/EGF/PPARG/PTPRM/MEF2C/FGFBP1/STAT5A/SEMA5A/CAV2/ATOH8/CDH13/COL4A3/PPP1R16B/EGR3/FLT4",36
"GO:0042060","wound healing","74/1520","351/14866",0.210826210826211,2.06193582246214,6.79472680553224,9.22278248352047e-10,1.02137369989426e-07,1.02137369989426e-07,"AHNAK/FBLN1/FERMT2/NRG1/F8/STXBP1/KDR/FGF2/CD34/F3/CSRP1/FGF1/PLA2G4A/DST/HBB/YAP1/F10/CAV1/ADRA2A/ARHGAP24/ANGPTL2/MMRN1/IGF1/PPL/EMILIN2/CD36/ADAMTS18/ANXA1/NDNF/VWF/SERPING1/ADRA2B/SELP/ANGPT1/IL6/TLR4/PRKCA/PDGFA/F13A1/TYRO3/MYL9/PROS1/DDR2/TFPI/NPR2/HTR2A/MYLK/MCAM/ACVRL1/RASA3/ANGPT4/PPARG/ANGPTL1/DGKB/P2RY12/FZD7/SAA1/EDN1/ANGPTL4/PHLDB2/CTSG/DGKI/DMTN/PDGFRA/KANK1/SVEP1/EPB41L4B/HBEGF/ANGPTL7/PEAR1/PRRG3/THBD/C1QTNF1/ANO6",74
"GO:0007188","adenylate cyclase-modulating G protein-coupled receptor signaling pathway","53/1520","216/14866",0.24537037037037,2.39978679337232,6.99356547948362,9.35479658520973e-10,1.02137369989426e-07,1.02137369989426e-07,"NRXN1/S1PR1/ABCA1/ADM/AKAP12/PTH1R/PTGER4/CNR1/PTGER3/ADGRD1/NOS1/ADGRF5/SCTR/ADRA2A/PDE2A/CRHR2/ADCY5/AKAP6/ATP2B4/ADRA1A/DRD2/AVPR2/NPY2R/RAPGEF3/ADGRG3/ADRA2B/GPR146/ADGRL3/TACR1/GLP2R/PRKCA/CALCRL/GNAI1/PRKAR2B/RGS2/MRAP2/FFAR4/P2RY12/CALCR/GNG2/GRK5/GNAL/HCAR3/GPBAR1/ADCYAP1R1/PTGFR/PALM/MARCO/ADCY4/PDE3B/ADRB2/TAC1/ADRB1",53
"GO:0043491","phosphatidylinositol 3-kinase/protein kinase B signal transduction","60/1520","260/14866",0.230769230769231,2.25698380566802,6.900481546586,9.91600464253929e-10,1.05858858450575e-07,1.05858858450575e-07,"NRXN1/RELN/LAMA1/EGFR/FERMT2/CX3CL1/KDR/FGF2/AKR1C3/PRKD1/CX3CR1/IRS2/ADRA2A/PIK3C2G/RGCC/IGF1/SPRY2/NYAP1/TEK/DRD2/BANK1/PPARA/RAPGEF3/ADRA2B/PIP5K1B/SELP/ANGPT1/NTRK3/PDGFA/LEP/TYRO3/AKR1C2/PROS1/DDR2/MIR145/ITGB1BP1/CCL21/MYO16/PECAM1/EGF/MYOC/P2RY12/KIT/PIK3R1/CALCR/EDN1/PDGFRA/SEMA5A/TWIST1/PDGFD/HBEGF/PPP1R16B/KLF4/DAB2IP/TCF7L2/PDE3B/PEAR1/DCN/NTRK2/MSTN",60
"GO:0006937","regulation of muscle contraction","41/1520","146/14866",0.280821917808219,2.74651225666907,7.15686542781825,1.05822744719516e-09,1.10515753398381e-07,1.10515753398381e-07,"CASQ2/ANK2/MYL3/BIN1/PRKD1/TRDN/SLC8A3/KCNA1/ADGRD1/NOS1/CAV1/ADRA2A/SCN4A/GSTM2/DMD/JPH2/ADRA1A/ATP1A2/ADRA2B/MYOCD/TACR1/CLIC2/SCN5A/MYL9/MIR145/CTNNA3/RGS2/HRC/CACNA2D1/PPP1R12B/CNN1/KIT/TNNT3/EDN1/KCNJ2/SPX/ADRB2/PLN/ACE2/JPH4/EDN3",41
"GO:1901343","negative regulation of vasculature development","32/1520","98/14866",0.326530612244898,3.19355531686359,7.35240594203086,1.1766264960305e-09,1.20266248658097e-07,1.20266248658097e-07,"TNMD/KLF2/SERPINF1/ECSCR/CLDN5/KLK3/ADAMTS9/MIR205/FBLN5/FOXO4/HOXA5/RGCC/SPRY2/TEK/ATP2B4/CD36/QKI/MIR145/SEMA6A/ANGPT4/PPARG/PTPRM/ADGRB3/ADAMTS1/NPR1/COL4A3/ISM1/KLF4/DAB2IP/ANGPTL7/PDE3B/DCN",32
"GO:0033002","muscle cell proliferation","44/1520","164/14866",0.268292682926829,2.623973042362,7.05734292843988,1.28041994248117e-09,1.28148695909991e-07,1.28148695909991e-07,"RBP4/S1PR1/NRG1/CX3CL1/PPARGC1A/FGF2/EPHB1/ZFPM2/ADIPOQ/YAP1/RBPMS2/RGCC/IGF1/TGFBR3/NR4A3/MYOCD/ANGPT1/IL6/TACR1/PRKCA/DDR2/MIR145/JUN/PPARG/CNN1/PIK3R1/EDN1/MEF2C/OGN/ADAMTS1/NPR1/BMP2/CDH13/PDE1A/PDGFD/HBEGF/KLF4/CCN3/TCF7L2/ELANE/APOD/FOS/ACE2/MSTN",44
"GO:0030048","actin filament-based movement","37/1520","125/14866",0.296,2.89495789473684,7.17992302810696,1.38438315148997e-09,1.35726054280772e-07,1.35726054280772e-07,"SCN2B/CASQ2/ANK2/KCNA5/LIMCH1/BIN1/ZEB2/NOS1/CAV1/SCN11A/SCN4A/SCN3A/ATP1A2/GSN/SCN7A/KCNE1/ACTA2/MYH3/SCN3B/SCN5A/QKI/CTNNA3/SCN4B/CACNA2D1/EPDR1/SCN2A/MYO1H/CACNA1G/KCNJ2/PARVA/KCNJ8/MYO7B/ADRB2/PLN/MYH2/ACTC1/SCN9A",37
"GO:0007599","hemostasis","50/1520","201/14866",0.248756218905473,2.43290128305839,6.90242914325949,1.68874483585527e-09,1.62254603828974e-07,1.62254603828974e-07,"FBLN1/F8/STXBP1/F3/CSRP1/PLA2G4A/HBB/F10/CAV1/ADRA2A/ANGPTL2/MMRN1/EMILIN2/CD36/AVPR2/ADAMTS18/VWF/SERPING1/ADRA2B/SELP/ANGPT1/IL6/TLR4/PRKCA/PDGFA/F13A1/TYRO3/MYL9/PROS1/TFPI/HTR2A/RASA3/ANGPT4/FLI1/ANGPTL1/DGKB/P2RY12/SAA1/EDN1/ANGPTL4/CTSG/DGKI/PDGFRA/SVEP1/ANGPTL7/PEAR1/PRRG3/THBD/C1QTNF1/ANO6",50
"GO:0120161","regulation of cold-induced thermogenesis","40/1520","143/14866",0.27972027972028,2.73573794626426,7.03854207660792,1.91442253461603e-09,1.80331095221479e-07,1.80331095221479e-07,"ZNF423/PEMT/ADAMTS5/ID1/PPARGC1A/LAMA4/ARRDC3/ADIPOQ/CAV1/ABHD6/CD36/FABP4/EPAS1/EBF2/OXTR/PER2/TLR4/WNT10B/LEP/ELOVL3/QKI/G0S2/CIDEA/MAP2K6/PLCL2/LPIN1/FFAR4/HADH/ALPL/ACSL1/NPR3/ALDH1A1/ACADL/LEPR/LGR4/PRDM16/ADRB2/SCD/NOVA2/ADRB1",40
"GO:0106106","cold-induced thermogenesis","40/1520","144/14866",0.277777777777778,2.71673976608187,6.98603885821762,2.39313754343395e-09,2.2021018735955e-07,2.2021018735955e-07,"ZNF423/PEMT/ADAMTS5/ID1/PPARGC1A/LAMA4/ARRDC3/ADIPOQ/CAV1/ABHD6/CD36/FABP4/EPAS1/EBF2/OXTR/PER2/TLR4/WNT10B/LEP/ELOVL3/QKI/G0S2/CIDEA/MAP2K6/PLCL2/LPIN1/FFAR4/HADH/ALPL/ACSL1/NPR3/ALDH1A1/ACADL/LEPR/LGR4/PRDM16/ADRB2/SCD/NOVA2/ADRB1",40
"GO:0043410","positive regulation of MAPK cascade","76/1520","372/14866",0.204301075268817,1.99811827956989,6.57942652389846,2.42946293298421e-09,2.2021018735955e-07,2.2021018735955e-07,"NRXN1/EGFR/TENM1/FERMT2/NRG1/CX3CL1/AKAP12/KDR/FGF2/FGF1/GHR/NODAL/ADRA2A/AVPI1/PELI2/ALKAL2/IGF1/SPRY2/IL11RA/TEK/ADRA1A/CD36/DRD2/PDE8B/NRP1/SASH1/ADRA2B/ANGPT1/MTURN/IL6/ACKR3/NTRK3/PRKCA/ACTA2/PDGFA/LEP/SH3RF2/DDR2/HTR2A/CCL21/IL34/ITGA1/PECAM1/EGF/FFAR4/BMPER/MYOC/PLA2G5/FGF17/KIT/TLR3/IGFBP6/CALCR/FZD7/EDN1/FGF7/MEF2C/MID1/PDGFRA/CAV2/BMP2/GPBAR1/PDGFD/EDA2R/MARCO/DAB2IP/SEMA3A/FGF16/ADRB2/ELANE/EDAR/FLT4/PLA2G2A/EDN3/ADRB1/NTRK2",76
"GO:0016101","diterpenoid metabolic process","26/1520","71/14866",0.366197183098592,3.58150481838399,7.35822934630315,2.66072226182776e-09,2.36705736033714e-07,2.36705736033714e-07,"RARRES2/RBP4/ADH6/AKR1C1/LRP1/AKR1C3/ADH1B/ADH4/RDH5/PECR/ALDH1A2/CES1/LPL/ALDH1A3/LIPE/PNPLA2/ALDH1A1/DGAT2/CYP26B1/RETSAT/CYP1A1/DHRS9/ADH1A/DHRS3/ADH1C/CYP3A4",26
"GO:0050878","regulation of body fluid levels","63/1520","286/14866",0.22027972027972,2.15439363268311,6.65253039821527,2.74403771653608e-09,2.37190589009399e-07,2.37190589009399e-07,"FBLN1/ADM/F8/STXBP1/F3/CSRP1/PLA2G4A/HBB/F10/CAV1/CDO1/ADRA2A/ANGPTL2/MMRN1/ADCY5/EMILIN2/CD36/AVPR2/ADAMTS18/PPARA/VWF/SERPING1/ADRA2B/OXTR/SELP/ANGPT1/IL6/TLR4/PRKCA/PDGFA/F13A1/TYRO3/MYL9/PROS1/TFPI/HTR2A/PRKAR2B/RASA3/ANGPT4/FLI1/ANGPTL1/DGKB/P2RY12/EDNRB/NPR3/SAA1/EDN1/ANGPTL4/CTSG/DGKI/PDGFRA/STAT5A/NPR1/SVEP1/ADCY4/ANGPTL7/PEAR1/PRRG3/THBD/C1QTNF1/AQP1/AQP4/ANO6",63
"GO:0120254","olefinic compound metabolic process","39/1520","139/14866",0.280575539568345,2.74410261264672,6.97189728041007,2.76491943891057e-09,2.37190589009399e-07,2.37190589009399e-07,"CYP11A1/RBP4/PTGS2/ADM/ADH6/AKR1C1/AKR1C3/PLA2G4A/PTGIS/BMP6/ADH1B/ADH4/RDH5/GSTM2/ABHD6/ALDH1A2/CES1/ELOVL3/AKR1C2/EGR1/ALDH1A3/BMP5/LIPE/PNPLA2/CYP2U1/EDNRB/ALDH1A1/CYP46A1/DGAT2/DKK3/MGLL/BMP2/RETSAT/CYP1A1/DHRS9/ADH1A/DHRS3/ADH1C/CYP3A4",39
"GO:0016525","negative regulation of angiogenesis","31/1520","96/14866",0.322916666666667,3.15820997807018,7.15925374614671,2.8965414010544e-09,2.44122541941497e-07,2.44122541941497e-07,"TNMD/KLF2/SERPINF1/ECSCR/CLDN5/KLK3/ADAMTS9/MIR205/FBLN5/FOXO4/HOXA5/RGCC/SPRY2/TEK/ATP2B4/CD36/QKI/MIR145/SEMA6A/ANGPT4/PPARG/PTPRM/ADGRB3/ADAMTS1/NPR1/COL4A3/ISM1/KLF4/DAB2IP/PDE3B/DCN",31
"GO:0007189","adenylate cyclase-activating G protein-coupled receptor signaling pathway","39/1520","140/14866",0.278571428571429,2.72450187969925,6.918532451358,3.46024869793709e-09,2.86604047325686e-07,2.86604047325686e-07,"NRXN1/S1PR1/ABCA1/ADM/PTH1R/PTGER4/CNR1/PTGER3/ADGRD1/NOS1/ADGRF5/SCTR/ADRA2A/PDE2A/ADCY5/AKAP6/ATP2B4/ADRA1A/AVPR2/RAPGEF3/ADGRL3/TACR1/PRKCA/CALCRL/GNAI1/PRKAR2B/MRAP2/FFAR4/CALCR/GNG2/GNAL/GPBAR1/ADCYAP1R1/PTGFR/ADCY4/PDE3B/ADRB2/TAC1/ADRB1",39
"GO:0042572","retinol metabolic process","20/1520","45/14866",0.444444444444444,4.34678362573099,7.58793897110581,3.54224884183137e-09,2.88423109087422e-07,2.88423109087422e-07,"RBP4/ADH6/AKR1C3/ADH1B/ADH4/RDH5/ALDH1A2/CES1/ALDH1A3/LIPE/PNPLA2/ALDH1A1/DGAT2/RETSAT/CYP1A1/DHRS9/ADH1A/DHRS3/ADH1C/CYP3A4",20
"GO:2000146","negative regulation of cell motility","61/1520","275/14866",0.221818181818182,2.16944019138756,6.60587762858063,3.69560961729857e-09,2.95895143358372e-07,2.95895143358372e-07,"SERPINF1/MITF/MEOX2/FBLN1/CLDN5/ACVR1C/CX3CL1/LIMCH1/LRP1/MCTP1/FGF2/DLC1/PTGER4/ZEB2/CCL2/ADAMTS9/NGFR/CXCL12/MIR205/ADIPOQ/NODAL/MMRN1/RGCC/RECK/ATP2B4/TGFBR3/EMILIN2/HAS1/DRD2/SPOCK3/IL33/NEDD9/MYOCD/MMRN2/DPP4/MIR145/ITGB1BP1/CCL21/PODN/ACVRL1/BMP5/ANGPT4/CLDN19/PPARG/CD200/HOXA7/PTPRM/ATP1B2/CCL28/PHLDB2/MEF2C/SLIT2/KANK1/DUSP1/KLF4/DAB2IP/SFRP1/CCN3/APOD/CYGB/DCN",61
"GO:2000181","negative regulation of blood vessel morphogenesis","31/1520","97/14866",0.319587628865979,3.12565111231687,7.08811894387633,3.84490248092744e-09,3.02801828170089e-07,3.02801828170089e-07,"TNMD/KLF2/SERPINF1/ECSCR/CLDN5/KLK3/ADAMTS9/MIR205/FBLN5/FOXO4/HOXA5/RGCC/SPRY2/TEK/ATP2B4/CD36/QKI/MIR145/SEMA6A/ANGPT4/PPARG/PTPRM/ADGRB3/ADAMTS1/NPR1/COL4A3/ISM1/KLF4/DAB2IP/PDE3B/DCN",31
"GO:0003014","renal system process","33/1520","108/14866",0.305555555555556,2.98841374269006,6.99896096385731,4.38745019987035e-09,3.39956625164148e-07,3.39956625164148e-07,"CLCNKB/SLC5A4/PCSK5/JCHAIN/ADM/SLC5A1/KLHL3/AKR1C3/CD34/HBB/ABCG2/ADIPOQ/SCN11A/ADCY5/AVPR2/GSN/TACR1/IGHA2/KIRREL1/IGHA1/PRKAR2B/MCAM/CLDN19/EDNRB/SGK1/NPR3/EDN1/PDE1C/NPR1/ADCY4/SPX/AQP1/AQP4",33
"GO:0001523","retinoid metabolic process","25/1520","68/14866",0.367647058823529,3.59568498452012,7.2399175466006,4.88318406990449e-09,3.71941853388573e-07,3.71941853388573e-07,"RARRES2/RBP4/ADH6/AKR1C1/LRP1/AKR1C3/ADH1B/ADH4/RDH5/ALDH1A2/CES1/LPL/ALDH1A3/LIPE/PNPLA2/ALDH1A1/DGAT2/CYP26B1/RETSAT/CYP1A1/DHRS9/ADH1A/DHRS3/ADH1C/CYP3A4",25
"GO:0030336","negative regulation of cell migration","59/1520","264/14866",0.223484848484848,2.18574062998405,6.56015624645087,4.95509546562628e-09,3.71941853388573e-07,3.71941853388573e-07,"SERPINF1/MITF/MEOX2/CLDN5/ACVR1C/CX3CL1/LIMCH1/LRP1/MCTP1/FGF2/DLC1/PTGER4/ZEB2/CCL2/ADAMTS9/NGFR/CXCL12/MIR205/ADIPOQ/NODAL/MMRN1/RGCC/RECK/ATP2B4/TGFBR3/EMILIN2/HAS1/DRD2/IL33/NEDD9/MYOCD/MMRN2/DPP4/MIR145/ITGB1BP1/CCL21/PODN/ACVRL1/BMP5/ANGPT4/CLDN19/PPARG/CD200/HOXA7/PTPRM/ATP1B2/CCL28/PHLDB2/MEF2C/SLIT2/KANK1/DUSP1/KLF4/DAB2IP/SFRP1/CCN3/APOD/CYGB/DCN",59
"GO:0007596","blood coagulation","48/1520","195/14866",0.246153846153846,2.40744939271255,6.67650111107609,5.15792578901807e-09,3.75434477127921e-07,3.75434477127921e-07,"FBLN1/F8/STXBP1/F3/CSRP1/PLA2G4A/HBB/F10/CAV1/ADRA2A/ANGPTL2/MMRN1/EMILIN2/CD36/ADAMTS18/VWF/SERPING1/ADRA2B/SELP/ANGPT1/IL6/TLR4/PRKCA/PDGFA/F13A1/TYRO3/MYL9/PROS1/TFPI/HTR2A/RASA3/ANGPT4/ANGPTL1/DGKB/P2RY12/SAA1/EDN1/ANGPTL4/CTSG/DGKI/PDGFRA/SVEP1/ANGPTL7/PEAR1/PRRG3/THBD/C1QTNF1/ANO6",48
"GO:0050817","coagulation","48/1520","195/14866",0.246153846153846,2.40744939271255,6.67650111107609,5.15792578901807e-09,3.75434477127921e-07,3.75434477127921e-07,"FBLN1/F8/STXBP1/F3/CSRP1/PLA2G4A/HBB/F10/CAV1/ADRA2A/ANGPTL2/MMRN1/EMILIN2/CD36/ADAMTS18/VWF/SERPING1/ADRA2B/SELP/ANGPT1/IL6/TLR4/PRKCA/PDGFA/F13A1/TYRO3/MYL9/PROS1/TFPI/HTR2A/RASA3/ANGPT4/ANGPTL1/DGKB/P2RY12/SAA1/EDN1/ANGPTL4/CTSG/DGKI/PDGFRA/SVEP1/ANGPTL7/PEAR1/PRRG3/THBD/C1QTNF1/ANO6",48
"GO:0086002","cardiac muscle cell action potential involved in contraction","22/1520","55/14866",0.4,3.91210526315789,7.30171560408333,6.54615980183808e-09,4.69369428179554e-07,4.69369428179554e-07,"SCN2B/CASQ2/ANK2/KCNA5/BIN1/NOS1/CAV1/SCN11A/SCN4A/SCN3A/SCN7A/KCNE1/SCN3B/SCN5A/CTNNA3/SCN4B/CACNA2D1/SCN2A/CACNA1G/KCNJ2/KCNJ8/SCN9A",22
"GO:0072001","renal system development","51/1520","215/14866",0.237209302325581,2.3199694002448,6.57927667125863,6.66809173599142e-09,4.71081069113276e-07,4.71081069113276e-07,"RBP4/SERPINF1/PCSK5/OSR1/KLHL3/FGF2/CAT/CD34/KANK2/FGF1/BMP6/ADIPOQ/LRP4/PROX1/TEK/MME/PKD2/ZBTB16/NRP1/ALDH1A2/MYOCD/ANGPT1/SOX17/PTCH1/DACT2/ACTA2/PDGFA/EGR1/TBX18/KLF15/PECAM1/WNT11/HMGCS2/BMPER/EDN1/MEF2C/PDGFRA/CR1/BMP2/CYP26B1/SLIT2/PDGFD/COL4A3/POU3F3/KCNJ8/LGR4/SFRP1/SIM1/GPC3/IRX1/AQP1",51
"GO:0003073","regulation of systemic arterial blood pressure","25/1520","69/14866",0.36231884057971,3.54357360793288,7.14678486567083,6.91994801697389e-09,4.81788844544095e-07,4.81788844544095e-07,"RASL10B/RARRES2/PCSK5/ADM/AVPR1A/KLK3/KLK2/MME/ADRA1A/DRD2/AVPR2/OXTR/TACR1/EDNRB/EDN1/CTSG/PDE1C/CMA1/SPX/ADRB2/TAC1/ACE2/EDN3/ADRB1/KL",25
"GO:0086001","cardiac muscle cell action potential","27/1520","79/14866",0.341772151898734,3.34262158560959,7.04537867253728,7.56535681317881e-09,5.16603152821045e-07,5.16603152821045e-07,"SCN2B/CASQ2/ANK2/KCNA5/BIN1/NOS1/CAV1/HCN1/SCN11A/SCN4A/SCN3A/DMD/ATP1A2/SCN7A/KCNE1/SCN3B/SCN5A/TBX18/CTNNA3/SCN4B/CACNA2D1/SCN2A/KCNIP2/CACNA1G/KCNJ2/KCNJ8/SCN9A",27
"GO:0009612","response to mechanical stimulus","46/1520","185/14866",0.248648648648649,2.43184921763869,6.61354056825571,7.63505908623943e-09,5.16603152821045e-07,5.16603152821045e-07,"TXNIP/NRXN1/ANO3/KCNA5/FGF2/PTGER4/BMP6/CXCL12/KCNA1/PTN/SCN11A/PDE2A/PTPRQ/PPL/HABP4/DMD/TEK/PKD2/ATP1A2/DRD2/GSN/SHANK3/TLR4/PTCH1/TACR1/PRKCA/TMC2/DDR2/HTR2A/MEIS2/PECAM1/PKD1L2/FOSB/USP53/KIT/TLR3/EDN1/MAP1B/KCNJ2/TNFRSF8/MPO/KRT5/RCAN1/FOS/AQP1/SCN9A",46
"GO:0097305","response to alcohol","52/1520","226/14866",0.230088495575221,2.25032603632976,6.39198351944478,1.43434925105064e-08,9.57029694728789e-07,9.57029694728788e-07,"RBP4/PRKN/ABCA1/CLDN5/AVPR1A/KLF9/FGF2/CAT/AKR1C3/PRKD1/PTGER4/GRIN2B/GHR/SLC2A4/CDO1/ADRA2A/SCN11A/ADCY5/TGFBR3/CRHBP/DRD2/PPARA/CES1/GFAP/PTCH1/TACR1/NTRK3/PRKCA/LEP/TGFBR2/GPLD1/AKR1C2/GNAI1/CCL21/PENK/S100B/PTGDR2/HMGCS2/RGS2/FOSB/ACTG2/SLIT3/GNG2/CPS1/SLIT2/ADCYAP1R1/PTGFR/SFRP1/CA3/ACTC1/FOS/MSTN",52
"GO:0060537","muscle tissue development","56/1520","252/14866",0.222222222222222,2.1733918128655,6.33997379839217,1.50251514068052e-08,9.88778456962904e-07,9.88778456962904e-07,"RBP4/S1PR1/NRG1/OSR1/MYL3/FGF2/EPHB1/ZFPM2/CSRP1/SGCG/FOXP2/ADAMTS9/MYL7/YAP1/CAV1/PROX1/IGF1/DMD/AKAP6/JPH2/TGFBR3/PKD2/MYH11/MYOZ2/PPARA/MYOCD/PTCH1/SORBS2/SCN5A/MIR145/ALPK3/TBX18/NPR2/MYLK/S100B/BMP5/RGS2/CFL2/EGR2/PGM5/FZD7/MYOM1/CACNA1G/EDN1/MEF2C/PDGFRA/MSX1/CAV2/BMP2/CYP26B1/TWIST1/RCAN1/ACTC1/FHOD3/CARMN/MSTN",56
"GO:0031032","actomyosin structure organization","45/1520","183/14866",0.245901639344262,2.40498274374461,6.45383452731782,1.5981412633276e-08,1.03749603094943e-06,1.03749603094943e-06,"ARHGAP6/FRMD3/S1PR1/FERMT2/LIMCH1/CAPN3/CSRP1/PRKD1/DLC1/PTGER4/ZEB2/FLNC/SORBS1/TMOD1/LMOD1/PROX1/RGCC/MYH11/MYOZ2/NRP1/RAPGEF3/TACR1/MYH3/MYL9/ARHGEF15/ITGB1BP1/MYOM2/MYOC/CNN1/PGM5/PIK3R1/TNNT3/MYOM1/EDN1/SYNPO/PHLDB2/PDGFRA/EPB41L2/EPB41L4B/SFRP1/MYOM3/ACTC1/TAC1/FHOD3/TMOD2",45
"GO:0035150","regulation of tube size","32/1520","108/14866",0.296296296296296,2.89785575048733,6.68020846341706,1.72343373613988e-08,1.07524359330078e-06,1.07524359330078e-06,"KLF2/ADM/AVPR1A/HBB/NOS1/CAV1/ADRA2A/ITGA9/ADRA1A/AVPR2/UTS2B/ADRA2B/OXTR/PER2/TACR1/LEP/HTR2A/ITGB1BP1/ITGA1/PECAM1/RGS2/ADD3/EDNRB/EDN1/CPS1/NPR1/SVEP1/ADRB2/KAT2B/ACE2/EDN3/ADRB1",32
"GO:0035296","regulation of tube diameter","32/1520","108/14866",0.296296296296296,2.89785575048733,6.68020846341706,1.72343373613988e-08,1.07524359330078e-06,1.07524359330078e-06,"KLF2/ADM/AVPR1A/HBB/NOS1/CAV1/ADRA2A/ITGA9/ADRA1A/AVPR2/UTS2B/ADRA2B/OXTR/PER2/TACR1/LEP/HTR2A/ITGB1BP1/ITGA1/PECAM1/RGS2/ADD3/EDNRB/EDN1/CPS1/NPR1/SVEP1/ADRB2/KAT2B/ACE2/EDN3/ADRB1",32
"GO:0097746","blood vessel diameter maintenance","32/1520","108/14866",0.296296296296296,2.89785575048733,6.68020846341706,1.72343373613988e-08,1.07524359330078e-06,1.07524359330078e-06,"KLF2/ADM/AVPR1A/HBB/NOS1/CAV1/ADRA2A/ITGA9/ADRA1A/AVPR2/UTS2B/ADRA2B/OXTR/PER2/TACR1/LEP/HTR2A/ITGB1BP1/ITGA1/PECAM1/RGS2/ADD3/EDNRB/EDN1/CPS1/NPR1/SVEP1/ADRB2/KAT2B/ACE2/EDN3/ADRB1",32
"GO:0032956","regulation of actin cytoskeleton organization","65/1520","313/14866",0.207667731629393,2.03104506473852,6.22160224061985,1.8107627764564e-08,1.11524415103802e-06,1.11524415103802e-06,"ARHGAP6/EPS8/PRKN/TENM1/S1PR1/FERMT2/SPTB/PLEKHH2/CX3CL1/KANK3/CCL24/LIMCH1/LRP1/BIN1/KANK2/SYNPO2/PRKD1/RND3/DLC1/PTGER4/RHOQ/GPM6B/CXCL12/SPTBN1/DAAM2/PAK3/TMOD1/LMOD1/PROX1/RGCC/ARAP3/NRP1/NEDD9/GSN/RAPGEF3/SHANK3/TACR1/CORO2B/PDGFA/FAM107A/DIXDC1/CYRIA/ARHGEF15/ITGB1BP1/CCL21/MYOC/ADD3/CFL2/PIK3R1/EDN1/SYNPO/PHLDB2/DMTN/PDGFRA/SEMA5A/WASF3/ESAM/SLIT2/KANK1/SFRP1/BST1/TAC1/FHOD3/TMOD2/SPTA1",65
"GO:0051896","regulation of phosphatidylinositol 3-kinase/protein kinase B signal transduction","53/1520","234/14866",0.226495726495726,2.21518780926676,6.3230727265946,1.84513240448341e-08,1.122027350777e-06,1.122027350777e-06,"NRXN1/RELN/LAMA1/EGFR/FERMT2/CX3CL1/KDR/FGF2/AKR1C3/PRKD1/CX3CR1/IRS2/ADRA2A/IGF1/SPRY2/TEK/DRD2/BANK1/PPARA/RAPGEF3/ADRA2B/PIP5K1B/SELP/ANGPT1/NTRK3/PDGFA/LEP/TYRO3/AKR1C2/PROS1/DDR2/MIR145/ITGB1BP1/CCL21/PECAM1/EGF/MYOC/P2RY12/KIT/CALCR/PDGFRA/SEMA5A/TWIST1/PDGFD/HBEGF/PPP1R16B/KLF4/DAB2IP/TCF7L2/PDE3B/DCN/NTRK2/MSTN",53
"GO:0043434","response to peptide hormone","73/1520","369/14866",0.197831978319783,1.93484880901441,6.13683127737888,2.08442702758733e-08,1.25169843006619e-06,1.25169843006619e-06,"CYP11A1/KLF2/RARRES2/NR4A1/TRARG1/CAT/PID1/CRY2/PRKD1/RHOQ/SOCS2/GHR/SORBS1/CXCL12/SLC2A4/ADIPOQ/FOXO4/IRS2/CAV1/CDO1/ECHDC3/CRHR2/PCK1/ADCY5/SLC24A4/IGF1/TNS2/TGFBR3/NR4A3/TBC1D4/CRHBP/PPARA/FOXO1/GLP2R/PRKCA/LEP/GPLD1/GNAI1/EGR1/DDR2/MIR145/NPR2/KLF15/PRKAR2B/HMGCS2/LPIN1/HADH/PPARG/ALPL/MGARP/SIK2/EDNRB/PIK3R1/EDN1/MAP1B/CPEB1/STAT5A/CPS1/CAV2/KANK1/KLF11/ADCY4/KLF4/CA3/PDE3B/PLN/KAT2B/FOS/PLA2G2A/STAT5B/PDK4/KL/MSTN",73
"GO:0048659","smooth muscle cell proliferation","35/1520","126/14866",0.277777777777778,2.71673976608187,6.53084968993262,2.36012573424519e-08,1.3997585218906e-06,1.3997585218906e-06,"S1PR1/CX3CL1/PPARGC1A/FGF2/ADIPOQ/RBPMS2/RGCC/IGF1/NR4A3/MYOCD/IL6/TACR1/PRKCA/DDR2/MIR145/JUN/PPARG/CNN1/PIK3R1/EDN1/MEF2C/OGN/ADAMTS1/NPR1/BMP2/CDH13/PDE1A/PDGFD/HBEGF/KLF4/CCN3/TCF7L2/ELANE/APOD/ACE2",35
"GO:0010876","lipid localization","75/1520","386/14866",0.194300518134715,1.90031019907281,6.0482569328732,2.95366777762805e-08,1.73041707362502e-06,1.73041707362502e-06,"ACSL4/ABCG8/ABCB11/RBP4/PRKN/NMB/ABCA1/ESYT1/XKR4/PLSCR4/ANO3/AKR1C1/LRP1/ABCA6/ABCB1/PLA2G4A/CRY2/BMP6/SLCO1C1/ABCG2/ABCA5/ADIPOQ/IRS2/CAV1/CETP/THRSP/VLDLR/ATP8B4/RILP/ACACB/CD36/DRD2/FABP4/ABCD2/PPARA/RBP7/SLCO1A2/CES1/IL6/PTCH1/PLA2R1/LEP/ABCA8/MIR145/LPL/EEPD1/TTPA/CIDEA/ABCA10/ECRG4/EGF/PPARG/PNPLA2/PLA2G5/ACSL1/PLPPR4/SLC27A6/GULP1/HSD17B13/EDN1/APOLD1/APOB/SLC51B/C3/SPX/PLTP/SLC22A11/APOD/CIDEC/ABCA9/TAC1/PLA2G2A/SLC10A6/C1QTNF1/ANO6",75
"GO:0086003","cardiac muscle cell contraction","26/1520","79/14866",0.329113924050633,3.21882078614257,6.67305071416536,3.48039477293397e-08,2.01443572158733e-06,2.01443572158733e-06,"SCN2B/CASQ2/ANK2/KCNA5/BIN1/NOS1/CAV1/SCN11A/SCN4A/SCN3A/ATP1A2/GSN/SCN7A/KCNE1/SCN3B/SCN5A/CTNNA3/SCN4B/CACNA2D1/SCN2A/CACNA1G/KCNJ2/KCNJ8/ADRB2/PLN/SCN9A",26
"GO:0043534","blood vessel endothelial cell migration","32/1520","111/14866",0.288288288288288,2.81953532479848,6.49353318673569,3.56193760769158e-08,2.03708907944647e-06,2.03708907944647e-06,"MEOX2/PTGS2/ID1/NR4A1/KDR/FGF2/PRKD1/MIR205/MMRN1/RHOJ/RGCC/ATP2B4/TGFBR3/NRP1/ANXA1/CLEC14A/ANGPT1/MMRN2/PRKCA/CDH5/GPLD1/ITGB1BP1/ACVRL1/ANGPT4/PPARG/MEF2C/FGFBP1/STAT5A/SLIT2/KLF4/EGR3/EPHA2",32
"GO:0042692","muscle cell differentiation","65/1520","319/14866",0.203761755485893,1.99284359016664,6.04948144407726,3.8884895877937e-08,2.19768282114834e-06,2.19768282114834e-06,"LAMA1/SYNE1/ANK2/NRG1/ADM/ADAMTS5/AVPR1A/BIN1/CAPN3/CSRP1/PRKD1/FLNC/FOXO4/RBPMS2/NOS1/TMOD1/LMOD1/PROX1/MYMX/IGF1/DMD/AKAP6/MYH11/MYOZ2/PPARA/MYOCD/BHLHE41/SORBS2/LAMA2/MYH3/QKI/MYL9/MIR145/ALPK3/SCGB3A1/TBX18/ERVFRD-1/MYOM2/RGS2/CAMK1/EHD2/KIT/PGM5/EDNRB/TNNT3/FZD7/MYOM1/EDN1/ADGRB3/MEF2C/PDGFRA/CAV2/LAMC1/BMP2/NOTCH4/CYP26B1/PRDM16/CCN3/MYOM3/RCAN1/ACTC1/FHOD3/TMOD2/CARMN/SMYD1",65
"GO:0048660","regulation of smooth muscle cell proliferation","34/1520","123/14866",0.276422764227642,2.70348737697903,6.4021704597387,4.25980197126277e-08,2.37954519417981e-06,2.37954519417981e-06,"S1PR1/CX3CL1/PPARGC1A/FGF2/ADIPOQ/RBPMS2/RGCC/IGF1/NR4A3/MYOCD/IL6/TACR1/PRKCA/DDR2/MIR145/JUN/PPARG/CNN1/PIK3R1/EDN1/MEF2C/OGN/ADAMTS1/NPR1/BMP2/CDH13/PDE1A/PDGFD/HBEGF/KLF4/TCF7L2/ELANE/APOD/ACE2",34
"GO:0016042","lipid catabolic process","62/1520","300/14866",0.206666666666667,2.02125438596491,6.03049691653276,4.64805391588546e-08,2.56658057608204e-06,2.56658057608204e-06,"ALK/ABCB11/RARRES2/ACADS/GPIHBP1/PCCA/PLPP3/ACAA2/HSD17B11/AKR1C3/PLAAT3/PLA2G4A/HCAR2/ADIPOQ/IRS2/ADRA2A/SCARF1/LIPJ/ENPP6/ACACB/ABHD6/PLCH2/AADAC/FABP4/ABCD2/PPARA/CYP39A1/CES1/LEP/GPLD1/LPL/CIDEA/PLD1/LIPE/LPIN1/ENDOU/NUDT7/HADH/PNPLA2/PLA2G5/ADHFE1/CYP46A1/ECHDC1/HSD11B1/CPS1/MGLL/HCAR3/CYP26B1/TWIST1/ACADL/STS/ENPP2/CYP1A1/PDE3B/PLPP1/CIDEC/EHHADH/PLIN1/AKR1D1/PLA2G2A/PLCXD3/CYP3A4",62
"GO:0001822","kidney development","48/1520","209/14866",0.229665071770335,2.24618484009066,6.12296466746892,5.44367361245661e-08,2.971750912982e-06,2.971750912982e-06,"SERPINF1/PCSK5/OSR1/KLHL3/FGF2/CAT/CD34/KANK2/FGF1/BMP6/ADIPOQ/LRP4/PROX1/TEK/MME/PKD2/ZBTB16/NRP1/ALDH1A2/ANGPT1/SOX17/PTCH1/DACT2/ACTA2/PDGFA/EGR1/KLF15/PECAM1/WNT11/HMGCS2/BMPER/EDN1/MEF2C/PDGFRA/CR1/BMP2/CYP26B1/SLIT2/PDGFD/COL4A3/POU3F3/KCNJ8/LGR4/SFRP1/SIM1/GPC3/IRX1/AQP1",48
"GO:1905952","regulation of lipid localization","35/1520","130/14866",0.269230769230769,2.63314777327935,6.31155023640877,5.60088194172883e-08,3.02321762337812e-06,3.02321762337812e-06,"ACSL4/PRKN/NMB/ABCA1/LRP1/CRY2/BMP6/ABCA5/ADIPOQ/IRS2/CAV1/CETP/ACACB/CD36/PPARA/CES1/IL6/PTCH1/PLA2R1/LEP/ABCA8/MIR145/LPL/EEPD1/ECRG4/EGF/PPARG/PNPLA2/ACSL1/EDN1/APOB/C3/PLTP/TAC1/C1QTNF1",35
"GO:0086009","membrane repolarization","19/1520","47/14866",0.404255319148936,3.95372340425532,6.84444116512667,5.73843144030397e-08,3.06304718213559e-06,3.06304718213559e-06,"SCN2B/CASQ2/ANK2/KCNA5/KCNA1/NOS1/CAV1/SLC24A4/AKAP6/ATP1A2/KCNE1/SCN5A/SCN4B/CACNA2D1/ATP1B2/KCNIP2/KCNJ2/KCNJ8/KCNIP1",19
"GO:0002027","regulation of heart rate","27/1520","86/14866",0.313953488372093,3.07054773561811,6.49869188140758,5.85793421716288e-08,3.09247428343412e-06,3.09247428343412e-06,"SCN2B/CASQ2/ANK2/ADM/KCNA5/AVPR1A/BIN1/CAV1/HCN1/DMD/DRD2/KCNE1/SCN3B/SCN5A/CTNNA3/SCN4B/HRC/CACNA2D1/EDNRB/CACNA1G/EDN1/KCNJ2/SPX/PLN/TAC1/EDN3/ADRB1",27
"GO:0006641","triglyceride metabolic process","25/1520","76/14866",0.328947368421053,3.21719182825485,6.5396524583836,6.43298862207299e-08,3.35913884135203e-06,3.35913884135203e-06,"AGPAT2/GPIHBP1/PLAAT3/AGMO/GPAT3/CAV1/GPAM/CETP/THRSP/PCK1/AADAC/FABP4/GPLD1/LPL/LIPE/LPIN1/PNPLA2/ACSL1/DGAT2/APOB/CPS1/MGLL/C3/CIDEC/PLIN1",25
"GO:0008207","C21-steroid hormone metabolic process","14/1520","27/14866",0.518518518518518,5.07124756335283,7.14555171625077,7.14736451096462e-08,3.68739835327242e-06,3.68739835327242e-06,"CYP11A1/ADM/AKR1C1/AKR1C3/BMP6/AKR1C2/EGR1/BMP5/EDNRB/CYP46A1/DKK3/BMP2/DHRS9/AKR1D1",14
"GO:0055074","calcium ion homeostasis","41/1520","167/14866",0.245508982035928,2.40114245193823,6.14504860970209,7.21514248975037e-08,3.68739835327242e-06,3.68739835327242e-06,"CASQ2/CCL14/ANK2/C19orf12/MICU3/CCL23/SV2B/ATP13A4/PTH1R/TRDN/CNR1/SLC8A3/CXCL12/SLC25A27/CCL13/CDH23/CAV1/BOK/SLC24A4/RYR3/JPH2/ATP2B4/DRD2/ATP13A5/CDH5/HTR2A/RGN/TRPC1/HRC/CALB2/ALPL/TRPC6/EDN1/DMTN/CAV2/ABCC6/ELANE/PLN/NT5E/EDN3/TMEM178A",41
"GO:0006638","neutral lipid metabolic process","29/1520","98/14866",0.295918367346939,2.89415950590763,6.34888461636891,8.23323608926025e-08,4.03603316135728e-06,4.03603316135728e-06,"AGPAT2/GPIHBP1/PLAAT3/PLA2G4A/AGMO/GPAT3/CAV1/GPAM/CETP/THRSP/PCK1/ABHD6/AADAC/FABP4/GPLD1/LPL/LIPE/LPIN1/PNPLA2/DGKB/ACSL1/DGAT2/DGKI/APOB/CPS1/MGLL/C3/CIDEC/PLIN1",29
"GO:0006639","acylglycerol metabolic process","29/1520","98/14866",0.295918367346939,2.89415950590763,6.34888461636891,8.23323608926025e-08,4.03603316135728e-06,4.03603316135728e-06,"AGPAT2/GPIHBP1/PLAAT3/PLA2G4A/AGMO/GPAT3/CAV1/GPAM/CETP/THRSP/PCK1/ABHD6/AADAC/FABP4/GPLD1/LPL/LIPE/LPIN1/PNPLA2/DGKB/ACSL1/DGAT2/DGKI/APOB/CPS1/MGLL/C3/CIDEC/PLIN1",29
"GO:0051384","response to glucocorticoid","29/1520","98/14866",0.295918367346939,2.89415950590763,6.34888461636891,8.23323608926025e-08,4.03603316135728e-06,4.03603316135728e-06,"SERPINF1/PRKN/AVPR1A/KLF9/ZFP36/BMP6/GHR/CDO1/PCK1/ANXA1/IL6/NTRK3/PRKCA/FAM107A/S100B/HMGCS2/FOSB/ALPL/CALCR/SLIT3/EDN1/CPS1/SLIT2/DUSP1/NR3C1/ZFP36L2/FOS/AQP1/MSTN",29
"GO:0060326","cell chemotaxis","56/1520","264/14866",0.212121212121212,2.07460127591707,5.94527343871672,8.23337322674882e-08,4.03603316135728e-06,4.03603316135728e-06,"RARRES2/CCL14/CX3CL1/CCL24/NR4A1/KDR/FGF2/EPHB1/CCL23/FGF1/PRKD1/CX3CR1/JAM3/CCL2/CXCL12/CCL13/PTN/MET/ACKR4/NRP1/ANXA1/NEDD9/CCL16/VEGFD/IL6/ACKR3/DPP4/CCL21/CXCR2/IL34/ITGA1/CXCL2/KIT/EDNRB/CCL28/SAA1/EDN1/PARVA/CTSG/PDGFRA/SEMA5A/SLIT2/CXCL3/DUSP1/PDGFD/HBEGF/C3/CH25H/FGF16/CCN3/BST1/EGR3/EDN3/EPHA2/ANO6/MSTN",56
"GO:0015850","organic hydroxy compound transport","49/1520","219/14866",0.223744292237443,2.1882780581591,5.97853099273943,9.46118199160486e-08,4.59106245329997e-06,4.59106245329997e-06,"ABCG8/ABCB11/RBP4/PRKN/NMB/ABCA1/AKR1C1/SLC5A1/LRP1/SLC16A7/BMP6/GPM6B/SLCO1C1/CXCL12/ABCA5/ADIPOQ/NOS1/CAV1/CETP/ADRA2A/RILP/KCNB1/CD36/SLC22A3/DRD2/ADRA2B/SLCO1A2/CES1/PTCH1/ABCA8/MIR145/HTR2A/EEPD1/ECRG4/EGF/PPARG/KCNA2/SLC6A2/AQP7/SLC19A3/APOB/SLC51B/SLC29A4/PLTP/TAC1/SLC10A6/C1QTNF1/AQP1/SNCA",49
"GO:0006721","terpenoid metabolic process","27/1520","88/14866",0.306818181818182,3.00076255980861,6.35269123252028,1.00050778023043e-07,4.80643937622697e-06,4.80643937622697e-06,"RARRES2/RBP4/ADH6/AKR1C1/LRP1/AKR1C3/ADH1B/ADH4/RDH5/PECR/ALDH1A2/CES1/LPL/ALDH1A3/HMGCS2/LIPE/PNPLA2/ALDH1A1/DGAT2/CYP26B1/RETSAT/CYP1A1/DHRS9/ADH1A/DHRS3/ADH1C/CYP3A4",27
"GO:0070374","positive regulation of ERK1 and ERK2 cascade","39/1520","157/14866",0.248407643312102,2.42949212202481,6.0767127714903,1.06876138226882e-07,5.08349473308854e-06,5.08349473308854e-06,"NRXN1/EGFR/FERMT2/NRG1/CX3CL1/AKAP12/KDR/FGF2/FGF1/NODAL/ALKAL2/IGF1/SPRY2/TEK/ADRA1A/CD36/DRD2/PDE8B/NRP1/ANGPT1/MTURN/ACKR3/PRKCA/ACTA2/PDGFA/DDR2/HTR2A/CCL21/FFAR4/BMPER/PLA2G5/CALCR/PDGFRA/BMP2/GPBAR1/PDGFD/MARCO/FLT4/PLA2G2A",39
"GO:0006066","alcohol metabolic process","59/1520","287/14866",0.205574912891986,2.01057674674491,5.83411615925486,1.18984288046614e-07,5.60392666446996e-06,5.60392666446996e-06,"CYP11A1/RBP4/ABCA1/ADH6/AKR1C1/PLPP3/ACAA2/AKR1C3/ALDH2/FGF1/PLA2G4A/PTH1R/BMP6/ABCA5/CETP/ADH1B/SCARF1/ADH4/RDH5/VLDLR/PCK1/IGF1/PECR/ALDH1A2/CYP39A1/GPR146/CES1/LEP/SULT1C4/QKI/AKR1C2/GNAI1/ACSS2/ALDH1A3/BMP5/HMGCS2/LIPE/CUBN/PNPLA2/EDNRB/ALDH1A1/CYP46A1/DGAT2/DKK3/APOB/BMP2/ACADL/ADCYAP1R1/CH25H/RETSAT/CYP1A1/DHRS9/PLPP1/ADH1A/AKR1D1/DHRS3/ADH1C/SNCA/CYP3A4",59
"GO:0006941","striated muscle contraction","47/1520","208/14866",0.225961538461538,2.2099633097166,5.93055312343714,1.25895406968928e-07,5.81752778170746e-06,5.81752778170746e-06,"SCN2B/CASQ2/ANK2/MYL3/KCNA5/BIN1/PRKD1/TRDN/SLC8A3/ADGRD1/NOS1/CAV1/SCN11A/SYNM/SCN4A/SCN3A/GSTM2/DMD/RYR3/JPH2/ADRA1A/ATP1A2/STAC2/GSN/SCN7A/KCNE1/CLIC2/MYH3/SCN3B/SCN5A/CTNNA3/RGS2/SCN4B/HRC/CACNA2D1/SCN2A/TNNT3/CACNA1G/KCNJ2/KCNJ8/CA3/ADRB2/PLN/ACTC1/ACE2/JPH4/SCN9A",47
"GO:0007507","heart development","73/1520","385/14866",0.18961038961039,1.85443950786056,5.73246088019139,1.25941484033634e-07,5.81752778170746e-06,5.81752778170746e-06,"RBP4/EGFR/S1PR1/PCSK5/ANK2/NRG1/CLDN5/OSR1/MYL3/ADAMTS5/KDR/FGF2/ZFPM2/SGCG/SPRY1/DLC1/POU6F1/BMP6/ADAMTS9/DUSP6/MYL7/YAP1/PDE2A/PROX1/IGF1/ACACB/TEK/AKAP6/JPH2/TGFBR3/PKD2/CCM2L/MYH11/NPY2R/NRP1/PPARA/MYOCD/PLXNA4/PDLIM4/SOX17/NTRK3/SORBS2/SCN5A/TGFBR2/FLRT2/MIR145/ALPK3/TBX18/TIE1/ACVRL1/WNT11/BMP5/PDLIM3/RGS2/FZD7/SLIT3/CACNA1G/EDN1/MEF2C/PARVA/PDGFRA/MSX1/BMP2/LDB3/TWIST1/SLIT2/HSPB7/ACTC1/KAT2B/GPC3/FHOD3/CARMN/SMYD1",73
"GO:0006942","regulation of striated muscle contraction","27/1520","89/14866",0.303370786516854,2.96704612655234,6.28123585712768,1.2977979201232e-07,5.93706855398417e-06,5.93706855398417e-06,"CASQ2/ANK2/MYL3/BIN1/PRKD1/TRDN/SLC8A3/ADGRD1/NOS1/CAV1/SCN4A/GSTM2/DMD/JPH2/ADRA1A/ATP1A2/CLIC2/SCN5A/CTNNA3/RGS2/HRC/TNNT3/KCNJ2/ADRB2/PLN/ACE2/JPH4",27
"GO:0007610","behavior","66/1520","336/14866",0.196428571428571,1.92112312030075,5.76345896397967,1.31001096320217e-07,5.93706855398417e-06,5.93706855398417e-06,"NRXN1/RELN/SERPINF1/EGFR/PRKN/DMRT3/PRNP/CLDN5/AVPR1A/FGF2/GRIN2B/CX3CR1/FOXP2/SLC8A3/CXCL12/SLC2A4/PTN/NLGN4X/HCN1/SCN11A/VLDLR/SLC24A4/SCN3A/MME/NR4A3/CRHBP/ATP1A2/DRD2/NPY2R/NEDD9/PPARA/RAPGEF3/NTF4/PTPRZ1/SHANK3/TACR1/PRKCA/LEP/GNAI1/EGR1/ACSS2/HTR2A/PENK/S100B/FOSB/MRAP2/KIT/SCN2A/EDNRB/KCNA2/ATP1B2/MEF2C/NLGN1/NR3C1/PTCHD1/LEPR/ARC/PLN/KAT2B/FOS/TAC1/ACE2/EIF4EBP2/ADRB1/SNCA/NTRK2",66
"GO:0050920","regulation of chemotaxis","42/1520","177/14866",0.23728813559322,2.3207404103479,5.96536022678323,1.39925977067601e-07,6.28228405451172e-06,6.28228405451172e-06,"RARRES2/S1PR1/KDR/FGF2/F3/FGF1/PRKD1/CX3CR1/JAM3/CCL2/CXCL12/ADGRA2/PTN/MET/ROBO3/MYCBP2/NRP1/NEDD9/VEGFD/PLXNA4/IL6/NTRK3/DPP4/CCL21/CXCR2/IL34/P2RY12/EDN1/PDGFRA/SEMA5A/SLIT2/CDH13/DUSP1/PDGFD/FGF16/CCN3/BST1/ELANE/NOVA2/EDN3/ANO6/MSTN",42
"GO:0090066","regulation of anatomical structure size","73/1520","387/14866",0.188630490956072,1.84485584115327,5.68325967555208,1.55934645754981e-07,6.93620405747156e-06,6.93620405747156e-06,"KLF2/EPS8/TENM1/ADM/SPTB/PLEKHH2/KANK3/CCL24/AVPR1A/BIN1/KANK2/PRKD1/GPRC5B/HBB/CXCL12/SPTBN1/DAAM2/NOS1/PAK3/CAV1/SCTR/TMOD1/ADRA2A/LMOD1/ITGA9/ADRA1A/VIM/SEMA3G/AVPR2/NRP1/GSN/UTS2B/ADRA2B/OXTR/PLXNA4/PER2/SHANK3/TACR1/LEP/CYRIA/HTR2A/ITGB1BP1/CCL21/ITGA1/PECAM1/RGS2/RGMA/ADD3/CFL2/ISLR2/EDNRB/EDN1/MAP1B/DMTN/CPS1/SEMA5A/NPR1/ESAM/SLIT2/KANK1/SVEP1/SEMA3A/ADRB2/KAT2B/ACE2/AQP1/EDN3/TMOD2/SPTA1/AQP4/ANO6/SEMA6D/ADRB1",73
"GO:0051897","positive regulation of phosphatidylinositol 3-kinase/protein kinase B signal transduction","41/1520","172/14866",0.238372093023256,2.33134179926561,5.92669343805198,1.72106595913225e-07,7.58532189694618e-06,7.58532189694618e-06,"NRXN1/RELN/LAMA1/EGFR/FERMT2/CX3CL1/KDR/FGF2/AKR1C3/PRKD1/CX3CR1/IRS2/ADRA2A/IGF1/SPRY2/TEK/ADRA2B/SELP/ANGPT1/NTRK3/PDGFA/LEP/TYRO3/AKR1C2/PROS1/DDR2/ITGB1BP1/CCL21/PECAM1/EGF/MYOC/P2RY12/KIT/CALCR/PDGFRA/SEMA5A/PDGFD/HBEGF/TCF7L2/DCN/NTRK2",41
"GO:0010596","negative regulation of endothelial cell migration","19/1520","50/14866",0.38,3.7165,6.49318710276746,1.85239898801066e-07,8.08993158036657e-06,8.08993158036657e-06,"SERPINF1/MEOX2/FGF2/ADAMTS9/MIR205/MMRN1/RGCC/ATP2B4/MMRN2/ITGB1BP1/ACVRL1/ANGPT4/PPARG/PTPRM/MEF2C/SLIT2/KLF4/DAB2IP/DCN",19
"GO:0006874","intracellular calcium ion homeostasis","37/1520","148/14866",0.25,2.44506578947368,5.96242279449812,1.89103527567594e-07,8.18426438229479e-06,8.18426438229479e-06,"CASQ2/CCL14/ANK2/C19orf12/MICU3/CCL23/SV2B/ATP13A4/PTH1R/TRDN/CNR1/SLC8A3/CXCL12/SLC25A27/CCL13/CDH23/CAV1/BOK/SLC24A4/RYR3/ATP2B4/DRD2/ATP13A5/CDH5/HTR2A/RGN/TRPC1/HRC/CALB2/TRPC6/EDN1/DMTN/CAV2/ELANE/PLN/EDN3/TMEM178A",37
"GO:0034329","cell junction assembly","82/1520","455/14866",0.18021978021978,1.7625968768074,5.57548115215032,2.07612850061991e-07,8.90510831873039e-06,8.90510831873038e-06,"ARHGAP6/NRXN1/RELN/ANK2/FERMT2/CLDN5/LIMCH1/KDR/EPHB1/ADGRL2/DST/DLC1/GPM6B/JAM3/SORBS1/CBLN1/SLITRK2/NEGR1/LRP4/SLITRK3/CAV1/MARK1/CCDC141/NLGN4X/LRRTM2/VLDLR/FZD5/ZDHHC2/FRMPD2/CDH8/TEK/THSD1/CRTAC1/CDH12/MYCBP2/CDH22/ST8SIA2/GABRA2/DRD2/NRP1/TSPAN11/IL1RAPL2/ADGRL3/CDH20/PLXNA4/SHANK3/NTRK3/PRKCA/CORO2B/FAM107A/CDH5/EGFLAM/ARHGEF15/TLN2/ITGB1BP1/CLDN11/ACVRL1/PECAM1/CLDN19/LAMA3/MYOC/CBLN4/MAP1B/PHLDB2/MEF2C/NLGN1/COL17A1/DMTN/NECTIN3/LAMC1/ESAM/GPBAR1/CDH13/MPDZ/SFRP1/APOD/LRFN5/PCDHB4/ACE2/GABRE/EPHA2/SNCA",82
"GO:0030239","myofibril assembly","21/1520","60/14866",0.35,3.42309210526316,6.34680807726522,2.18958562205285e-07,9.30864542331141e-06,9.30864542331141e-06,"CAPN3/CSRP1/PRKD1/FLNC/TMOD1/LMOD1/PROX1/MYH11/MYOZ2/MYH3/MYL9/MYOM2/PGM5/TNNT3/MYOM1/EDN1/PDGFRA/MYOM3/ACTC1/FHOD3/TMOD2",21
"GO:0071375","cellular response to peptide hormone stimulus","58/1520","286/14866",0.202797202797203,1.98341001104159,5.66718735026087,2.46940920493056e-07,1.04061770355144e-05,1.04061770355144e-05,"CYP11A1/KLF2/RARRES2/NR4A1/TRARG1/PID1/PRKD1/RHOQ/SOCS2/GHR/SORBS1/SLC2A4/ADIPOQ/FOXO4/IRS2/CAV1/ECHDC3/CRHR2/PCK1/ADCY5/IGF1/TNS2/NR4A3/TBC1D4/CRHBP/FOXO1/GLP2R/PRKCA/LEP/GPLD1/DDR2/MIR145/KLF15/PRKAR2B/HMGCS2/LPIN1/PPARG/MGARP/SIK2/PIK3R1/EDN1/MAP1B/CPEB1/STAT5A/CPS1/CAV2/KANK1/KLF11/ADCY4/KLF4/CA3/PDE3B/KAT2B/FOS/PLA2G2A/STAT5B/PDK4/MSTN",58
"GO:0006869","lipid transport","70/1520","370/14866",0.189189189189189,1.850320056899,5.58969209212475,2.49353721516761e-07,1.04164806797089e-05,1.04164806797089e-05,"ACSL4/ABCG8/ABCB11/RBP4/PRKN/NMB/ABCA1/ESYT1/XKR4/PLSCR4/ANO3/AKR1C1/LRP1/ABCA6/ABCB1/PLA2G4A/CRY2/BMP6/SLCO1C1/ABCG2/ABCA5/ADIPOQ/IRS2/CAV1/CETP/THRSP/VLDLR/ATP8B4/RILP/CD36/DRD2/FABP4/ABCD2/PPARA/RBP7/SLCO1A2/CES1/PTCH1/PLA2R1/LEP/ABCA8/MIR145/EEPD1/TTPA/CIDEA/ABCA10/ECRG4/EGF/PPARG/PLA2G5/ACSL1/PLPPR4/SLC27A6/GULP1/HSD17B13/EDN1/APOLD1/APOB/SLC51B/SPX/PLTP/SLC22A11/APOD/CIDEC/ABCA9/TAC1/PLA2G2A/SLC10A6/C1QTNF1/ANO6",70
"GO:0045833","negative regulation of lipid metabolic process","25/1520","81/14866",0.308641975308642,3.01859974009097,6.14767285202406,2.60248141842139e-07,1.07778627018072e-05,1.07778627018072e-05,"ALK/AKR1C3/CCDC3/HCAR2/ADRA2A/PROX1/ACACB/PDGFA/GPLD1/CIDEA/BMP5/LPIN1/ENDOU/ASXL3/ANGPTL4/DGAT2/DKK3/BMP2/HCAR3/ACADL/CH25H/PDE3B/APOD/CIDEC/PLIN1",25
"GO:0050994","regulation of lipid catabolic process","19/1520","51/14866",0.372549019607843,3.64362745098039,6.38209410268212,2.67087303094778e-07,1.09665590091223e-05,1.09665590091223e-05,"ALK/ABCB11/RARRES2/HCAR2/IRS2/ADRA2A/ACACB/AADAC/ABCD2/PPARA/GPLD1/CIDEA/ENDOU/PNPLA2/HCAR3/TWIST1/PDE3B/CIDEC/PLIN1",19
"GO:0055001","muscle cell development","33/1520","126/14866",0.261904761904762,2.56149749373434,5.94027448089014,2.69473665651277e-07,1.09707753371927e-05,1.09707753371927e-05,"ANK2/ADM/BIN1/CAPN3/CSRP1/PRKD1/FLNC/TMOD1/LMOD1/PROX1/IGF1/DMD/AKAP6/MYH11/MYOZ2/PPARA/SORBS2/MYH3/MYL9/ALPK3/TBX18/MYOM2/RGS2/PGM5/TNNT3/MYOM1/EDN1/PDGFRA/CAV2/MYOM3/ACTC1/FHOD3/TMOD2",33
"GO:0003044","regulation of systemic arterial blood pressure mediated by a chemical signal","17/1520","42/14866",0.404761904761905,3.95867794486216,6.47990034492807,2.80582010109195e-07,1.13270250131477e-05,1.13270250131477e-05,"RASL10B/PCSK5/AVPR1A/MME/ADRA1A/AVPR2/OXTR/TACR1/EDNRB/EDN1/CTSG/PDE1C/CMA1/ADRB2/ACE2/EDN3/ADRB1",17
"GO:0019722","calcium-mediated signaling","45/1520","201/14866",0.223880597014925,2.18961115475255,5.73047620292764,3.07366226229761e-07,1.23048945900648e-05,1.23048945900648e-05,"CASQ2/PRNP/ANK2/AVPR1A/MCTP1/NMUR1/PRKD1/TRDN/GRIN2B/CX3CR1/NOS1/GRIK1/SLC24A4/IGF1/GSTM2/DMD/AKAP6/RYR3/JPH2/ATP2B4/ACKR4/PKD2/ATP1A2/MYOZ2/NR5A2/SELE/ACKR3/CLIC2/CXCR2/RGN/NFAT5/PTGDR2/HRC/P2RY12/EDNRB/CALCR/EDN1/PDGFRA/NCALD/CDH13/HAP1/BST1/RCAN1/RCAN2/JPH4",45
"GO:1901654","response to ketone","42/1520","182/14866",0.230769230769231,2.25698380566802,5.7580028971422,3.17029039341552e-07,1.25868388842712e-05,1.25868388842712e-05,"TXNIP/SERPINF1/PRKN/AVPR1A/KLF9/FGF2/AKR1C3/PRKD1/PTGER4/GHR/SOX10/YAP1/CAV1/SCN11A/PCK1/HOXA10/ADCY5/TGFBR3/HOXA9/TACR1/NTRK3/PRKCA/AKR1C2/GNAI1/CCL21/PTGDR2/HMGCS2/FOSB/SLIT3/EDN1/GNG2/CPS1/SLIT2/DUSP1/NR3C1/PTGFR/CYP1A1/SFRP1/PLN/FOS/AQP1/MSTN",42
"GO:0050679","positive regulation of epithelial cell proliferation","36/1520","146/14866",0.246575342465753,2.41157173756309,5.78434472983192,3.97093508483183e-07,1.56363706127312e-05,1.56363706127312e-05,"EGFR/OSR1/CCL24/NR4A1/KDR/FGF2/F3/PRKD1/BMP6/CXCL12/NODAL/YAP1/PTN/PROX1/IGF1/TEK/NR4A3/NRP1/TACR1/PRKCA/SCN5A/ACVRL1/BMP5/EGF/FZD7/FGF7/FGFBP1/STAT5A/SEMA5A/LAMC1/GPBAR1/CDH13/PPP1R16B/TCF7L2/EGR3/FLT4",36
"GO:0110053","regulation of actin filament organization","50/1520","236/14866",0.211864406779661,2.07208965209634,5.60265181051122,4.18647359057634e-07,1.63510724627063e-05,1.63510724627063e-05,"ARHGAP6/EPS8/PRKN/TENM1/S1PR1/FERMT2/SPTB/PLEKHH2/CX3CL1/KANK3/CCL24/LIMCH1/BIN1/KANK2/SYNPO2/DLC1/PTGER4/CXCL12/SPTBN1/DAAM2/PAK3/TMOD1/LMOD1/RGCC/NRP1/GSN/RAPGEF3/SHANK3/TACR1/CYRIA/ARHGEF15/ITGB1BP1/CCL21/MYOC/ADD3/CFL2/PIK3R1/SYNPO/PHLDB2/DMTN/SEMA5A/WASF3/ESAM/SLIT2/KANK1/SFRP1/TAC1/FHOD3/TMOD2/SPTA1",50
"GO:0048545","response to steroid hormone","56/1520","277/14866",0.202166064981949,1.97723731711951,5.54058798129912,4.41052098236287e-07,1.6948118595881e-05,1.6948118595881e-05,"TXNIP/SERPINF1/PRKN/AVPR1A/KLF9/AKR1C3/LMO3/KANK2/CRY2/ZFP36/BMP6/GHR/CALCOCO1/TP63/SOX10/NODAL/YAP1/CAV1/CDO1/PCK1/NR4A3/ATP1A2/ANXA1/PPARA/IL6/TACR1/NTRK3/PRKCA/FAM107A/TFPI/RHOXF1/S100B/JUN/ZNF366/HMGCS2/FOSB/ALPL/MGARP/CALCR/SLIT3/EDN1/NR3C2/CPS1/SLIT2/DUSP1/NR3C1/PER1/RXRG/ZFP36L2/SFRP1/TCF7L2/PLPP1/FOS/AQP1/ESR2/MSTN",56
"GO:0010927","cellular component assembly involved in morphogenesis","27/1520","94/14866",0.287234042553192,2.80922452407615,5.93834511736087,4.44517681740427e-07,1.6948118595881e-05,1.6948118595881e-05,"ANK2/CAPN3/CSRP1/PRKD1/FLNC/TMOD1/CCDC136/CCDC38/LMOD1/PROX1/MYH11/MYOZ2/RFX2/MYH3/MYL9/MYOM2/TPPP/PGM5/TNNT3/MYOM1/EDN1/PDGFRA/PLN/MYOM3/ACTC1/FHOD3/TMOD2",27
"GO:0032989","cellular anatomical entity morphogenesis","27/1520","94/14866",0.287234042553192,2.80922452407615,5.93834511736087,4.44517681740427e-07,1.6948118595881e-05,1.6948118595881e-05,"ANK2/CAPN3/CSRP1/PRKD1/FLNC/TMOD1/CCDC136/CCDC38/LMOD1/PROX1/MYH11/MYOZ2/RFX2/MYH3/MYL9/MYOM2/TPPP/PGM5/TNNT3/MYOM1/EDN1/PDGFRA/PLN/MYOM3/ACTC1/FHOD3/TMOD2",27
"GO:0007517","muscle organ development","47/1520","217/14866",0.216589861751152,2.11830584525831,5.60034991305151,4.73016798302621e-07,1.78926984176834e-05,1.78926984176834e-05,"ITGA7/KY/S1PR1/NRG1/MYL3/SGCB/CAPN3/EPHB1/ZFPM2/SGCG/POU6F1/FOXP2/FHL1/FOXO4/CAV1/SCN11A/PROX1/MYMX/IGF1/DMD/JPH2/TGFBR3/MYOZ2/UTRN/MYOCD/DES/LAMA2/MYH3/PAX3/MIR145/MYLK/S100B/CFL2/TAGLN/EGR2/MYOM1/MEF2C/CAV2/BMP2/SGCA/CYP26B1/TWIST1/HBEGF/EGR3/RCAN1/ACTC1/MSTN",47
"GO:0006939","smooth muscle contraction","23/1520","73/14866",0.315068493150685,3.08145277577505,6.01628711556308,5.16028592545836e-07,1.93671981139859e-05,1.93671981139859e-05,"NMUR1/PTGER3/CAV1/ADRA2A/SCN11A/ATP2B4/ADRA1A/MYH11/DRD2/ADRA2B/MYOCD/TACR1/MIR145/HTR2A/MYLK/RGS2/CNN1/KIT/EDNRB/EDN1/SPX/ADRB2/EDN3",23
"GO:0002042","cell migration involved in sprouting angiogenesis","20/1520","58/14866",0.344827586206897,3.37250453720508,6.10944185733766,5.59198775704767e-07,2.08167472313212e-05,2.08167472313212e-05,"MEOX2/PTGS2/NR4A1/KDR/FGF2/MIR205/MMRN1/RHOJ/TGFBR3/NRP1/ANXA1/CLEC14A/MMRN2/CDH5/GPLD1/ITGB1BP1/FGFBP1/SLIT2/KLF4/EGR3",20
"GO:1905954","positive regulation of lipid localization","25/1520","84/14866",0.297619047619048,2.91079260651629,5.92673196377432,5.63317472954155e-07,2.08167472313212e-05,2.08167472313212e-05,"NMB/ABCA1/LRP1/BMP6/ABCA5/ADIPOQ/CAV1/CETP/ACACB/CD36/CES1/PTCH1/PLA2R1/ABCA8/LPL/EEPD1/ECRG4/PPARG/ACSL1/EDN1/APOB/C3/PLTP/TAC1/C1QTNF1",25
"GO:0042573","retinoic acid metabolic process","12/1520","23/14866",0.521739130434783,5.10274599542334,6.64517457905054,5.76997373948539e-07,2.11595067515174e-05,2.11595067515174e-05,"ADH6/AKR1C3/ADH1B/ALDH1A2/ALDH1A3/ALDH1A1/CYP26B1/CYP1A1/DHRS9/ADH1A/ADH1C/CYP3A4",12
"GO:0014706","striated muscle tissue development","49/1520","232/14866",0.211206896551724,2.06565902903811,5.52089422473646,6.00507008138906e-07,2.18548156598432e-05,2.18548156598432e-05,"RBP4/S1PR1/NRG1/MYL3/FGF2/EPHB1/ZFPM2/SGCG/FOXP2/ADAMTS9/MYL7/YAP1/CAV1/PROX1/IGF1/DMD/AKAP6/JPH2/TGFBR3/MYH11/MYOZ2/PPARA/MYOCD/SORBS2/SCN5A/ALPK3/TBX18/S100B/BMP5/RGS2/CFL2/EGR2/PGM5/FZD7/MYOM1/CACNA1G/EDN1/MEF2C/PDGFRA/MSX1/CAV2/BMP2/CYP26B1/TWIST1/RCAN1/ACTC1/FHOD3/CARMN/MSTN",49
"GO:0060322","head development","85/1520","489/14866",0.173824130879346,1.70004574319234,5.31221205183735,6.13348194053332e-07,2.21543212348286e-05,2.21543212348286e-05,"NRXN1/RELN/NRG1/CLDN5/FZD4/PLP1/AVPR1A/BRINP1/EPHB1/PCDH9/DLC1/POU6F1/GRIN2B/LMX1A/FEZ1/CX3CR1/FOXP2/SLC8A3/CXCL12/CBLN1/FAT4/KCNA1/CCDC141/NLGN4X/PROX1/KIF26A/IL11RA/ROBO3/ATP2B4/EZH1/ATP1A2/SEMA3G/DRD2/AVPR2/NRP1/TACC1/ALDH1A2/NDNF/PLXNA4/SHANK3/KCNE1/PTCH1/MYH3/SCN5A/PCDH18/TGFBR2/TYRO3/NNAT/DIXDC1/MYO16/MEIS2/LHX6/BMP5/DCT/MGARP/P2RY12/EGR2/GDF10/KCNA2/ATP1B2/SYPL2/NFIB/SHROOM4/NDRG2/MSX1/SEMA5A/BMP2/SLIT2/NAV2/WLS/CMA1/PTCHD1/POU3F3/HAP1/DAB2IP/SEMA3D/SEMA3A/UGP2/SFRP1/APOD/EMX2/SSTR1/FOS/AQP1/NTRK2",85
"GO:0031589","cell-substrate adhesion","61/1520","315/14866",0.193650793650794,1.89395572263993,5.41194726218456,6.48206542173959e-07,2.32386882731619e-05,2.32386882731619e-05,"ARHGAP6/ITGA7/LYVE1/LAMB3/FBLN1/FERMT2/CX3CL1/FZD4/LIMCH1/PLPP3/KDR/EPHB1/CD34/DLC1/GPM6B/ADAMTS9/SORBS1/FBLN5/TEK/ITGA9/THSD1/CD36/NRP1/TSPAN11/SPOCK3/NDNF/NEDD9/VWF/FAT2/UTRN/CORO2B/FAM107A/TYRO3/ITGB1BP1/CCL21/LAMC3/ACVRL1/ITGA1/CCDC80/FREM1/EPDR1/MYOC/PIK3R1/HOXA7/VIT/FZD7/ATP1B2/CCL28/PHLDB2/PARVA/COL17A1/FBLN2/DMTN/LAMC1/KANK1/ECM2/CDH13/SVEP1/SFRP1/BST1/APOD",61
"GO:0001667","ameboidal-type cell migration","42/1520","187/14866",0.224598930481283,2.19663664508866,5.55729635105939,6.89575349990975e-07,2.45386665285677e-05,2.45386665285677e-05,"ACVR1C/TNS1/AKAP12/AMOTL1/FGF2/KANK2/ZEB2/SOX10/NODAL/DAAM2/HAS1/SEMA3G/NRP1/SASH1/FAT2/GFAP/TACR1/ACTA2/DDR2/MIR145/SEMA6A/ITGB1BP1/CRB2/KIT/EDN1/FGF7/DMTN/SEMA5A/KANK1/ENPP2/EPB41L4B/HBEGF/AMOTL2/DAB2IP/SEMA3D/SEMA3A/CCN3/TAC1/GPC3/CYGB/SEMA6D/MSTN",42
"GO:0009410","response to xenobiotic stimulus","59/1520","302/14866",0.195364238410596,1.91071366329732,5.39602159564164,7.27957816592365e-07,2.57140393449244e-05,2.57140393449244e-05,"ABCG8/TXNIP/ABCB11/RBP4/AGPAT2/PRKN/ABCA1/AKR1C1/ABCB1/CAT/ALDH2/DUSP6/SOX10/ADIPOQ/NOS1/ALDH3A1/SCN11A/PDE2A/GSTM2/ADRA1A/CRHBP/DRD2/AADAC/SLCO1A2/PTCH1/SULT1C4/AOX1/TGFBR2/GPLD1/HTR2A/GLYAT/SLC28A3/HMGCS2/AOC2/FOSB/HADH/FMO2/ADD3/CYP2U1/ACSL1/PTPRM/SLC6A2/CYP46A1/EDN1/MAP1B/MEF2C/CPS1/ACSM1/CYP26B1/CDH13/ADCYAP1R1/ABCC6/DPYD/CYP1A1/SFRP1/ACTC1/FOS/C1orf115/CYP3A4",59
"GO:0046890","regulation of lipid biosynthetic process","38/1520","162/14866",0.234567901234568,2.29413580246914,5.58918265888094,7.40773883871742e-07,2.59757499132836e-05,2.59757499132836e-05,"PTGS2/ADM/GPIHBP1/AVPR1A/AKR1C3/FGF1/BMP6/SORBS1/PROX1/THRSP/PCK1/ABHD6/PLCH2/NR5A2/ABCD2/PPARA/GPR146/CES1/PDGFA/QKI/GPLD1/GNAI1/EGR1/HTR2A/BMP5/LPIN1/ASXL3/MLXIPL/HSD17B13/EDN1/ANGPTL4/DGAT2/DKK3/BMP2/ACADL/C3/KAT2B/PDK4",38
"GO:0050886","endocrine process","24/1520","80/14866",0.3,2.93407894736842,5.85359310775757,8.03793661086812e-07,2.79813387526163e-05,2.79813387526163e-05,"RASL10B/PCSK5/AVPR1A/CRY2/BMP6/HCAR2/ADIPOQ/MME/CRHBP/AVPR2/OXTR/TACR1/LEP/ECRG4/PPARG/EDNRB/EDN1/CTSG/PDE1C/CMA1/TAC1/ACE2/C1QTNF1/EDN3",24
"GO:0006720","isoprenoid metabolic process","27/1520","97/14866",0.278350515463918,2.72234129137276,5.74325667296045,8.83735920102757e-07,3.05429306487313e-05,3.05429306487313e-05,"RARRES2/RBP4/ADH6/AKR1C1/LRP1/AKR1C3/ADH1B/ADH4/RDH5/PECR/ALDH1A2/CES1/LPL/ALDH1A3/HMGCS2/LIPE/PNPLA2/ALDH1A1/DGAT2/CYP26B1/RETSAT/CYP1A1/DHRS9/ADH1A/DHRS3/ADH1C/CYP3A4",27
"GO:0048880","sensory system development","49/1520","235/14866",0.208510638297872,2.0392889137738,5.41953357421298,8.94115231559891e-07,3.06809255172408e-05,3.06809255172408e-05,"RBP4/SERPINF1/SGCB/FZD4/FGF2/PLAAT3/SGCG/SPRY1/PMEL/ZEB2/BMP6/ABCB5/RP1L1/TMOD1/PROX1/FZD5/SPRY2/DMD/ATP2B4/DRD2/NRP1/ADAMTS18/PER2/CHRDL1/MAB21L1/CRB2/SLC17A7/MEIS2/ACVRL1/ALDH1A3/CLDN19/CRYBG3/CPAMD8/EFEMP1/P2RY12/PTPRM/MYOM1/SSPN/MFAP5/PDGFRA/SGCA/TWIST1/C3/MAF/SEMA3A/CYP1A1/ANGPTL7/FOS/EPHA2",49
"GO:0050900","leukocyte migration","61/1520","318/14866",0.191823899371069,1.87608821582258,5.32952425446011,9.05075625994399e-07,3.08367610445184e-05,3.08367610445184e-05,"ITGA7/RARRES2/EPS8/LYVE1/S1PR1/CX3CL1/CCL24/CCL23/CD34/PTGER4/CX3CR1/JAM3/CCL2/CXCL12/CCL13/PTN/ICAM2/JAM2/ANXA1/SELE/IL33/NEDD9/XG/CCL16/SELP/VEGFD/CD209/IL6/TACR1/LEP/DPP4/GNAI1/CCL21/CXCR2/GPR15/IL34/PECAM1/BMP5/CD200/P2RY12/KIT/EDNRB/HOXA7/CCL28/SAA1/EDN1/CTSG/SIRPA/SLIT2/CXCL3/DUSP1/PDGFD/C3/CH25H/CCN3/BST1/ELANE/APOD/EDN3/ANO6/MSTN",61
"GO:0007420","brain development","81/1520","464/14866",0.174568965517241,1.70733042196007,5.22394522753245,9.46042540157942e-07,3.20055518515405e-05,3.20055518515405e-05,"NRXN1/RELN/NRG1/FZD4/PLP1/AVPR1A/BRINP1/EPHB1/PCDH9/DLC1/POU6F1/GRIN2B/LMX1A/FEZ1/CX3CR1/FOXP2/SLC8A3/CXCL12/CBLN1/FAT4/KCNA1/CCDC141/NLGN4X/PROX1/KIF26A/ROBO3/ATP2B4/EZH1/ATP1A2/SEMA3G/DRD2/AVPR2/NRP1/TACC1/ALDH1A2/NDNF/PLXNA4/SHANK3/KCNE1/PTCH1/SCN5A/PCDH18/TGFBR2/TYRO3/NNAT/DIXDC1/MYO16/MEIS2/LHX6/BMP5/DCT/MGARP/P2RY12/EGR2/GDF10/KCNA2/ATP1B2/SYPL2/NFIB/SHROOM4/NDRG2/SEMA5A/BMP2/SLIT2/NAV2/WLS/CMA1/PTCHD1/POU3F3/HAP1/DAB2IP/SEMA3D/SEMA3A/UGP2/SFRP1/APOD/EMX2/SSTR1/FOS/AQP1/NTRK2",81
"GO:0045596","negative regulation of cell differentiation","84/1520","488/14866",0.172131147540984,1.68348792062123,5.1810788938791,1.08113862610189e-06,3.6035515654957e-05,3.6035515654957e-05,"EGFR/SOSTDC1/ABCA1/FERMT2/OSR1/EPHB1/ZFPM2/IL17D/SPRY1/ZFP36/SOX10/MIR205/ABCA5/ADIPOQ/YAP1/NEGR1/LRP4/FOXO4/RUNX1T1/DAAM2/RBPMS2/CAV1/CETP/MARK1/SLC7A10/PTN/HOXA5/IGF1/DTX1/SPRY2/SEMA3G/HOXA9/ZBTB16/STAC2/NR5A2/ANXA1/PPARA/MYOCD/FOXO1/ZEB1/IL6/TLR4/PTCH1/WNT10B/BHLHE41/NTRK3/QKI/DIXDC1/CNTFR/MIR145/IL17RD/CRIM1/TTPA/MEIS2/S100B/ACVRL1/BMP5/RGS2/TCF15/EFNB3/PPARG/TWIST2/RGMA/EFEMP1/TLR3/EDNRB/HOXA7/FZD7/STAT5A/MSX1/SEMA5A/CR1/BMP2/NOTCH4/TWIST1/ZFP36L2/DAB2IP/PRDM16/SFRP1/CCN3/RCAN1/SEMA6D/MSTN/TMEM178A",84
"GO:0061437","renal system vasculature development","13/1520","28/14866",0.464285714285714,4.54083646616541,6.32886587684207,1.08766648001015e-06,3.6035515654957e-05,3.6035515654957e-05,"OSR1/CD34/TEK/PKD2/NRP1/ANGPT1/ACTA2/EGR1/PECAM1/EDN1/PDGFRA/PDGFD/AQP1",13
"GO:0061440","kidney vasculature development","13/1520","28/14866",0.464285714285714,4.54083646616541,6.32886587684207,1.08766648001015e-06,3.6035515654957e-05,3.6035515654957e-05,"OSR1/CD34/TEK/PKD2/NRP1/ANGPT1/ACTA2/EGR1/PECAM1/EDN1/PDGFRA/PDGFD/AQP1",13
"GO:0061337","cardiac conduction","25/1520","87/14866",0.28735632183908,2.8104204476709,5.71538167879465,1.16612905741841e-06,3.8123555956344e-05,3.8123555956344e-05,"SCN2B/CASQ2/ANK2/KCNA5/BIN1/TRDN/SLC8A3/CAV1/HCN1/ATP2B4/ATP1A2/ABCC9/KCNE1/SCN3B/SCN5A/TBX18/CTNNA3/TRPC1/SCN4B/HRC/CACNA2D1/ATP1B2/CACNA1G/KCNJ2/ACE2",25
"GO:0010595","positive regulation of endothelial cell migration","28/1520","104/14866",0.269230769230769,2.63314777327935,5.64024855237195,1.16656176635774e-06,3.8123555956344e-05,3.8123555956344e-05,"PTGS2/ANXA3/PLPP3/KDR/FGF2/FGF1/PRKD1/PROX1/RHOJ/MET/TEK/TGFBR3/NRP1/ANXA1/SASH1/ANGPT1/PRKCA/GPLD1/ITGB1BP1/ANGPT4/EGF/EDN1/FGFBP1/STAT5A/SEMA5A/ATOH8/FGF16/FLT4",28
"GO:0010565","regulation of ketone metabolic process","29/1520","110/14866",0.263636363636364,2.57843301435407,5.60746879928175,1.21209327003822e-06,3.90798393910308e-05,3.90798393910308e-05,"ABCB11/PTGS2/ADM/GPIHBP1/AVPR1A/PPARGC1A/AKR1C3/BMP6/ADIPOQ/IRS2/CAV1/PROX1/ACACB/ABCD2/PPARA/CES1/EGR1/BMP5/PPARG/MLXIPL/EDN1/ANGPTL4/DGAT2/DKK3/BMP2/TWIST1/ACADL/KAT2B/PDK4",29
"GO:0055002","striated muscle cell development","29/1520","110/14866",0.263636363636364,2.57843301435407,5.60746879928175,1.21209327003822e-06,3.90798393910308e-05,3.90798393910308e-05,"CAPN3/CSRP1/PRKD1/FLNC/TMOD1/LMOD1/PROX1/IGF1/AKAP6/MYH11/MYOZ2/PPARA/SORBS2/MYH3/MYL9/ALPK3/TBX18/MYOM2/RGS2/PGM5/TNNT3/MYOM1/EDN1/PDGFRA/CAV2/MYOM3/ACTC1/FHOD3/TMOD2",29
"GO:0150063","visual system development","48/1520","231/14866",0.207792207792208,2.03226247436774,5.33615525498358,1.2784478184689e-06,4.09444221328307e-05,4.09444221328307e-05,"RBP4/SERPINF1/SGCB/FZD4/FGF2/PLAAT3/SGCG/SPRY1/PMEL/ZEB2/BMP6/ABCB5/RP1L1/TMOD1/PROX1/FZD5/SPRY2/DMD/ATP2B4/DRD2/NRP1/ADAMTS18/PER2/CHRDL1/MAB21L1/CRB2/SLC17A7/MEIS2/ACVRL1/ALDH1A3/CLDN19/CRYBG3/CPAMD8/EFEMP1/P2RY12/PTPRM/MYOM1/SSPN/MFAP5/PDGFRA/SGCA/TWIST1/C3/MAF/CYP1A1/ANGPTL7/FOS/EPHA2",48
"GO:0120163","negative regulation of cold-induced thermogenesis","17/1520","46/14866",0.369565217391304,3.61444508009153,5.99325874604842,1.2942703261156e-06,4.11766532891347e-05,4.11766532891347e-05,"ZNF423/ADAMTS5/ID1/LAMA4/ARRDC3/ADIPOQ/ABHD6/TLR4/WNT10B/QKI/CIDEA/MAP2K6/PLCL2/NPR3/ALDH1A1/LGR4/NOVA2",17
"GO:0006959","humoral immune response","43/1520","198/14866",0.217171717171717,2.12399654439128,5.37329656549923,1.3326302904146e-06,4.18428491186388e-05,4.18428491186388e-05,"VSIG4/RARRES2/CCL14/JCHAIN/ADM/TF/CX3CL1/RNASE4/CCL24/CCL23/C4BPA/KLK3/CCL2/CXCL12/CCL13/TSLP/RNASE7/CFH/FCN2/CCL16/SERPING1/CFD/IL6/MASP1/IGHA2/IGHA1/CCL21/A2M/CXCL2/C6/CCL28/MEF2C/CTSG/C7/CR1/CXCL3/MASP2/MUC7/C3/CFI/BST1/ELANE/TAC1",43
"GO:0046883","regulation of hormone secretion","43/1520","198/14866",0.217171717171717,2.12399654439128,5.37329656549923,1.3326302904146e-06,4.18428491186388e-05,4.18428491186388e-05,"ACSL4/RASL10B/RBP4/MYRIP/PRKN/NMB/DOC2B/KCNA5/FAM3D/CRY2/PRKD1/BMP6/HCAR2/IRS2/ADRA2A/ADCY5/KCNB1/ITSN1/CRHBP/DRD2/PDE8B/ANXA1/RAPGEF3/FOXO1/PER2/IL6/TACR1/PRKCA/LEP/GPLD1/NNAT/ECRG4/CACNA2D1/FFAR4/HADH/PPARG/MLXIPL/EDN1/CCN3/TCF7L2/TAC1/C1QTNF1/EDN3",43
"GO:0019229","regulation of vasoconstriction","18/1520","51/14866",0.352941176470588,3.45185758513932,5.9191342671718,1.38833036041412e-06,4.33086951391523e-05,4.33086951391523e-05,"ADM/AVPR1A/CAV1/ADRA2A/ITGA9/ADRA1A/AVPR2/ADRA2B/OXTR/PER2/TACR1/LEP/HTR2A/ADD3/EDN1/SVEP1/ACE2/EDN3",18
"GO:0034762","regulation of transmembrane transport","60/1520","315/14866",0.19047619047619,1.86290726817043,5.2239820264287,1.41398247534066e-06,4.38243342679777e-05,4.38243342679777e-05,"CASQ2/PRNP/ANK2/OSR1/CX3CL1/BIN1/CAPN3/PID1/TRDN/RHOQ/GRIN2B/FHL1/SORBS1/SLC25A27/ADIPOQ/NOS1/IRS2/CAV1/IGF1/GSTM2/DMD/AKAP6/JPH2/ATP2B4/NR4A3/CRHBP/ATP1A2/STAC2/UTRN/PER2/DPP6/KCNE1/CLIC2/LEP/SCN5A/KCNAB1/FXYD2/TESC/RGS2/TRPC1/HRC/CACNA2D1/FFAR4/ACSL1/TRPC6/PIK3R1/PTPRM/ATP1B2/KCNIP2/EDN1/KCNS1/KCNJ2/ADCYAP1R1/C3/KCNIP1/PLN/ACE2/JPH4/ANO6/SNCA",60
"GO:0031960","response to corticosteroid","30/1520","117/14866",0.256410256410256,2.50775978407557,5.52551152258242,1.50654329062116e-06,4.61114526312754e-05,4.61114526312754e-05,"SERPINF1/PRKN/AVPR1A/KLF9/AKR1C3/ZFP36/BMP6/GHR/CDO1/PCK1/ANXA1/IL6/NTRK3/PRKCA/FAM107A/S100B/HMGCS2/FOSB/ALPL/CALCR/SLIT3/EDN1/CPS1/SLIT2/DUSP1/NR3C1/ZFP36L2/FOS/AQP1/MSTN",30
"GO:0048589","developmental growth","63/1520","337/14866",0.186943620178042,1.82835780103077,5.19091294564514,1.50697295235434e-06,4.61114526312754e-05,4.61114526312754e-05,"RBP4/PRKN/S1PR1/NRG1/ACVR1C/CAPN3/FGF2/ZFPM2/FGF1/GHR/DUSP6/CXCL12/FBLN5/YAP1/LRP4/RNF157/PTN/NLGN4X/SPAAR/PROX1/MYMX/IGF1/ACACB/AKAP6/MYCBP2/TGFBR3/ST8SIA2/VIM/SEMA3G/NRP1/NR5A2/ANXA1/PPARA/PLXNA4/EYS/CPNE8/PTCH1/SORBS2/LEP/DDR2/NPR2/S100B/RGS2/NRN1/GAS1/RGMA/ISLR2/SLIT3/EDN1/FGF7/MAP1B/MEF2C/STAT5A/SEMA5A/SLIT2/LEPR/SEMA3A/CCN3/APOD/STAT5B/EDN3/SEMA6D/MSTN",63
"GO:0045834","positive regulation of lipid metabolic process","30/1520","118/14866",0.254237288135593,2.48650758251561,5.47104464212127,1.82532763723138e-06,5.54992023370858e-05,5.54992023370858e-05,"PTGS2/ADM/GPIHBP1/AVPR1A/PPARGC1A/FGF1/BMP6/SORBS1/ADIPOQ/IRS2/PCK1/ABHD6/PLCH2/NR5A2/AADAC/ABCD2/PPARA/CES1/QKI/GPLD1/GNAI1/HTR2A/PPARG/PNPLA2/MLXIPL/HSD17B13/EDN1/DGAT2/TWIST1/KAT2B",30
"GO:0006813","potassium ion transport","40/1520","181/14866",0.220994475138122,2.16138412329165,5.30526262096873,1.94530584531571e-06,5.87751527100419e-05,5.87751527100419e-05,"CASQ2/ANK2/KCNA5/BIN1/KCNH8/FHL1/KCNA1/KCNA6/NOS1/CAV1/ADRA2A/HCN1/SLC24A4/AKAP6/KCNJ16/KCNB1/PKD2/ATP1A2/DRD2/ABCC9/KCNT2/DPP6/KCNE1/KCNMB1/HTR2A/KCNAB1/SLC17A7/FXYD2/KCNC4/KCNA2/SLC9A9/ATP1B2/KCNIP2/KCNS1/KCNJ2/KCNJ8/KCNIP1/SLC1A3/AQP1/ANO6",40
"GO:0042180","ketone metabolic process","39/1520","175/14866",0.222857142857143,2.1796015037594,5.29733395926344,2.09157373088102e-06,6.27995012697026e-05,6.27995012697026e-05,"CYP11A1/ABCB11/PTGS2/ADM/AKR1C1/GPIHBP1/AVPR1A/PPARGC1A/AKR1C3/BMP6/ADIPOQ/IRS2/CAV1/ADH4/PROX1/ACACB/ABCD2/PPARA/CES1/VKORC1L1/SULT1C4/AKR1C2/EGR1/BMP5/PPARG/MLXIPL/EDNRB/CYP46A1/EDN1/ANGPTL4/DGAT2/DKK3/BMP2/TWIST1/ACADL/AIFM2/DHRS9/KAT2B/PDK4",39
"GO:0023061","signal release","67/1520","370/14866",0.181081081081081,1.77102062588905,5.06840672571477,2.2631332125939e-06,6.75285214490752e-05,6.75285214490752e-05,"ACSL4/RASL10B/NRXN1/RBP4/MYRIP/PRKN/PCSK5/NMB/DOC2B/ABCA1/KCNA5/FAM3D/MICU3/STXBP1/MCTP1/SV2B/CRY2/PRKD1/BMP6/CXCL12/HCAR2/SV2C/IRS2/ADRA2A/ADCY5/KCNB1/ITSN1/CRHBP/DRD2/PDE8B/ANXA1/RAPGEF3/ADRA2B/FOXO1/STX11/PER2/IL6/STX19/TACR1/PRKCA/LEP/GPLD1/NNAT/SNCAIP/HTR2A/ECRG4/CACNA2D1/FFAR4/HADH/PPARG/MLXIPL/RIMS3/SYN2/EDNRB/KCNA2/EDN1/MEF2C/NLGN1/PDE1C/UNC13C/WLS/CCN3/TCF7L2/TAC1/C1QTNF1/EDN3/SNCA",67
"GO:0043535","regulation of blood vessel endothelial cell migration","25/1520","90/14866",0.277777777777778,2.71673976608187,5.51284740120846,2.31707824579795e-06,6.87113820544035e-05,6.87113820544035e-05,"MEOX2/PTGS2/KDR/FGF2/PRKD1/MIR205/MMRN1/RHOJ/RGCC/ATP2B4/TGFBR3/NRP1/ANXA1/ANGPT1/MMRN2/PRKCA/ITGB1BP1/ACVRL1/ANGPT4/PPARG/MEF2C/FGFBP1/STAT5A/KLF4/EPHA2",25
"GO:0072330","monocarboxylic acid biosynthetic process","42/1520","196/14866",0.214285714285714,2.09577067669173,5.21148321791118,2.53964621661484e-06,7.48494504577771e-05,7.48494504577771e-05,"ACSL4/ABCB11/ACSM3/PTGS2/GPIHBP1/AVPR1A/AKR1C3/PLA2G4A/PTGIS/PROX1/GSTM2/ACACB/PECR/ABCD2/ALDH1A2/CYP39A1/PER2/CES1/ELOVL3/ACSS2/LPL/FADS3/ALDH1A3/MLXIPL/ACSL1/ALDH1A1/CYP46A1/EDN1/ANGPTL4/MGLL/ACSM1/ACADL/HOGA1/CYP1A1/DHRS9/ACSM5/EHHADH/KAT2B/SCD/AKR1D1/PDK4/CYP3A4",42
"GO:0040008","regulation of growth","76/1520","438/14866",0.17351598173516,1.69703196347032,4.99706930428989,2.58434183871669e-06,7.57023060560671e-05,7.57023060560671e-05,"ACSL4/RBP4/RPS6KA3/EGFR/PRKN/NRG1/BCL6/PAPPA2/AVPR1A/CAPN3/FGF2/ZFPM2/PTCH2/FHL1/SOCS2/GHR/DUSP6/LTBP4/CXCL12/YAP1/RNF157/SPAAR/KRT17/MEG3/PROX1/KIF26A/IGF1/ACACB/CDKN2C/AKAP6/MYCBP2/MT1X/TGFBR3/VIM/SEMA3G/JADE1/NRP1/MT1M/HYAL1/PPARA/SGK2/DCUN1D3/PLXNA4/SOX17/CPNE8/PTCH1/IL17B/LEP/FAM107A/SCGB3A1/TEAD1/ACVRL1/RGS2/PRDM11/RGMA/ISLR2/SGK1/SLIT3/EDN1/MAP1B/MEF2C/PAK5/STAT5A/MSX1/SEMA5A/NPR1/SLIT2/HBEGF/SEMA3A/SFRP1/CCN3/STAT5B/ESR2/SEMA6D/MSTN/CRYAB",76
"GO:0045444","fat cell differentiation","38/1520","170/14866",0.223529411764706,2.18617647058824,5.24931802019925,2.60591433855463e-06,7.58715908025239e-05,7.58715908025239e-05,"RARRES2/PTGS2/FERMT2/NR4A1/PPARGC1A/LMO3/ZFPM2/ZFP36/ADIPOQ/YAP1/RUNX1T1/SLC7A10/PTPRQ/NR4A3/ZBTB16/FOXO1/PER2/CEBPA/IL6/WNT10B/LEP/LPL/NPR2/CIDEA/FFAR4/PPARG/DLK2/EGR2/GDF10/GRK5/BMP2/KLF4/ZFP36L2/PRDM16/SFRP1/TCF7L2/MEST/MEDAG",38
"GO:0034694","response to prostaglandin","13/1520","30/14866",0.433333333333333,4.23811403508772,5.99132728959173,2.85909163224582e-06,8.27414228994514e-05,8.27414228994514e-05,"AKR1C3/PTGER4/SCN11A/TGFBR3/AKR1C2/GNAI1/CCL21/PTGDR2/HMGCS2/EDN1/GNG2/PTGFR/SFRP1",13
"GO:0098771","inorganic ion homeostasis","63/1520","344/14866",0.183139534883721,1.79115284577723,5.01020031740275,3.07349310453047e-06,8.84135381686491e-05,8.84135381686491e-05,"CASQ2/CCL14/PRNP/ANK2/C19orf12/TF/KCNA5/MICU3/KLHL3/CCL23/SV2B/ATP13A4/PTH1R/TRDN/CNR1/BMP6/SLC8A3/CXCL12/SLC25A27/KCNA1/CCL13/CDH23/CAV1/BOK/SLC24A4/SMAD9/RYR3/JPH2/ATP2B4/MT1X/ATP1A2/DRD2/MT1M/ATP13A5/SCN7A/CDH5/SCARA5/CYBRD1/HTR2A/SLC17A7/RGN/TESC/TRPC1/HRC/CALB2/ALPL/TRPC6/EDNRB/ATP1B2/EDN1/KCNJ2/DMTN/CAV2/NPR1/BMP2/ABCC6/ACO1/SPX/ELANE/PLN/NT5E/EDN3/TMEM178A",63
"GO:0006631","fatty acid metabolic process","61/1520","330/14866",0.184848484848485,1.8078668261563,5.00844579764701,3.22241585174273e-06,9.21457485224528e-05,9.21457485224528e-05,"ACSL4/ABCB11/ACADS/ACSM3/PTGS2/AKR1C1/GPIHBP1/AVPR1A/PCCA/PPARGC1A/ACAA2/AKR1C3/PLA2G4A/PTGIS/ADIPOQ/IRS2/CAV1/ADH4/ECHDC3/GSTM2/ACACB/ABHD6/CD36/PECR/ABCD2/PPARA/PER2/CES1/LEP/ELOVL3/AKR1C2/ACSS2/LPL/PM20D1/FADS3/LPIN1/NUDT7/HADH/PPARG/MLXIPL/PLA2G5/CYP2U1/ACSL1/SLC27A6/EDN1/ANGPTL4/ECHDC1/DGAT2/MGLL/ACSM1/TWIST1/ACADL/C3/CYP1A1/ACSM5/EHHADH/KAT2B/SCD/CYGB/PDK4/CYP3A4",61
"GO:0030168","platelet activation","29/1520","116/14866",0.25,2.44506578947368,5.27289708048577,3.87834692655394e-06,0.000110246027427013,0.000110246027427013,"STXBP1/CSRP1/PLA2G4A/HBB/ADRA2A/MMRN1/EMILIN2/ADAMTS18/VWF/ADRA2B/SELP/IL6/TLR4/PRKCA/PDGFA/TYRO3/MYL9/HTR2A/RASA3/DGKB/P2RY12/SAA1/CTSG/DGKI/PDGFRA/SVEP1/PEAR1/THBD/C1QTNF1",29
"GO:0007611","learning or memory","36/1520","160/14866",0.225,2.20055921052632,5.15258286512081,4.03985768200644e-06,0.000114161625319758,0.000114161625319758,"NRXN1/RELN/SERPINF1/EGFR/PRNP/CLDN5/GRIN2B/SLC8A3/SLC2A4/PTN/NLGN4X/VLDLR/MME/CRHBP/DRD2/NEDD9/RAPGEF3/NTF4/PTPRZ1/SHANK3/TACR1/PRKCA/EGR1/ACSS2/HTR2A/S100B/KIT/SCN2A/MEF2C/ARC/PLN/KAT2B/FOS/TAC1/EIF4EBP2/NTRK2",36
"GO:0051960","regulation of nervous system development","58/1520","311/14866",0.186495176848875,1.82397190726011,4.95581613260212,4.20426916407853e-06,0.000118112918504288,0.000118112918504288,"NRXN1/RELN/SERPINF1/CX3CL1/FZD4/BIN1/EPHB1/CX3CR1/CXCL12/SOX10/CBLN1/SLITRK2/YAP1/NEGR1/LRP4/DAAM2/NOS1/SLITRK3/PTN/IGF1/ROBO3/MME/ST8SIA2/VIM/SEMA3G/DRD2/JAM2/NRP1/PTPRZ1/PER2/SHANK3/IL6/GFAP/BHLHE41/NTRK3/PRKCA/QKI/CNTFR/IL34/S100B/DCT/LPIN1/TPPP/EFNB3/RGMA/EGR2/KIT/ISLR2/MAP1B/NLGN1/SEMA5A/BMP2/SLIT2/LGI4/HAP1/MEST/SEMA6D/NTRK2",58
"GO:0001654","eye development","46/1520","227/14866",0.202643171806167,1.98190354741479,5.03100492808562,4.31748934804451e-06,0.000120588481558174,0.000120588481558174,"RBP4/SERPINF1/SGCB/FZD4/FGF2/PLAAT3/SGCG/SPRY1/PMEL/ZEB2/BMP6/ABCB5/RP1L1/TMOD1/PROX1/FZD5/SPRY2/DMD/ATP2B4/DRD2/NRP1/ADAMTS18/PER2/CHRDL1/MAB21L1/CRB2/SLC17A7/MEIS2/ACVRL1/ALDH1A3/CLDN19/CRYBG3/CPAMD8/EFEMP1/PTPRM/MYOM1/SSPN/MFAP5/PDGFRA/SGCA/TWIST1/MAF/CYP1A1/ANGPTL7/FOS/EPHA2",46
"GO:0070293","renal absorption","13/1520","31/14866",0.419354838709677,4.10140067911715,5.83342528455469,4.46424383650103e-06,0.000123966632315324,0.000123966632315324,"CLCNKB/SLC5A4/SLC5A1/KLHL3/AKR1C3/HBB/ADIPOQ/AVPR2/GSN/CLDN19/EDNRB/SGK1/EDN1",13
"GO:0150115","cell-substrate junction organization","26/1520","99/14866",0.262626262626263,2.56855396065922,5.28444782131566,4.59392136049322e-06,0.000126834472504652,0.000126834472504652,"ARHGAP6/FERMT2/LIMCH1/KDR/DST/DLC1/GPM6B/SORBS1/TEK/THSD1/NRP1/TSPAN11/CORO2B/FAM107A/ITGB1BP1/ACVRL1/LAMA3/MYOC/PIK3R1/RHOU/PHLDB2/COL17A1/DMTN/LAMC1/SFRP1/APOD",26
"GO:0030900","forebrain development","46/1520","228/14866",0.201754385964912,1.97321098799631,4.99760866860132,4.88364468752979e-06,0.000134063023307961,0.000134063023307961,"RELN/AVPR1A/PCDH9/DLC1/FEZ1/FOXP2/SLC8A3/CXCL12/FAT4/KCNA1/PROX1/KIF26A/ATP2B4/EZH1/ATP1A2/SEMA3G/DRD2/AVPR2/NRP1/TACC1/ALDH1A2/NDNF/PLXNA4/SHANK3/SCN5A/TYRO3/DIXDC1/LHX6/DCT/MGARP/P2RY12/KCNA2/ATP1B2/NFIB/SEMA5A/BMP2/SLIT2/PTCHD1/HAP1/DAB2IP/SEMA3D/SEMA3A/SSTR1/FOS/AQP1/NTRK2",46
"GO:0001990","regulation of systemic arterial blood pressure by hormone","14/1520","36/14866",0.388888888888889,3.80343567251462,5.68329187586012,5.56855703977958e-06,0.000151546104658673,0.000151546104658673,"RASL10B/PCSK5/AVPR1A/MME/AVPR2/OXTR/TACR1/EDNRB/EDN1/CTSG/PDE1C/CMA1/ACE2/EDN3",14
"GO:0046887","positive regulation of hormone secretion","29/1520","118/14866",0.245762711864407,2.40362399643176,5.16599419710673,5.58360960128749e-06,0.000151546104658673,0.000151546104658673,"ACSL4/RASL10B/RBP4/MYRIP/PRKN/NMB/DOC2B/PRKD1/BMP6/HCAR2/IRS2/ITSN1/DRD2/RAPGEF3/TACR1/PRKCA/LEP/GPLD1/NNAT/ECRG4/CACNA2D1/FFAR4/PPARG/MLXIPL/EDN1/TCF7L2/TAC1/C1QTNF1/EDN3",29
"GO:0007044","cell-substrate junction assembly","24/1520","89/14866",0.269662921348315,2.63737433471319,5.22851713740298,6.4538315623303e-06,0.000174180937221543,0.000174180937221543,"ARHGAP6/FERMT2/LIMCH1/KDR/DST/DLC1/GPM6B/SORBS1/TEK/THSD1/NRP1/TSPAN11/CORO2B/FAM107A/ITGB1BP1/ACVRL1/LAMA3/MYOC/PHLDB2/COL17A1/DMTN/LAMC1/SFRP1/APOD",24
"GO:0002792","negative regulation of peptide secretion","13/1520","32/14866",0.40625,3.97323190789474,5.68202744623713,6.8171344966672e-06,0.000182082088830643,0.000182082088830643,"PRKN/FAM3D/ADRA2A/KCNB1/CRHBP/DRD2/PDE8B/NPY2R/FOXO1/LEP/FFAR4/HADH/CCN3",13
"GO:0007423","sensory organ development","59/1520","323/14866",0.18266253869969,1.7864876975721,4.82275148319572,6.82239300364607e-06,0.000182082088830643,0.000182082088830643,"RBP4/SERPINF1/OSR1/SGCB/FZD4/SOBP/FGF2/PLAAT3/SGCG/SPRY1/PMEL/ZEB2/BMP6/SLC25A27/ABCB5/RP1L1/TMOD1/PROX1/FZD5/SPRY2/DMD/ATP2B4/DRD2/NRP1/ADAMTS18/NTF4/PER2/CHRDL1/NTRK3/MAB21L1/TMIE/TBX18/CRB2/SLC17A7/MEIS2/ACVRL1/ALDH1A3/CLDN19/CRYBG3/CPAMD8/EFEMP1/KIT/PTPRM/MYOM1/SSPN/MFAP5/PDGFRA/MSX1/NECTIN3/BMP2/SGCA/CYP26B1/TWIST1/MAF/MYO7B/CYP1A1/ANGPTL7/FOS/EPHA2",59
"GO:0031644","regulation of nervous system process","27/1520","107/14866",0.252336448598131,2.4679168716183,5.14272823757397,6.86238850515506e-06,0.000182137648501464,0.000182137648501464,"NRXN1/RELN/PRKN/AVPR1A/GRIN2B/CHRNA2/SLC8A3/SOX10/CBLN1/TMEM100/NLGN4X/IGF1/NPY2R/JAM2/SHANK3/QKI/S100B/LPIN1/TPPP/EGR2/NLGN1/MGLL/OPRPN/SPX/CCN3/ADRB2/TAC1",27
"GO:0099177","regulation of trans-synaptic signaling","73/1520","427/14866",0.17096018735363,1.67203562184149,4.75517345778751,6.99242671290045e-06,0.000184569329278977,0.000184569329278977,"NRXN1/CNRIP1/RELN/PRKN/PRNP/CX3CL1/MICU3/AKAP12/STXBP1/MCTP1/EPHB1/SV2B/GRIN2B/CX3CR1/CCL2/CHRNA2/CLMP/NGFR/DLGAP2/SLC8A3/CBLN1/ADIPOQ/NSG1/SV2C/GLRA3/SCTR/SLC7A10/PTN/NLGN4X/ADRA2A/GRIK1/CRHR2/ZDHHC2/IGF1/KCNB1/MME/ABHD6/ADRA1A/ATP1A2/DRD2/NTF4/SHANK3/CHRDL1/TACR1/FAM107A/SNCAIP/HTR2A/RASGRF2/PRKAR2B/PENK/S100B/PLCL2/CALB2/EFNB3/NRN1/APBA1/RIMS3/KIT/PLPPR4/CBLN4/CYP46A1/MAP1B/MEF2C/NLGN1/UNC13C/HAP1/ARC/ADRB2/TAC1/GRIA4/JPH4/EIF4EBP2/NTRK2",73
"GO:0051146","striated muscle cell differentiation","47/1520","238/14866",0.197478991596639,1.93139650597081,4.88831628055879,7.08167614076375e-06,0.000185393600250504,0.000185393600250504,"NRG1/ADAMTS5/AVPR1A/CAPN3/CSRP1/PRKD1/FLNC/NOS1/TMOD1/LMOD1/PROX1/MYMX/IGF1/AKAP6/MYH11/MYOZ2/PPARA/MYOCD/BHLHE41/SORBS2/MYH3/MYL9/ALPK3/SCGB3A1/TBX18/ERVFRD-1/MYOM2/RGS2/EHD2/PGM5/TNNT3/FZD7/MYOM1/EDN1/ADGRB3/MEF2C/PDGFRA/CAV2/BMP2/CYP26B1/CCN3/MYOM3/ACTC1/FHOD3/TMOD2/CARMN/SMYD1",47
"GO:0035924","cellular response to vascular endothelial growth factor stimulus","20/1520","67/14866",0.298507462686567,2.91948153967007,5.3141504598789,7.12500240129495e-06,0.000185393600250504,0.000185393600250504,"NR4A1/KDR/PRKD1/PROX1/SPRY2/ATP2B4/NRP1/ANXA1/VEGFD/ANGPT1/SEMA6A/ITGB1BP1/CCBE1/GAS1/PDGFRA/DAB2IP/EGR3/FLT4/DCN/ADAMTS3",20
"GO:0050890","cognition","41/1520","197/14866",0.208121827411168,2.03548624098317,4.93748605281907,7.13942881897237e-06,0.000185393600250504,0.000185393600250504,"NRXN1/RELN/SERPINF1/EGFR/PRNP/CLDN5/SOBP/GRIN2B/SLC8A3/SLC2A4/PTN/NLGN4X/VLDLR/MGAT3/MME/CRHBP/DRD2/NEDD9/RAPGEF3/NTF4/PTPRZ1/SHANK3/TACR1/PRKCA/FAM107A/EGR1/ACSS2/HTR2A/S100B/KIT/SCN2A/MEF2C/SHROOM4/PTCHD1/ARC/PLN/KAT2B/FOS/TAC1/EIF4EBP2/NTRK2",41
"GO:0008277","regulation of G protein-coupled receptor signaling pathway","31/1520","132/14866",0.234848484848485,2.29687998405104,5.05074114108322,7.36985943290462e-06,0.000190348412449859,0.000190348412449859,"NRXN1/ADM/KCTD16/NOS1/PDE2A/SLC24A4/NMT2/ATP2B4/PKD2/KCTD12/DRD2/GPRASP1/GNG7/PRKCA/RGS6/FRMPD1/RGS2/MRAP2/SLIT3/EDN1/GAS2L2/GRK5/CAV2/MGLL/GRK3/SLIT2/PALM/C3/PDE3B/ADRB2/SNCA",31
"GO:0042310","vasoconstriction","19/1520","62/14866",0.306451612903226,2.99717741935484,5.31804054608831,7.85881104786113e-06,0.000201891595047727,0.000201891595047727,"ADM/AVPR1A/CAV1/ADRA2A/ITGA9/ADRA1A/AVPR2/ADRA2B/OXTR/PER2/TACR1/LEP/HTR2A/ADD3/EDNRB/EDN1/SVEP1/ACE2/EDN3",19
"GO:0045446","endothelial cell differentiation","24/1520","90/14866",0.266666666666667,2.6080701754386,5.1638842780815,7.95810549561471e-06,0.000202578116093242,0.000202578116093242,"S1PR1/NRG1/CLDN5/KDR/BMP6/TMEM100/PDE2A/PROX1/MET/NRP1/RAPGEF3/ZEB1/SOX17/CDH5/TIE1/ACVRL1/PECAM1/FSTL1/APOLD1/ATOH8/NOTCH4/ROBO4/PPP1R16B/AMOTL2",24
"GO:0086010","membrane depolarization during action potential","12/1520","28/14866",0.428571428571429,4.19154135338346,5.70453828042318,7.96987176137026e-06,0.000202578116093242,0.000202578116093242,"SCN2B/ANK2/SCN11A/SCN3A/ATP1A2/SCN3B/SCN5A/SCN4B/CACNA2D1/CACNA1G/KCNJ2/SCN9A",12
"GO:0006112","energy reserve metabolic process","21/1520","73/14866",0.287671232876712,2.81350036049027,5.24179024375123,8.06963838169751e-06,0.000204034435714078,0.000204034435714078,"PID1/SORBS1/ADGRF5/IRS2/IGF1/EPM2A/GYG2/PER2/LEP/GABARAPL1/STBD1/MRAP2/PGM1/PHKG1/PYGL/GBE1/LEPR/UGP2/PYGM/PPP1R1A/PPP1R3G",21
"GO:0015718","monocarboxylic acid transport","32/1520","139/14866",0.23021582733813,2.25157137447936,5.00304683835665,8.23717862150972e-06,0.000206946361608266,0.000206946361608266,"ACSL4/ABCB11/NMB/AKR1C1/SLC16A7/PLA2G4A/SLCO1C1/ABCG2/IRS2/SLC16A12/THRSP/CD36/DRD2/FABP4/ABCD2/PPARA/RBP7/SLCO1A2/CES1/PLA2R1/LEP/PPARG/PLA2G5/ACSL1/SLC27A6/EDN1/SLC51B/SLC16A11/SPX/SLC22A11/PLA2G2A/SLC10A6",32
"GO:0032368","regulation of lipid transport","27/1520","108/14866",0.25,2.44506578947368,5.08644596121586,8.27096199600064e-06,0.000206946361608266,0.000206946361608266,"ACSL4/PRKN/NMB/ABCA1/LRP1/CRY2/BMP6/ABCA5/ADIPOQ/IRS2/CAV1/CETP/PPARA/CES1/PTCH1/PLA2R1/ABCA8/MIR145/EEPD1/ECRG4/EGF/PPARG/ACSL1/EDN1/PLTP/TAC1/C1QTNF1",27
"GO:0050995","negative regulation of lipid catabolic process","11/1520","24/14866",0.458333333333333,4.48262061403509,5.76227875817235,8.70661573492297e-06,0.000216718041401917,0.000216718041401917,"ALK/HCAR2/ADRA2A/ACACB/GPLD1/CIDEA/ENDOU/HCAR3/PDE3B/CIDEC/PLIN1",11
"GO:0051149","positive regulation of muscle cell differentiation","17/1520","52/14866",0.326923076923077,3.19739372469636,5.35675855744004,8.94094252688167e-06,0.000221403545871853,0.000221403545871853,"LAMA1/NRG1/PRKD1/PROX1/IGF1/AKAP6/MYOCD/LAMA2/MIR145/CAMK1/KIT/EDN1/MEF2C/LAMC1/NOTCH4/CYP26B1/SMYD1",17
"GO:0032370","positive regulation of lipid transport","20/1520","68/14866",0.294117647058824,2.8765479876161,5.23409149554084,9.13340226005236e-06,0.000225009561319444,0.000225009561319444,"NMB/ABCA1/LRP1/BMP6/ABCA5/ADIPOQ/CAV1/CETP/CES1/PTCH1/PLA2R1/ABCA8/EEPD1/ECRG4/PPARG/ACSL1/EDN1/PLTP/TAC1/C1QTNF1",20
"GO:0007600","sensory perception","65/1520","371/14866",0.175202156334232,1.7135231947794,4.69693587390448,9.84554440700734e-06,0.000241316302710527,0.000241316302710527,"RBP4/PCARE/NMB/EPHB1/CCL2/LRIG3/CXCL12/CCDC50/KCNA1/CDH23/TMEM100/CABP1/RP1L1/ADRA2A/SCN11A/RDH5/SLC24A4/PTPRQ/MME/CD36/DRD2/EYS/KCNE1/PAX3/ABLIM1/TMIE/TMC2/NPR2/HTR2A/CRB2/PENK/PRCD/CLDN19/CLIC5/OR51E1/AOC2/CRYBG3/FFAR4/OR2A1/CNGA1/USP53/DCDC2/EFEMP1/KIT/PIGR/KCNA2/OR52N4/TULP2/GNAL/MGLL/OPRPN/OR7C1/RCVRN/ABCC6/OR2A42/COL4A3/OR2L13/SPX/MYO7B/CCN3/MYH1/TAC1/DHRS3/LOXHD1/SCN9A",65
"GO:0120162","positive regulation of cold-induced thermogenesis","25/1520","97/14866",0.257731958762887,2.52068638090071,5.07082553750251,9.97743579308432e-06,0.000243307622081102,0.000243307622081102,"PEMT/PPARGC1A/ADIPOQ/CAV1/CD36/FABP4/EPAS1/EBF2/OXTR/PER2/LEP/ELOVL3/G0S2/CIDEA/LPIN1/FFAR4/HADH/ALPL/ACSL1/ACADL/LEPR/PRDM16/ADRB2/SCD/ADRB1",25
"GO:0042448","progesterone metabolic process","7/1520","10/14866",0.7,6.84618421052631,6.24094335475955,1.04698831186281e-05,0.000254026861120654,0.000254026861120654,"ADM/AKR1C1/AKR1C3/AKR1C2/EGR1/CYP46A1/DHRS9",7
"GO:0070098","chemokine-mediated signaling pathway","22/1520","80/14866",0.275,2.68957236842105,5.11358090335656,1.10163710671347e-05,0.000265942947771432,0.000265942947771432,"CCL14/CX3CL1/CCL24/CCL23/CX3CR1/CCL2/CXCL12/CCL13/MPL/GPR17/ACKR1/ACKR4/GPR75/CCL16/ACKR3/GNAI1/CCL21/CXCR2/SLIT3/EDN1/STAT5A/SLIT2",22
"GO:0043269","regulation of monoatomic ion transport","59/1520","328/14866",0.179878048780488,1.7592546534018,4.69246176316037,1.10967806829278e-05,0.000266336705052844,0.000266336705052844,"SCN2B/CASQ2/PRNP/ANK2/OSR1/CX3CL1/BIN1/CAPN3/ABCB1/TRDN/GRIN2B/CCL2/FHL1/CXCL12/NOS1/CAV1/ADRA2A/GSTM2/DMD/AKAP6/JPH2/ATP2B4/PKD2/CLDN10/ATP1A2/DRD2/STAC2/UTRN/DPP6/KCNE1/CLIC2/SCN3B/LEP/SCN5A/HTR2A/KCNAB1/FXYD2/MYLK/TESC/TRPC1/SCN4B/HRC/CACNA2D1/EGF/TRPC6/ATP1B2/KCNIP2/EDN1/KCNS1/KCNJ2/ADCYAP1R1/PER1/NKAIN2/KCNIP1/PLN/GABRE/JPH4/ANO6/SNCA",59
"GO:0050804","modulation of chemical synaptic transmission","72/1520","425/14866",0.169411764705882,1.65689164086687,4.63679885875276,1.11435632214033e-05,0.000266336705052844,0.000266336705052844,"NRXN1/CNRIP1/RELN/PRKN/PRNP/CX3CL1/MICU3/AKAP12/STXBP1/MCTP1/EPHB1/SV2B/GRIN2B/CX3CR1/CCL2/CHRNA2/CLMP/NGFR/DLGAP2/SLC8A3/CBLN1/ADIPOQ/NSG1/SV2C/GLRA3/SCTR/SLC7A10/PTN/NLGN4X/ADRA2A/GRIK1/CRHR2/ZDHHC2/IGF1/KCNB1/MME/ADRA1A/ATP1A2/DRD2/NTF4/SHANK3/CHRDL1/TACR1/FAM107A/SNCAIP/HTR2A/RASGRF2/PRKAR2B/PENK/S100B/PLCL2/CALB2/EFNB3/NRN1/APBA1/RIMS3/KIT/PLPPR4/CBLN4/CYP46A1/MAP1B/MEF2C/NLGN1/UNC13C/HAP1/ARC/ADRB2/TAC1/GRIA4/JPH4/EIF4EBP2/NTRK2",72
"GO:0071466","cellular response to xenobiotic stimulus","32/1520","141/14866",0.226950354609929,2.21963419186264,4.91066362189107,1.12772173311587e-05,0.000268196792370724,0.000268196792370724,"ABCB11/ABCA1/AKR1C1/ABCB1/ALDH2/SOX10/ADIPOQ/NOS1/ALDH3A1/PDE2A/GSTM2/CRHBP/AADAC/SLCO1A2/SULT1C4/AOX1/GPLD1/GLYAT/SLC28A3/AOC2/FMO2/CYP2U1/ACSL1/CYP46A1/EDN1/MEF2C/ACSM1/CYP26B1/CDH13/DPYD/CYP1A1/CYP3A4",32
"GO:0014812","muscle cell migration","20/1520","69/14866",0.289855072463768,2.8348588863463,5.15547954998573,1.16380480752334e-05,0.000274385775786288,0.000274385775786288,"LRP1/ADIPOQ/FOXO4/IGF1/NR4A3/NRP1/ANXA1/MYOCD/TACR1/PDGFA/DDR2/ITGB1BP1/TCP11L2/MEF2C/PARVA/ADAMTS1/SLIT2/PDGFD/CCN3/MSTN",20
"GO:0001937","negative regulation of endothelial cell proliferation","14/1520","38/14866",0.368421052631579,3.60325484764543,5.42245411766118,1.16516857328066e-05,0.000274385775786288,0.000274385775786288,"TNMD/CCL2/NGFR/MIR205/CAV1/RGCC/MMRN2/ACVRL1/PPARG/PTPRM/MEF2C/CAV2/ATOH8/COL4A3",14
"GO:0035265","organ growth","24/1520","92/14866",0.260869565217391,2.55137299771167,5.03720684580041,1.19584584075028e-05,0.000280236264339724,0.000280236264339724,"RBP4/S1PR1/NRG1/FGF2/ZFPM2/DUSP6/FBLN5/YAP1/NLGN4X/PROX1/IGF1/ACACB/AKAP6/TGFBR3/PPARA/SORBS2/LEP/DDR2/NPR2/RGS2/EDN1/FGF7/MEF2C/LEPR",24
"GO:0097529","myeloid leukocyte migration","38/1520","181/14866",0.209944751381215,2.05331491712707,4.81159690913021,1.23618994095198e-05,0.000287016008201034,0.000287016008201034,"RARRES2/CX3CL1/CCL24/CCL23/PTGER4/CX3CR1/JAM3/CCL2/CXCL12/CCL13/ANXA1/XG/CCL16/VEGFD/IL6/DPP4/CCL21/CXCR2/IL34/PECAM1/CD200/P2RY12/KIT/EDNRB/CCL28/SAA1/EDN1/CTSG/SIRPA/SLIT2/CXCL3/DUSP1/PDGFD/CCN3/BST1/EDN3/ANO6/MSTN",38
"GO:0010543","regulation of platelet activation","16/1520","48/14866",0.333333333333333,3.26008771929825,5.2927308491871,1.23672593042494e-05,0.000287016008201034,0.000287016008201034,"PLA2G4A/MMRN1/EMILIN2/ADAMTS18/SELP/IL6/TLR4/PRKCA/PDGFA/HTR2A/CTSG/PDGFRA/SVEP1/PEAR1/THBD/C1QTNF1",16
"GO:0055117","regulation of cardiac muscle contraction","21/1520","75/14866",0.28,2.73847368421053,5.09364501183962,1.28086696931724e-05,0.000295831005798078,0.000295831005798078,"CASQ2/ANK2/BIN1/TRDN/NOS1/CAV1/GSTM2/DMD/JPH2/ADRA1A/ATP1A2/CLIC2/SCN5A/CTNNA3/RGS2/HRC/KCNJ2/ADRB2/PLN/ACE2/JPH4",21
"GO:0045123","cellular extravasation","19/1520","64/14866",0.296875,2.903515625,5.15009124541763,1.31092474674602e-05,0.000301324520735305,0.000301324520735306,"LYVE1/CX3CL1/PTGER4/CX3CR1/JAM3/CCL2/CXCL12/JAM2/SELE/XG/SELP/LEP/CCL21/PECAM1/CCL28/SIRPA/PDGFD/BST1/ELANE",19
"GO:0006814","sodium ion transport","41/1520","202/14866",0.202970297029703,1.98510291818656,4.7572914065499,1.35082275345859e-05,0.000308714571802572,0.000308714571802572,"CLCNKB/SCN2B/SLC5A4/OSR1/SLC5A1/KLHL3/SLC13A2/SLC8A3/NOS1/HCN1/SCN11A/SCN4A/SLC24A4/SCN3A/DMD/ATP2B4/PKD2/ATP1A2/DRD2/UTRN/SCN7A/SCN3B/SCN5A/SLC17A7/FXYD2/TESC/SLC28A3/SCN4B/CNGA1/SCN2A/EDNRB/SLC9A9/SGK1/ATP1B2/SLC6A2/EDN1/PER1/NKAIN2/SLC10A6/ANO6/SCN9A",41
"GO:0043010","camera-type eye development","37/1520","175/14866",0.211428571428571,2.06782706766917,4.79537926168869,1.3559278653277e-05,0.000308714571802572,0.000308714571802572,"RBP4/SERPINF1/SGCB/FZD4/FGF2/PLAAT3/SGCG/SPRY1/ZEB2/RP1L1/TMOD1/PROX1/FZD5/SPRY2/DMD/ATP2B4/DRD2/NRP1/PER2/CRB2/SLC17A7/ACVRL1/ALDH1A3/CLDN19/CRYBG3/EFEMP1/PTPRM/MYOM1/SSPN/PDGFRA/SGCA/TWIST1/MAF/CYP1A1/ANGPTL7/FOS/EPHA2",37
"GO:0060421","positive regulation of heart growth","11/1520","25/14866",0.44,4.30331578947368,5.57849702132032,1.41133132241133e-05,0.000319813003436982,0.000319813003436982,"NRG1/FGF2/ZFPM2/YAP1/PROX1/IGF1/ACACB/AKAP6/TGFBR3/EDN1/MEF2C",11
"GO:0003158","endothelium development","27/1520","111/14866",0.243243243243243,2.37898293029872,4.9212957285281,1.42235442532669e-05,0.000320797683533776,0.000320797683533776,"S1PR1/NRG1/CLDN5/KDR/CD34/FGF1/BMP6/TMEM100/PDE2A/PROX1/MET/NRP1/RAPGEF3/ZEB1/SOX17/CDH5/TIE1/ACVRL1/PECAM1/FSTL1/EDN1/APOLD1/ATOH8/NOTCH4/ROBO4/PPP1R16B/AMOTL2",27
"GO:0030449","regulation of complement activation","10/1520","21/14866",0.476190476190476,4.65726817042606,5.6598515862534,1.48314483286322e-05,0.000332945223227799,0.000332945223227799,"VSIG4/C4BPA/CFH/SERPING1/MASP1/A2M/C6/CR1/C3/CFI",10
"GO:0043537","negative regulation of blood vessel endothelial cell migration","13/1520","34/14866",0.382352941176471,3.73951238390093,5.39686505054487,1.49741750819772e-05,0.000334585753924737,0.000334585753924737,"MEOX2/FGF2/MIR205/MMRN1/RGCC/ATP2B4/MMRN2/ITGB1BP1/ACVRL1/ANGPT4/PPARG/MEF2C/KLF4",13
"GO:0007015","actin filament organization","71/1520","422/14866",0.16824644549763,1.64549451234722,4.53976874528337,1.62544879875997e-05,0.00036151185320569,0.00036151185320569,"ARHGAP6/EPS8/PRKN/GAS2/TENM1/S1PR1/FERMT2/SPTB/PLEKHH2/CX3CL1/KANK3/CCL24/LIMCH1/BIN1/KANK2/SYNPO2/RND3/DLC1/PTGER4/RHOQ/ZEB2/SORBS1/CXCL12/SPTBN1/DAAM2/PAK3/TMOD1/LMOD1/PROX1/RHOJ/RGCC/NRP1/NEDD9/GSN/RAPGEF3/SHANK3/TACR1/CORO2B/FAM107A/MYL9/CYRIA/ARHGEF15/ITGB1BP1/CCL21/DIAPH2/MYOC/ADD3/CFL2/CNN1/ARHGAP36/PIK3R1/MYO1H/SYNPO/RHOU/PHLDB2/PARVA/SHROOM4/GAS2L2/DMTN/SEMA5A/WASF3/ESAM/SLIT2/KANK1/MYO7B/SFRP1/ACTC1/TAC1/FHOD3/TMOD2/SPTA1",71
"GO:0010874","regulation of cholesterol efflux","14/1520","39/14866",0.358974358974359,3.5108636977058,5.2985555018298,1.64759576451968e-05,0.00036474885035726,0.00036474885035726,"ABCA1/LRP1/ABCA5/ADIPOQ/CAV1/CETP/CES1/PTCH1/ABCA8/MIR145/EEPD1/EGF/PPARG/PLTP",14
"GO:1990868","response to chemokine","23/1520","88/14866",0.261363636363636,2.55620514354067,4.94116142013346,1.74653023706252e-05,0.000383120148805861,0.000383120148805861,"CCL14/CX3CL1/CCL24/CCL23/CX3CR1/CCL2/CXCL12/CCL13/MPL/GPR17/ACKR1/ACKR4/GPR75/CCL16/ACKR3/GNAI1/CCL21/CXCR2/SLIT3/EDN1/STAT5A/SLIT2/DUSP1",23
"GO:1990869","cellular response to chemokine","23/1520","88/14866",0.261363636363636,2.55620514354067,4.94116142013346,1.74653023706252e-05,0.000383120148805861,0.000383120148805861,"CCL14/CX3CL1/CCL24/CCL23/CX3CR1/CCL2/CXCL12/CCL13/MPL/GPR17/ACKR1/ACKR4/GPR75/CCL16/ACKR3/GNAI1/CCL21/CXCR2/SLIT3/EDN1/STAT5A/SLIT2/DUSP1",23
"GO:0010959","regulation of metal ion transport","52/1520","282/14866",0.184397163120567,1.80345278088839,4.59700816452734,1.80026910339214e-05,0.000393113307849812,0.000393113307849812,"SCN2B/CASQ2/PRNP/ANK2/OSR1/CX3CL1/BIN1/CAPN3/TRDN/CCL2/FHL1/CXCL12/NOS1/CAV1/ADRA2A/GSTM2/DMD/AKAP6/JPH2/ATP2B4/PKD2/ATP1A2/DRD2/UTRN/DPP6/KCNE1/CLIC2/SCN3B/SCN5A/HTR2A/KCNAB1/FXYD2/MYLK/TESC/TRPC1/SCN4B/HRC/CACNA2D1/EGF/TRPC6/ATP1B2/KCNIP2/KCNS1/KCNJ2/ADCYAP1R1/PER1/NKAIN2/KCNIP1/PLN/JPH4/ANO6/SNCA",52
"GO:0090278","negative regulation of peptide hormone secretion","12/1520","30/14866",0.4,3.91210526315789,5.38812887509966,1.86508940873723e-05,0.000405424865139079,0.000405424865139079,"PRKN/FAM3D/ADRA2A/KCNB1/CRHBP/DRD2/PDE8B/FOXO1/LEP/FFAR4/HADH/CCN3",12
"GO:0006957","complement activation, alternative pathway","8/1520","14/14866",0.571428571428571,5.58872180451128,5.79684872366318,2.00115596897734e-05,0.000433042940313835,0.000433042940313835,"VSIG4/CFH/CFD/MASP1/C7/CR1/C3/CFI",8
"GO:0051147","regulation of muscle cell differentiation","27/1520","113/14866",0.238938053097345,2.33687703772706,4.81414542129819,2.01258551127153e-05,0.000433563264401275,0.000433563264401275,"LAMA1/NRG1/PRKD1/FOXO4/RBPMS2/PROX1/IGF1/AKAP6/PPARA/MYOCD/BHLHE41/LAMA2/MIR145/RGS2/CAMK1/KIT/FZD7/EDN1/MEF2C/LAMC1/BMP2/NOTCH4/CYP26B1/PRDM16/CCN3/RCAN1/SMYD1",27
"GO:0046683","response to organophosphorus","26/1520","107/14866",0.242990654205607,2.37651254303984,4.82250055254254,2.07774729438361e-05,0.000443891641884972,0.000443891641884972,"SLC8A3/CDO1/MMP19/HCN1/PDE2A/AKAP6/RYR3/PKD2/CRHBP/ABCC9/RAPGEF3/KCNE1/NPR2/PENK/HMGCS2/FOSB/P2RY12/DMTN/CPS1/SLC26A3/DUSP1/PER1/NT5E/P2RX6/FOS/AQP1",26
"GO:0070588","calcium ion transmembrane transport","50/1520","269/14866",0.185873605947955,1.81789278027783,4.56845552247953,2.07900956336634e-05,0.000443891641884972,0.000443891641884972,"CASQ2/PRNP/ANK2/CX3CL1/MICU3/BIN1/CAPN3/FGF2/TRDN/GRIN2B/TMBIM1/CACHD1/SLC8A3/NOS1/CAV1/SCN11A/SLC24A4/GSTM2/DMD/AKAP6/RYR3/JPH2/ATP2B4/PKD2/ATP1A2/DRD2/PLCH2/CLIC2/TMC2/HTR2A/TMEM37/CCL21/PKD1L2/PLCL2/TRPC1/HRC/CACNA2D1/CNGA1/TRPC6/EDNRB/CACNA1G/EDN1/ADCYAP1R1/TRPM6/TRPM3/PLN/P2RX6/JPH4/ANO6/SNCA",50
"GO:0045598","regulation of fat cell differentiation","25/1520","101/14866",0.247524752475248,2.42085721730068,4.83529626868042,2.12264308487099e-05,0.000451202538925674,0.000451202538925674,"RARRES2/PTGS2/FERMT2/LMO3/ZFPM2/ZFP36/ADIPOQ/YAP1/RUNX1T1/SLC7A10/PTPRQ/ZBTB16/FOXO1/IL6/WNT10B/LEP/LPL/FFAR4/PPARG/DLK2/BMP2/ZFP36L2/PRDM16/SFRP1/MEDAG",25
"GO:0045923","positive regulation of fatty acid metabolic process","13/1520","35/14866",0.371428571428571,3.63266917293233,5.26227794798792,2.16037402793357e-05,0.00045719986036092,0.00045719986036092,"PTGS2/GPIHBP1/AVPR1A/PPARGC1A/ADIPOQ/IRS2/ABCD2/PPARA/PPARG/MLXIPL/EDN1/TWIST1/KAT2B",13
"GO:0097553","calcium ion transmembrane import into cytosol","33/1520","152/14866",0.217105263157895,2.1233466066482,4.6978471928869,2.20403198638924e-05,0.000464393406254996,0.000464393406254996,"CASQ2/PRNP/ANK2/CX3CL1/CAPN3/FGF2/TRDN/GRIN2B/SLC8A3/NOS1/CAV1/SLC24A4/GSTM2/DMD/AKAP6/RYR3/JPH2/ATP2B4/PKD2/ATP1A2/DRD2/PLCH2/CLIC2/HTR2A/CCL21/PLCL2/TRPC1/HRC/CACNA2D1/CACNA1G/ADCYAP1R1/JPH4/SNCA",33
"GO:0072012","glomerulus vasculature development","11/1520","26/14866",0.423076923076923,4.1378036437247,5.40410995689089,2.22082406690165e-05,0.000465007315481513,0.000465007315481513,"OSR1/CD34/TEK/ANGPT1/ACTA2/EGR1/PECAM1/EDN1/PDGFRA/PDGFD/AQP1",11
"GO:0009636","response to toxic substance","43/1520","220/14866",0.195454545454545,1.91159688995215,4.59709364732864,2.22630479934946e-05,0.000465007315481513,0.000465007315481513,"SCN2B/PRKN/MTARC1/PTGS2/ABCB1/CAT/ALDH2/HBB/ABCG2/FBLN5/HBA2/ADH4/SCN11A/GSTM2/MT1X/CD36/DRD2/MT1M/GPX3/CES1/SLC47A2/CLIC2/PRKCA/MGST1/PRXL2A/GLYAT/TTPA/PENK/TPO/INMT/ALDH1A1/EDN1/MAP1B/CPS1/AIFM2/CDH13/MPO/SLC29A4/TRPM6/CYP1A1/FOS/CYGB/SOD3",43
"GO:0002686","negative regulation of leukocyte migration","14/1520","40/14866",0.35,3.42309210526316,5.17865060498877,2.29773530196775e-05,0.00047110912506173,0.00047110912506173,"PTGER4/CCL2/CXCL12/IL33/DPP4/CCL21/BMP5/CD200/HOXA7/CCL28/SLIT2/DUSP1/CCN3/APOD",14
"GO:0090049","regulation of cell migration involved in sprouting angiogenesis","14/1520","40/14866",0.35,3.42309210526316,5.17865060498877,2.29773530196775e-05,0.00047110912506173,0.00047110912506173,"MEOX2/PTGS2/KDR/FGF2/MIR205/MMRN1/RHOJ/TGFBR3/NRP1/ANXA1/MMRN2/ITGB1BP1/FGFBP1/KLF4",14
"GO:0051046","regulation of secretion","79/1520","488/14866",0.161885245901639,1.58328030629853,4.42146992361173,2.2982603241731e-05,0.00047110912506173,0.00047110912506173,"ACSL4/RASL10B/ABCB11/RBP4/MYRIP/PRKN/NMB/DOC2B/NRG1/KCNA5/FAM3D/MICU3/STXBP1/AVPR1A/MCTP1/SV2B/CRY2/PRKD1/BMP6/PTGER3/CXCL12/HCAR2/SV2C/IRS2/ADRA2A/ADCY5/RGCC/IGF1/KCNB1/ITSN1/CRHBP/DRD2/PDE8B/NPY2R/SYT15/ANXA1/STXBP6/RAPGEF3/ADRA2B/FOXO1/PER2/CES1/IL6/TLR4/TACR1/PRKCA/PLA2R1/LEP/GPLD1/NNAT/SNCAIP/HTR2A/ECRG4/CACNA2D1/EGF/FFAR4/HADH/PPARG/CD200/MLXIPL/RIMS3/KCNA2/SAA1/EDN1/MEF2C/NLGN1/PDE1C/NPR1/BMP2/WLS/HAP1/SPX/CCN3/TCF7L2/TAC1/C1QTNF1/AQP1/EDN3/SNCA",79
"GO:0050919","negative chemotaxis","15/1520","45/14866",0.333333333333333,3.26008771929825,5.12414592671347,2.30455129869914e-05,0.00047110912506173,0.00047110912506173,"NRG1/LGR6/ROBO3/SEMA3G/PLXNA4/PDGFA/DPP4/FLRT2/SEMA6A/SLIT3/SEMA5A/SLIT2/SEMA3D/SEMA3A/SEMA6D",15
"GO:0060420","regulation of heart growth","15/1520","45/14866",0.333333333333333,3.26008771929825,5.12414592671347,2.30455129869914e-05,0.00047110912506173,0.00047110912506173,"RBP4/NRG1/FGF2/ZFPM2/DUSP6/YAP1/PROX1/IGF1/ACACB/AKAP6/TGFBR3/PPARA/RGS2/EDN1/MEF2C",15
"GO:0071805","potassium ion transmembrane transport","35/1520","166/14866",0.210843373493976,2.06210367786937,4.64398683442182,2.44102353645063e-05,0.00049689309614868,0.00049689309614868,"ANK2/KCNA5/BIN1/KCNH8/FHL1/KCNA1/KCNA6/CAV1/HCN1/SLC24A4/AKAP6/KCNJ16/KCNB1/PKD2/ATP1A2/ABCC9/KCNT2/DPP6/KCNE1/KCNMB1/KCNAB1/SLC17A7/FXYD2/KCNC4/KCNA2/SLC9A9/ATP1B2/KCNIP2/KCNS1/KCNJ2/KCNJ8/KCNIP1/SLC1A3/AQP1/ANO6",35
"GO:0048511","rhythmic process","46/1520","242/14866",0.190082644628099,1.8590582862114,4.54701006505511,2.45475894390431e-05,0.00049758067369267,0.00049758067369267,"SERPINF1/KLF10/ID1/KLF9/PPARGC1A/CRY2/NGFR/PTN/MMP19/SCN11A/PROX1/IGF1/MYCBP2/DRD2/NR5A2/PPARA/PER2/MAPK10/BHLHE41/NTRK3/LEP/TYRO3/EGR1/NPR2/ID4/PIWIL2/TEF/PPARG/GDF10/KCNA2/SLIT3/NLGN1/PDGFRA/TWIST1/SLIT2/PER1/HLF/LGR4/EGR3/PLN/PROKR1/KAT2B/SCN9A/ADRB1/NTRK2/MSTN",46
"GO:0007204","positive regulation of cytosolic calcium ion concentration","29/1520","127/14866",0.228346456692913,2.23328843762951,4.7104370191815,2.5307732932266e-05,0.00051083339918742,0.00051083339918742,"NMB/AVPR1A/PTGER4/CX3CR1/CCL2/PTGER3/SLC8A3/NOS1/CAV1/ADCY5/JPH2/ACKR4/ADRA1A/CD36/ACKR3/TACR1/HTR2A/CXCR2/CACNA2D1/FFAR4/EDNRB/CALCR/SAA1/EDN1/ADCYAP1R1/PTGFR/TAC1/C1QTNF1/JPH4",29
"GO:0086015","SA node cell action potential","7/1520","11/14866",0.636363636363636,6.2238038277512,5.84891842484925,2.62386113498103e-05,0.000523030244499952,0.000523030244499952,"ANK2/KCNA5/HCN1/SCN3B/SCN5A/TBX18/CACNA1G",7
"GO:0086018","SA node cell to atrial cardiac muscle cell signaling","7/1520","11/14866",0.636363636363636,6.2238038277512,5.84891842484925,2.62386113498103e-05,0.000523030244499952,0.000523030244499952,"ANK2/KCNA5/HCN1/SCN3B/SCN5A/TBX18/CACNA1G",7
"GO:1990839","response to endothelin","7/1520","11/14866",0.636363636363636,6.2238038277512,5.84891842484925,2.62386113498103e-05,0.000523030244499952,0.000523030244499952,"KLF2/PRKD1/IRS2/KLF15/EDNRB/KLF11/KLF4",7
"GO:0048738","cardiac muscle tissue development","34/1520","160/14866",0.2125,2.07830592105263,4.62789387100563,2.6736340791871e-05,0.000526470592478114,0.000526470592478114,"RBP4/S1PR1/NRG1/MYL3/FGF2/ZFPM2/SGCG/ADAMTS9/MYL7/YAP1/PROX1/IGF1/AKAP6/JPH2/TGFBR3/MYH11/PPARA/MYOCD/SORBS2/SCN5A/ALPK3/TBX18/BMP5/RGS2/FZD7/CACNA1G/EDN1/MEF2C/PDGFRA/MSX1/BMP2/ACTC1/FHOD3/CARMN",34
"GO:1904018","positive regulation of vasculature development","34/1520","160/14866",0.2125,2.07830592105263,4.62789387100563,2.6736340791871e-05,0.000526470592478114,0.000526470592478114,"HSPB6/ADM/ANXA3/CCL24/KDR/FGF2/CD34/F3/FGF1/PRKD1/PTGIS/CXCL12/NODAL/TEK/EMILIN2/NRP1/HYAL1/RAPGEF3/SASH1/PRKCA/CDH5/TIE1/ANGPT4/CCBE1/BMPER/TLR3/C6/ANGPTL4/SEMA5A/TWIST1/CMA1/C3/KLF4/AQP1",34
"GO:0050918","positive chemotaxis","17/1520","56/14866",0.303571428571429,2.96900845864662,4.98187419791201,2.68495618561902e-05,0.000526470592478114,0.000526470592478114,"S1PR1/CX3CL1/KDR/FGF2/F3/S100A4/CCL2/CXCL12/MET/NRP1/CCL16/VEGFD/ANGPT1/NTRK3/FGF7/SEMA5A/CDH13",17
"GO:0141156","cAMP/PKA signal transduction","17/1520","56/14866",0.303571428571429,2.96900845864662,4.98187419791201,2.68495618561902e-05,0.000526470592478114,0.000526470592478114,"NRXN1/AKAP12/ADIPOQ/SCN11A/PDE2A/AKAP6/PDE7B/PDE8B/PDE1B/PRKAR2B/CALCR/MYOM1/EDN1/PDE1C/PDE11A/PDE1A/PDE3B",17
"GO:0060306","regulation of membrane repolarization","12/1520","31/14866",0.387096774193548,3.78590831918506,5.2400156287486,2.76108837195015e-05,0.000539197908083273,0.000539197908083273,"CASQ2/ANK2/KCNA5/NOS1/CAV1/AKAP6/KCNE1/SCN5A/SCN4B/CACNA2D1/KCNIP2/KCNJ2",12
"GO:0030855","epithelial cell differentiation","74/1520","452/14866",0.163716814159292,1.60119352585002,4.38046227126768,2.82177969239897e-05,0.000548819013857677,0.000548819013857677,"TXNIP/S1PR1/NRG1/CLDN5/OSR1/AKR1C1/KDR/FGF2/AKR1C3/PLAAT3/KRT15/CD34/KRT14/SPRY1/ZFP36/ZEB2/BMP6/ALDOC/FAT4/YAP1/TMEM100/CAV1/TMOD1/KRT17/PDE2A/PROX1/PCK1/MET/PPL/SPRY2/NRP1/NR5A2/ANXA1/RAPGEF3/NTF4/CES1/ZEB1/SOX17/DACT2/ACTA2/CDH5/AKR1C2/NPR2/KLF15/TIE1/ACVRL1/PECAM1/WNT11/BMP5/PPARG/TAGLN/HOXA7/FZD7/FSTL1/EDN1/MAP1B/MEF2C/NFIB/HRNR/APOLD1/MSX1/CPS1/BMP2/ATOH8/NOTCH4/MAFF/ROBO4/KRT5/PPP1R16B/AMOTL2/MAF/CYP1A1/DHRS9/EPHA2",74
"GO:0002791","regulation of peptide secretion","33/1520","154/14866",0.214285714285714,2.09577067669173,4.61288754303287,2.92023503171464e-05,0.000565677785982142,0.000565677785982142,"ACSL4/RASL10B/RBP4/MYRIP/PRKN/DOC2B/KCNA5/FAM3D/PRKD1/IRS2/ADRA2A/ADCY5/KCNB1/ITSN1/CRHBP/DRD2/PDE8B/NPY2R/RAPGEF3/FOXO1/PER2/IL6/PRKCA/LEP/GPLD1/NNAT/ECRG4/CACNA2D1/FFAR4/HADH/MLXIPL/CCN3/TCF7L2",33
"GO:0046394","carboxylic acid biosynthetic process","51/1520","280/14866",0.182142857142857,1.78140507518797,4.45467299453373,3.04005681137302e-05,0.000586523410515501,0.000586523410515501,"ACSL4/ABCB11/ACSM3/PTGS2/GPIHBP1/AVPR1A/AKR1C3/PLA2G4A/PTGIS/HAAO/CDO1/BHMT2/PROX1/GSTM2/ACACB/ATP2B4/PECR/ABCD2/ALDH1A2/CYP39A1/PER2/SHMT1/CES1/ELOVL3/ACSS2/LPL/FADS3/ALDH1A3/MLXIPL/PLA2G5/ACSL1/ALDH1A1/CYP46A1/EDN1/ANGPTL4/GGTA1/CPS1/MGLL/ACSM1/ACADL/HOGA1/DPYD/CYP1A1/DHRS9/ACSM5/EHHADH/KAT2B/SCD/AKR1D1/PDK4/CYP3A4",51
"GO:1903053","regulation of extracellular matrix organization","18/1520","62/14866",0.290322580645161,2.83943123938879,4.89799745281072,3.07765873673884e-05,0.000591402902851735,0.000591402902851735,"LAMA1/LRP1/MIR205/RGCC/RECK/TGFBR3/IL6/LAMA2/DPP4/TNXB/DDR2/MIR145/TIE1/PPARG/LAMC1/BMP2/ANGPTL7/PRDM5",18
"GO:0086091","regulation of heart rate by cardiac conduction","14/1520","41/14866",0.341463414634146,3.33960205391528,5.06250262930626,3.16306783978254e-05,0.000602991186599814,0.000602991186599814,"SCN2B/ANK2/KCNA5/BIN1/CAV1/HCN1/KCNE1/SCN3B/SCN5A/CTNNA3/SCN4B/CACNA2D1/CACNA1G/KCNJ2",14
"GO:1905953","negative regulation of lipid localization","14/1520","41/14866",0.341463414634146,3.33960205391528,5.06250262930626,3.16306783978254e-05,0.000602991186599814,0.000602991186599814,"ACSL4/ABCA1/CRY2/ADIPOQ/IRS2/PPARA/CES1/IL6/PLA2R1/LEP/MIR145/EGF/PPARG/PNPLA2",14
"GO:0043266","regulation of potassium ion transport","19/1520","68/14866",0.279411764705882,2.73272058823529,4.83292628532889,3.38261063060545e-05,0.000642294919740259,0.000642294919740259,"CASQ2/ANK2/BIN1/FHL1/NOS1/CAV1/ADRA2A/AKAP6/DRD2/DPP6/KCNE1/HTR2A/KCNAB1/ATP1B2/KCNIP2/KCNS1/KCNJ2/KCNIP1/ANO6",19
"GO:0046622","positive regulation of organ growth","11/1520","27/14866",0.407407407407407,3.98455165692008,5.2382636728633,3.40249119205667e-05,0.0006435262868756,0.0006435262868756,"NRG1/FGF2/ZFPM2/YAP1/PROX1/IGF1/ACACB/AKAP6/TGFBR3/EDN1/MEF2C",11
"GO:1902903","regulation of supramolecular fiber organization","59/1520","341/14866",0.173020527859238,1.6921862941812,4.36385995871396,3.64257346572889e-05,0.000686232271739669,0.000686232271739669,"ARHGAP6/EPS8/PRKN/TENM1/S1PR1/FERMT2/SPTB/PLEKHH2/CX3CL1/KANK3/CCL24/LIMCH1/BIN1/KANK2/SYNPO2/PRKD1/DLC1/PTGER4/CXCL12/SPTBN1/DAAM2/PAK3/TMOD1/LMOD1/PROX1/RGCC/NRP1/GSN/RAPGEF3/SHANK3/TACR1/CDH5/CYRIA/ARHGEF15/ITGB1BP1/CCL21/MYOC/ADD3/CFL2/ANKRD53/PIK3R1/EDN1/SYNPO/MAP1B/PHLDB2/GAS2L2/DMTN/SEMA5A/WASF3/ESAM/SLIT2/KANK1/SFRP1/TAC1/FHOD3/TMOD2/SPTA1/SNCA/CRYAB",59
"GO:0014074","response to purine-containing compound","28/1520","123/14866",0.227642276422764,2.22640136927685,4.60915104172444,3.67932176430123e-05,0.000690447724832152,0.000690447724832152,"CASQ2/SLC8A3/CDO1/MMP19/HCN1/PDE2A/GSTM2/AKAP6/RYR3/PKD2/CRHBP/ABCC9/RAPGEF3/KCNE1/NPR2/PENK/HMGCS2/FOSB/P2RY12/DMTN/CPS1/SLC26A3/DUSP1/PER1/NT5E/P2RX6/FOS/AQP1",28
"GO:0001938","positive regulation of endothelial cell proliferation","21/1520","80/14866",0.2625,2.56731907894737,4.74357480115605,3.73015049725139e-05,0.000697262373104891,0.000697262373104891,"CCL24/NR4A1/KDR/FGF2/F3/PRKD1/BMP6/CXCL12/PROX1/TEK/NRP1/PRKCA/ACVRL1/EGF/FGFBP1/STAT5A/SEMA5A/CDH13/PPP1R16B/EGR3/FLT4",21
"GO:1901888","regulation of cell junction assembly","46/1520","246/14866",0.186991869918699,1.8288296961917,4.42372234620578,3.75764682390335e-05,0.000699679664419832,0.000699679664419832,"ARHGAP6/NRXN1/FERMT2/CLDN5/LIMCH1/KDR/EPHB1/DLC1/GPM6B/CBLN1/SLITRK2/NEGR1/LRP4/SLITRK3/CAV1/MARK1/CCDC141/NLGN4X/LRRTM2/VLDLR/TEK/CRTAC1/MYCBP2/ST8SIA2/NRP1/IL1RAPL2/NTRK3/PRKCA/FAM107A/ARHGEF15/ITGB1BP1/ACVRL1/MYOC/MAP1B/PHLDB2/MEF2C/NLGN1/DMTN/NECTIN3/GPBAR1/SFRP1/APOD/LRFN5/ACE2/EPHA2/SNCA",46
"GO:0032526","response to retinoic acid","23/1520","92/14866",0.25,2.44506578947368,4.69203428066992,3.77903251002055e-05,0.000700944871742808,0.000700944871742808,"RBP4/SERPINF1/ANKK1/ABCA1/OSR1/FZD4/BRINP1/BMP6/DRD2/ALDH1A2/PTCH1/WNT10B/NTRK3/LEP/TESC/TIE1/WNT11/FZD7/CYP26B1/DUSP1/KLF4/MEST/AQP1",23
"GO:0006956","complement activation","16/1520","52/14866",0.307692307692308,3.00931174089069,4.89825639420549,3.82766473182305e-05,0.000704520559652983,0.000704520559652983,"VSIG4/C4BPA/CFH/FCN2/SERPING1/CFD/MASP1/IGHA2/IGHA1/A2M/C6/C7/CR1/MASP2/C3/CFI",16
"GO:0045766","positive regulation of angiogenesis","33/1520","156/14866",0.211538461538462,2.06890182186235,4.52921013634908,3.84230613299503e-05,0.000704520559652983,0.000704520559652983,"HSPB6/ADM/ANXA3/CCL24/KDR/FGF2/CD34/F3/FGF1/PRKD1/PTGIS/NODAL/TEK/EMILIN2/NRP1/HYAL1/RAPGEF3/SASH1/PRKCA/CDH5/TIE1/ANGPT4/CCBE1/BMPER/TLR3/C6/ANGPTL4/SEMA5A/TWIST1/CMA1/C3/KLF4/AQP1",33
"GO:0090087","regulation of peptide transport","33/1520","156/14866",0.211538461538462,2.06890182186235,4.52921013634908,3.84230613299503e-05,0.000704520559652983,0.000704520559652983,"ACSL4/RASL10B/RBP4/MYRIP/PRKN/DOC2B/KCNA5/FAM3D/PRKD1/IRS2/ADRA2A/ADCY5/KCNB1/ITSN1/CRHBP/DRD2/PDE8B/NPY2R/RAPGEF3/FOXO1/PER2/IL6/PRKCA/LEP/GPLD1/NNAT/ECRG4/CACNA2D1/FFAR4/HADH/MLXIPL/CCN3/TCF7L2",33
"GO:0050921","positive regulation of chemotaxis","29/1520","130/14866",0.223076923076923,2.18175101214575,4.56705816957875,4.01269409941391e-05,0.000732965112303591,0.000732965112303591,"RARRES2/S1PR1/KDR/FGF2/F3/PRKD1/CX3CR1/CCL2/CXCL12/PTN/MET/NRP1/NEDD9/VEGFD/IL6/NTRK3/CCL21/IL34/P2RY12/EDN1/PDGFRA/SEMA5A/SLIT2/CDH13/PDGFD/FGF16/EDN3/ANO6/MSTN",29
"GO:0090276","regulation of peptide hormone secretion","32/1520","150/14866",0.213333333333333,2.08645614035088,4.51327326168222,4.20386601176155e-05,0.000764976224261458,0.000764976224261458,"ACSL4/RASL10B/RBP4/MYRIP/PRKN/DOC2B/KCNA5/FAM3D/PRKD1/IRS2/ADRA2A/ADCY5/KCNB1/ITSN1/CRHBP/DRD2/PDE8B/RAPGEF3/FOXO1/PER2/IL6/PRKCA/LEP/GPLD1/NNAT/ECRG4/CACNA2D1/FFAR4/HADH/MLXIPL/CCN3/TCF7L2",32
"GO:0085029","extracellular matrix assembly","13/1520","37/14866",0.351351351351351,3.43630867709815,5.00732674969521,4.28806452886173e-05,0.000776847247258301,0.000776847247258301,"GPM6B/LTBP4/FBLN5/RGCC/TGFBR3/HAS1/MYH11/HAS3/TNXB/MIR145/MFAP4/TIE1/PPARG",13
"GO:0006940","regulation of smooth muscle contraction","14/1520","42/14866",0.333333333333333,3.26008771929825,4.94989433279826,4.30144395859093e-05,0.000776847247258301,0.000776847247258301,"CAV1/ADRA2A/ADRA1A/ADRA2B/MYOCD/TACR1/MIR145/RGS2/CNN1/KIT/EDN1/SPX/ADRB2/EDN3",14
"GO:0046879","hormone secretion","43/1520","226/14866",0.190265486725664,1.86084653004192,4.40086559258687,4.35467089805981e-05,0.000783514569074133,0.000783514569074133,"ACSL4/RASL10B/RBP4/MYRIP/PRKN/NMB/DOC2B/KCNA5/FAM3D/CRY2/PRKD1/BMP6/HCAR2/IRS2/ADRA2A/ADCY5/KCNB1/ITSN1/CRHBP/DRD2/PDE8B/ANXA1/RAPGEF3/FOXO1/PER2/IL6/TACR1/PRKCA/LEP/GPLD1/NNAT/ECRG4/CACNA2D1/FFAR4/HADH/PPARG/MLXIPL/EDN1/CCN3/TCF7L2/TAC1/C1QTNF1/EDN3",43
"GO:0051591","response to cAMP","20/1520","75/14866",0.266666666666667,2.6080701754386,4.71156894821249,4.44113991957807e-05,0.00079609090200198,0.00079609090200198,"SLC8A3/CDO1/MMP19/HCN1/PDE2A/AKAP6/PKD2/CRHBP/RAPGEF3/KCNE1/PENK/HMGCS2/FOSB/DMTN/CPS1/SLC26A3/DUSP1/PER1/FOS/AQP1",20
"GO:0016053","organic acid biosynthetic process","51/1520","284/14866",0.179577464788732,1.75631486286138,4.34292119266772,4.48075082977104e-05,0.00080020546417175,0.00080020546417175,"ACSL4/ABCB11/ACSM3/PTGS2/GPIHBP1/AVPR1A/AKR1C3/PLA2G4A/PTGIS/HAAO/CDO1/BHMT2/PROX1/GSTM2/ACACB/ATP2B4/PECR/ABCD2/ALDH1A2/CYP39A1/PER2/SHMT1/CES1/ELOVL3/ACSS2/LPL/FADS3/ALDH1A3/MLXIPL/PLA2G5/ACSL1/ALDH1A1/CYP46A1/EDN1/ANGPTL4/GGTA1/CPS1/MGLL/ACSM1/ACADL/HOGA1/DPYD/CYP1A1/DHRS9/ACSM5/EHHADH/KAT2B/SCD/AKR1D1/PDK4/CYP3A4",51
"GO:0071774","response to fibroblast growth factor","21/1520","81/14866",0.259259259259259,2.53562378167641,4.67676302836994,4.55686293449118e-05,0.000810784056936874,0.000810784056936874,"NRXN1/NR4A1/FGF2/FGF1/SPRY1/ZFP36/CCL2/SPRY2/HYAL1/NDNF/FLRT2/NPR2/ITGB1BP1/FGF17/FGF7/CPS1/ZFP36L2/FGF16/EGR3/SNCA/KL",21
"GO:0010810","regulation of cell-substrate adhesion","37/1520","185/14866",0.2,1.95605263157895,4.41589294909298,4.86974913946482e-05,0.000863257375128745,0.000863257375128745,"ARHGAP6/FBLN1/FERMT2/CX3CL1/FZD4/LIMCH1/PLPP3/KDR/DLC1/GPM6B/TEK/CD36/NRP1/SPOCK3/NDNF/NEDD9/UTRN/CORO2B/FAM107A/ITGB1BP1/CCL21/ACVRL1/CCDC80/MYOC/HOXA7/VIT/FZD7/CCL28/PHLDB2/FBLN2/DMTN/KANK1/ECM2/CDH13/SFRP1/BST1/APOD",37
"GO:0034368","protein-lipid complex remodeling","11/1520","28/14866",0.392857142857143,3.8422462406015,5.08021068400429,5.08840555529879e-05,0.000892142346264795,0.000892142346264795,"PCSK5/GPIHBP1/ABCA5/CETP/LPL/PLA2G5/ANGPTL4/APOB/MPO/PLTP/PLA2G2A",11
"GO:0034369","plasma lipoprotein particle remodeling","11/1520","28/14866",0.392857142857143,3.8422462406015,5.08021068400429,5.08840555529879e-05,0.000892142346264795,0.000892142346264795,"PCSK5/GPIHBP1/ABCA5/CETP/LPL/PLA2G5/ANGPTL4/APOB/MPO/PLTP/PLA2G2A",11
"GO:0035767","endothelial cell chemotaxis","11/1520","28/14866",0.392857142857143,3.8422462406015,5.08021068400429,5.08840555529879e-05,0.000892142346264795,0.000892142346264795,"NR4A1/KDR/FGF2/FGF1/PRKD1/MET/NRP1/SEMA5A/FGF16/CCN3/EGR3",11
"GO:0009914","hormone transport","44/1520","235/14866",0.187234042553191,1.83119820828667,4.33441224758005,5.32032473871477e-05,0.000929412365264937,0.000929412365264937,"ACSL4/RASL10B/RBP4/MYRIP/PRKN/NMB/DOC2B/KCNA5/FAM3D/CRY2/PRKD1/BMP6/SLCO1C1/HCAR2/IRS2/ADRA2A/ADCY5/KCNB1/ITSN1/CRHBP/DRD2/PDE8B/ANXA1/RAPGEF3/FOXO1/PER2/IL6/TACR1/PRKCA/LEP/GPLD1/NNAT/ECRG4/CACNA2D1/FFAR4/HADH/PPARG/MLXIPL/EDN1/CCN3/TCF7L2/TAC1/C1QTNF1/EDN3",44
"GO:0032231","regulation of actin filament bundle assembly","23/1520","94/14866",0.24468085106383,2.3930431131019,4.5723295582598,5.43965576833456e-05,0.000943397339750152,0.000943397339750152,"ARHGAP6/PRKN/S1PR1/FERMT2/CX3CL1/LIMCH1/SYNPO2/DLC1/PTGER4/RGCC/NRP1/RAPGEF3/SHANK3/TACR1/ARHGEF15/ITGB1BP1/MYOC/PIK3R1/SYNPO/PHLDB2/SFRP1/TAC1/FHOD3",23
"GO:0032355","response to estradiol","23/1520","94/14866",0.24468085106383,2.3930431131019,4.5723295582598,5.43965576833456e-05,0.000943397339750152,0.000943397339750152,"TXNIP/EGFR/STXBP1/CAT/SOCS2/GHR/CRHBP/DRD2/ALDH1A2/PTCH1/TACR1/PRKCA/LEP/PENK/MAP1B/ADCYAP1R1/DUSP1/PTGFR/SFRP1/SSTR1/STAT5B/ESR2/CRYAB",23
"GO:0046889","positive regulation of lipid biosynthetic process","22/1520","88/14866",0.25,2.44506578947368,4.58827896703675,5.53211592597561e-05,0.000949570787945916,0.000949570787945916,"PTGS2/ADM/GPIHBP1/AVPR1A/FGF1/BMP6/SORBS1/PCK1/ABHD6/PLCH2/NR5A2/ABCD2/PPARA/QKI/GPLD1/GNAI1/HTR2A/MLXIPL/HSD17B13/EDN1/DGAT2/KAT2B",22
"GO:0110020","regulation of actomyosin structure organization","22/1520","88/14866",0.25,2.44506578947368,4.58827896703675,5.53211592597561e-05,0.000949570787945916,0.000949570787945916,"ARHGAP6/S1PR1/FERMT2/LIMCH1/PRKD1/DLC1/PTGER4/PROX1/RGCC/NRP1/RAPGEF3/TACR1/ARHGEF15/ITGB1BP1/MYOC/PIK3R1/EDN1/SYNPO/PHLDB2/SFRP1/TAC1/FHOD3",22
"GO:0002685","regulation of leukocyte migration","38/1520","193/14866",0.196891191709845,1.92564766839378,4.36811031468752,5.5345508040145e-05,0.000949570787945916,0.000949570787945916,"RARRES2/LYVE1/CX3CL1/PTGER4/CX3CR1/JAM3/CCL2/CXCL12/PTN/JAM2/ANXA1/SELE/IL33/NEDD9/XG/SELP/VEGFD/IL6/TACR1/DPP4/CCL21/IL34/BMP5/CD200/P2RY12/HOXA7/CCL28/EDN1/SLIT2/DUSP1/PDGFD/CCN3/BST1/ELANE/APOD/EDN3/ANO6/MSTN",38
"GO:0060419","heart growth","17/1520","59/14866",0.288135593220339,2.81804192685103,4.72198988691899,5.64896636498954e-05,0.000962327461610276,0.000962327461610276,"RBP4/S1PR1/NRG1/FGF2/ZFPM2/DUSP6/YAP1/PROX1/IGF1/ACACB/AKAP6/TGFBR3/PPARA/SORBS2/RGS2/EDN1/MEF2C",17
"GO:0098900","regulation of action potential","17/1520","59/14866",0.288135593220339,2.81804192685103,4.72198988691899,5.64896636498954e-05,0.000962327461610276,0.000962327461610276,"CASQ2/ANK2/BIN1/NOS1/CAV1/HCN1/KCNB1/ADRA1A/CD36/NPY2R/TACR1/SCN5A/TBX18/CTNNA3/CACNA2D1/KCNJ2/TAC1",17
"GO:0045471","response to ethanol","26/1520","113/14866",0.230088495575221,2.25032603632976,4.50247194997131,5.68196453090915e-05,0.000964528537331717,0.000964528537331717,"RBP4/CLDN5/FGF2/CAT/GRIN2B/SLC2A4/CDO1/CRHBP/DRD2/PPARA/GFAP/TACR1/NTRK3/PRKCA/LEP/PENK/S100B/HMGCS2/RGS2/FOSB/ACTG2/ADCYAP1R1/CA3/ACTC1/FOS/MSTN",26
"GO:0141161","regulation of cAMP/PKA signal transduction","14/1520","43/14866",0.325581395348837,3.18427172582619,4.84062598798077,5.78263362379407e-05,0.000978160983405167,0.000978160983405167,"NRXN1/ADIPOQ/PDE2A/AKAP6/PDE7B/PDE8B/PDE1B/PRKAR2B/CALCR/MYOM1/PDE1C/PDE11A/PDE1A/PDE3B",14
"GO:0044703","multi-organism reproductive process","28/1520","126/14866",0.222222222222222,2.1733918128655,4.46383645828394,5.81826226943789e-05,0.000980734454118583,0.000980734454118583,"FBLN1/PCSK5/ACVR1C/AVPR1A/NODAL/PTN/ADRA2A/IL11RA/STOX2/CRHBP/ADRA2B/OXTR/TACR1/LEP/RGS2/CLIC5/FOSB/ENDOU/EDN1/STS/PTGFR/MAFF/CYP1A1/TPPP3/FOS/TAC1/ACE2/MSTN",28
"GO:0045214","sarcomere organization","13/1520","38/14866",0.342105263157895,3.34587950138504,4.88635370191572,5.91197042576389e-05,0.000993045661726214,0.000993045661726214,"CAPN3/CSRP1/PRKD1/FLNC/PROX1/MYOZ2/MYH3/MYOM2/TNNT3/MYOM1/EDN1/MYOM3/FHOD3",13
"GO:0062013","positive regulation of small molecule metabolic process","29/1520","133/14866",0.218045112781955,2.13253858330036,4.42753418450939,6.2393561244972e-05,0.00104438560355695,0.00104438560355695,"PRKN/PTGS2/ADM/GPIHBP1/AVPR1A/PPARGC1A/PID1/FGF1/PTH1R/BMP6/SORBS1/ADIPOQ/IRS2/IGF1/ABCD2/PPARA/FOXO1/CES1/QKI/GPLD1/GNAI1/PPARG/MLXIPL/EDN1/DGAT2/TWIST1/ADCYAP1R1/KAT2B/SNCA",29
"GO:0051952","regulation of amine transport","16/1520","54/14866",0.296296296296296,2.89785575048733,4.71500240741831,6.39572932431858e-05,0.00106315168422237,0.00106315168422237,"PRKN/STXBP1/AVPR1A/CXCL12/ADRA2A/KCNB1/ATP1A2/DRD2/ADRA2B/PER2/LEP/HTR2A/RGS2/KCNA2/ACE2/SNCA",16
"GO:0086065","cell communication involved in cardiac conduction","16/1520","54/14866",0.296296296296296,2.89785575048733,4.71500240741831,6.39572932431858e-05,0.00106315168422237,0.00106315168422237,"CASQ2/ANK2/KCNA5/TRDN/CAV1/HCN1/ATP1A2/SCN3B/SCN5A/TBX18/CTNNA3/SCN4B/HRC/CACNA2D1/ATP1B2/CACNA1G",16
"GO:0015837","amine transport","19/1520","71/14866",0.267605633802817,2.61725352112676,4.60976180823728,6.49061561135582e-05,0.00106783963688196,0.00106783963688196,"PRKN/STXBP1/AVPR1A/CXCL12/ADRA2A/KCNB1/ATP1A2/SLC22A3/DRD2/ADRA2B/PER2/SLC47A2/LEP/HTR2A/RGS2/KCNA2/SLC14A2/ACE2/SNCA",19
"GO:0019915","lipid storage","19/1520","71/14866",0.267605633802817,2.61725352112676,4.60976180823728,6.49061561135582e-05,0.00106783963688196,0.00106783963688196,"ABCA1/CRY2/CAV1/ACACB/CD36/PPARA/CES1/IL6/LEP/LPL/CIDEA/PPARG/PNPLA2/DGAT2/APOB/C3/DAB2IP/MEST/CIDEC",19
"GO:0055123","digestive system development","19/1520","71/14866",0.267605633802817,2.61725352112676,4.60976180823728,6.49061561135582e-05,0.00106783963688196,0.00106783963688196,"RARRES2/PCSK5/CLMP/YAP1/RBPMS2/NR5A2/ALDH1A2/SOX17/PDGFA/NPR2/WNT11/HMGCS2/KIT/EDNRB/PKDCC/PDGFRA/CPS1/WLS/CYP1A1",19
"GO:0006816","calcium ion transport","59/1520","348/14866",0.169540229885057,1.65814806412583,4.19264918292089,6.61709893268098e-05,0.00108493321749486,0.00108493321749486,"CASQ2/PRNP/ANK2/SRL/CX3CL1/MICU3/BIN1/CAPN3/FGF2/TRDN/GRIN2B/CCL2/CHRNA2/TMBIM1/CACHD1/SLC8A3/CXCL12/CDH23/NOS1/CAV1/ADRA2A/SCN11A/SLC24A4/GSTM2/DMD/AKAP6/RYR3/JPH2/ATP2B4/PKD2/ATP1A2/DRD2/PLCH2/CLIC2/CALCRL/TMC2/HTR2A/TMEM37/CCL21/MYLK/PKD1L2/PLCL2/TRPC1/HRC/CACNA2D1/EGF/CNGA1/TRPC6/EDNRB/CACNA1G/EDN1/ADCYAP1R1/TRPM6/TRPM3/PLN/P2RX6/JPH4/ANO6/SNCA",59
"GO:0044344","cellular response to fibroblast growth factor stimulus","20/1520","77/14866",0.25974025974026,2.54032809295967,4.57317567600433,6.67047566188797e-05,0.00108996479862959,0.00108996479862959,"NRXN1/NR4A1/FGF2/FGF1/SPRY1/ZFP36/CCL2/SPRY2/HYAL1/NDNF/FLRT2/ITGB1BP1/FGF17/FGF7/CPS1/ZFP36L2/FGF16/EGR3/SNCA/KL",20
"GO:0042063","gliogenesis","41/1520","216/14866",0.189814814814815,1.85643884015595,4.27890957120245,6.86234140673985e-05,0.00111751485145689,0.00111751485145689,"RELN/CX3CL1/PLP1/LRP1/BIN1/ZEB2/GPM6B/CX3CR1/CCL2/SLC8A3/SOX10/B4GALT6/NEGR1/DAAM2/PTN/CFH/BOK/GPR17/CDKN2C/IL33/PRX/PTPRZ1/IL6/GFAP/NTRK3/QKI/CNTFR/PENK/IL34/S100B/TPPP/MYOC/P2RY12/EGR2/ATP1B2/NFIB/BMP2/NR3C1/LGI4/DAB2IP/NTRK2",41
"GO:0034764","positive regulation of transmembrane transport","31/1520","147/14866",0.210884353741497,2.0625044754744,4.36896910143601,6.9281432853626e-05,0.00112441893050277,0.00112441893050277,"ANK2/CX3CL1/CAPN3/RHOQ/FHL1/SORBS1/ADIPOQ/NOS1/IRS2/CAV1/IGF1/AKAP6/NR4A3/STAC2/KCNE1/FXYD2/TESC/TRPC1/ACSL1/TRPC6/PIK3R1/PTPRM/ATP1B2/KCNIP2/EDN1/KCNJ2/ADCYAP1R1/C3/ACE2/ANO6/SNCA",31
"GO:0071674","mononuclear cell migration","37/1520","188/14866",0.196808510638298,1.92483902575588,4.30665736538231,6.95807694464188e-05,0.00112547480276295,0.00112547480276295,"RARRES2/EPS8/S1PR1/CX3CL1/CCL23/CX3CR1/JAM3/CCL2/CXCL12/ICAM2/JAM2/ANXA1/NEDD9/XG/CD209/IL6/GNAI1/CCL21/CXCR2/GPR15/IL34/PECAM1/BMP5/CD200/P2RY12/EDNRB/SAA1/CTSG/SIRPA/SLIT2/DUSP1/PDGFD/CH25H/CCN3/APOD/ANO6/MSTN",37
"GO:0006706","steroid catabolic process","9/1520","20/14866",0.45,4.40111842105263,5.13642219323538,7.02454064959723e-05,0.00112862519333328,0.00112862519333328,"HSD17B11/SCARF1/CYP39A1/CYP46A1/HSD11B1/STS/CYP1A1/AKR1D1/CYP3A4",9
"GO:0086012","membrane depolarization during cardiac muscle cell action potential","9/1520","20/14866",0.45,4.40111842105263,5.13642219323538,7.02454064959723e-05,0.00112862519333328,0.00112862519333328,"SCN2B/ANK2/ATP1A2/SCN3B/SCN5A/SCN4B/CACNA2D1/CACNA1G/KCNJ2",9
"GO:0008202","steroid metabolic process","45/1520","245/14866",0.183673469387755,1.79637486573577,4.24170771372777,7.09690825022924e-05,0.00113645157447004,0.00113645157447004,"CYP11A1/ABCB11/ABCA1/ADM/AKR1C1/ACAA2/HSD17B11/AKR1C3/FGF1/FAXDC2/BMP6/ABCA5/CETP/SCARF1/PROX1/RDH5/VLDLR/NR5A2/CYP39A1/GPR146/CES1/UGT2B28/QKI/AKR1C2/GNAI1/EGR1/BMP5/HMGCS2/LIPE/CUBN/CYP2U1/EDNRB/CYP46A1/DGAT2/DKK3/HSD11B1/APOB/BMP2/ACADL/STS/CH25H/CYP1A1/DHRS9/AKR1D1/CYP3A4",45
"GO:0034367","protein-containing complex remodeling","11/1520","29/14866",0.379310344827586,3.70975499092559,4.92929336679561,7.4442317048784e-05,0.00118417513610052,0.00118417513610052,"PCSK5/GPIHBP1/ABCA5/CETP/LPL/PLA2G5/ANGPTL4/APOB/MPO/PLTP/PLA2G2A",11
"GO:0086011","membrane repolarization during action potential","11/1520","29/14866",0.379310344827586,3.70975499092559,4.92929336679561,7.4442317048784e-05,0.00118417513610052,0.00118417513610052,"SCN2B/CASQ2/KCNA5/KCNA1/NOS1/CAV1/KCNE1/CACNA2D1/KCNIP2/KCNJ2/KCNJ8",11
"GO:0060485","mesenchyme development","46/1520","253/14866",0.181818181818182,1.77822966507177,4.21334518096889,7.64237608756123e-05,0.00119704700791958,0.00119704700791958,"FERMT2/NRG1/OSR1/ADAMTS5/ZFPM2/SPRY1/S100A4/SOX10/NODAL/MARK1/RGCC/IGF1/SPRY2/TGFBR3/PKD2/SEMA3G/MEOX1/NRP1/NCAM1/IL6/GFAP/ACTA2/QKI/TGFBR2/MIR145/IL17RD/SEMA6A/CRB2/ACVRL1/WNT11/BMP5/ACTG2/EDN1/MEF2C/MSX1/SEMA5A/BMP2/NOTCH4/TWIST1/DAB2IP/SEMA3D/SEMA3A/SFRP1/TCF7L2/ACTC1/SEMA6D",46
"GO:0007160","cell-matrix adhesion","41/1520","217/14866",0.188940092165899,1.84788382245937,4.24610683340508,7.64272582710222e-05,0.00119704700791958,0.00119704700791958,"ARHGAP6/ITGA7/LYVE1/FERMT2/CX3CL1/LIMCH1/PLPP3/KDR/CD34/DLC1/GPM6B/ADAMTS9/SORBS1/FBLN5/TEK/ITGA9/THSD1/CD36/NRP1/TSPAN11/UTRN/CORO2B/FAM107A/ITGB1BP1/CCL21/ACVRL1/ITGA1/FREM1/EPDR1/MYOC/HOXA7/CCL28/PHLDB2/COL17A1/DMTN/ECM2/CDH13/SVEP1/SFRP1/BST1/APOD",41
"GO:1904062","regulation of monoatomic cation transmembrane transport","41/1520","217/14866",0.188940092165899,1.84788382245937,4.24610683340508,7.64272582710222e-05,0.00119704700791958,0.00119704700791958,"CASQ2/PRNP/ANK2/OSR1/CX3CL1/BIN1/CAPN3/TRDN/GRIN2B/FHL1/NOS1/CAV1/GSTM2/DMD/AKAP6/JPH2/ATP2B4/ATP1A2/STAC2/UTRN/DPP6/KCNE1/CLIC2/SCN5A/KCNAB1/FXYD2/TESC/TRPC1/HRC/CACNA2D1/ATP1B2/KCNIP2/EDN1/KCNS1/KCNJ2/ADCYAP1R1/KCNIP1/PLN/JPH4/ANO6/SNCA",41
"GO:0015849","organic acid transport","49/1520","275/14866",0.178181818181818,1.74266507177034,4.1951308149542,7.67554031990993e-05,0.00119704700791958,0.00119704700791958,"ACSL4/ABCB11/NMB/FOLR2/AKR1C1/STXBP1/AVPR1A/ABCB1/SLC13A2/SLC16A7/PLA2G4A/LRRC8C/SLCO1C1/ABCG2/SLC1A7/IRS2/SLC16A12/SLC7A10/THRSP/CD36/ATP1A2/DRD2/FABP4/ABCD2/PPARA/RBP7/PER2/SLCO1A2/CES1/PLA2R1/LEP/SLC17A7/SLC7A3/RGS2/PPARG/PLA2G5/ACSL1/SLC27A6/EDN1/SLC51B/SLC26A3/ABCC6/SLC16A11/SPX/SLC1A3/SLC22A11/ACE2/PLA2G2A/SLC10A6",49
"GO:0046942","carboxylic acid transport","49/1520","275/14866",0.178181818181818,1.74266507177034,4.1951308149542,7.67554031990993e-05,0.00119704700791958,0.00119704700791958,"ACSL4/ABCB11/NMB/FOLR2/AKR1C1/STXBP1/AVPR1A/ABCB1/SLC13A2/SLC16A7/PLA2G4A/LRRC8C/SLCO1C1/ABCG2/SLC1A7/IRS2/SLC16A12/SLC7A10/THRSP/CD36/ATP1A2/DRD2/FABP4/ABCD2/PPARA/RBP7/PER2/SLCO1A2/CES1/PLA2R1/LEP/SLC17A7/SLC7A3/RGS2/PPARG/PLA2G5/ACSL1/SLC27A6/EDN1/SLC51B/SLC26A3/ABCC6/SLC16A11/SPX/SLC1A3/SLC22A11/ACE2/PLA2G2A/SLC10A6",49
"GO:0051480","regulation of cytosolic calcium ion concentration","14/1520","44/14866",0.318181818181818,3.1119019138756,4.7345135957912,7.6899738364702e-05,0.00119704700791958,0.00119704700791958,"SV2B/CNR1/SLC8A3/CDH23/CAV1/BOK/ATP2B4/TRPC1/HRC/CALB2/TRPC6/CAV2/PLN/TMEM178A",14
"GO:0007411","axon guidance","35/1520","175/14866",0.2,1.95605263157895,4.29342456411394,7.69957380198065e-05,0.00119704700791958,0.00119704700791958,"NRXN1/RELN/TENM1/LGR6/EPHB1/HMCN2/FEZ1/CXCL12/ROBO3/MYCBP2/SEMA3G/KALRN/NRP1/PLXNA4/NCAM1/PTCH1/ARHGEF40/SEMA6A/EFNB3/TENM2/CNTN6/NEXN/PTPRM/SLIT3/EDN1/NFIB/SEMA5A/SLIT2/ROBO4/SEMA3D/SEMA3A/BOC/NOVA2/EDN3/SEMA6D",35
"GO:0048638","regulation of developmental growth","38/1520","196/14866",0.193877551020408,1.89617346938776,4.26219928621565,7.81922708861442e-05,0.00121172796560334,0.00121172796560334,"RBP4/PRKN/NRG1/CAPN3/FGF2/ZFPM2/GHR/DUSP6/CXCL12/YAP1/RNF157/SPAAR/PROX1/IGF1/ACACB/AKAP6/MYCBP2/TGFBR3/VIM/SEMA3G/NRP1/PPARA/PLXNA4/CPNE8/PTCH1/LEP/RGS2/RGMA/ISLR2/EDN1/MAP1B/MEF2C/STAT5A/SEMA5A/SEMA3A/STAT5B/SEMA6D/MSTN",38
"GO:0046209","nitric oxide metabolic process","19/1520","72/14866",0.263888888888889,2.58090277777778,4.53792479319211,7.98303554235997e-05,0.00122280182900966,0.00122280182900966,"KLF2/MTARC1/PTGS2/PTGIS/HBB/CX3CR1/NOS1/CAV1/ATP2B4/PKD2/CD36/PPARA/TLR4/EDN1/SIRPA/CPS1/KLF4/CYP1A1/CYGB",19
"GO:0032373","positive regulation of sterol transport","12/1520","34/14866",0.352941176470588,3.45185758513932,4.83018240323102,8.01795537339803e-05,0.00122280182900966,0.00122280182900966,"ABCA1/LRP1/ABCA5/ADIPOQ/CAV1/CETP/CES1/PTCH1/ABCA8/EEPD1/PPARG/PLTP",12
"GO:0032376","positive regulation of cholesterol transport","12/1520","34/14866",0.352941176470588,3.45185758513932,4.83018240323102,8.01795537339803e-05,0.00122280182900966,0.00122280182900966,"ABCA1/LRP1/ABCA5/ADIPOQ/CAV1/CETP/CES1/PTCH1/ABCA8/EEPD1/PPARG/PLTP",12
"GO:0035633","maintenance of blood-brain barrier","12/1520","34/14866",0.352941176470588,3.45185758513932,4.83018240323102,8.01795537339803e-05,0.00122280182900966,0.00122280182900966,"CLDN5/ZEB2/JAM3/DMD/JAM2/ANGPT1/IL6/LAMA2/CDH5/PECAM1/LAMC1/ESAM",12
"GO:0099622","cardiac muscle cell membrane repolarization","12/1520","34/14866",0.352941176470588,3.45185758513932,4.83018240323102,8.01795537339803e-05,0.00122280182900966,0.00122280182900966,"SCN2B/CASQ2/ANK2/KCNA5/NOS1/KCNE1/SCN5A/SCN4B/CACNA2D1/KCNIP2/KCNJ2/KCNJ8",12
"GO:0051899","membrane depolarization","21/1520","84/14866",0.25,2.44506578947368,4.48218062756956,8.10368991648276e-05,0.00123196602401213,0.00123196602401213,"SCN2B/ANK2/KDR/CHRNA2/FHL1/CAV1/HCN1/SCN11A/BOK/SCN3A/ATP1A2/SCN3B/SCN5A/SCN4B/CACNA2D1/MYOC/CACNA1G/EDN1/KCNJ2/DCN/SCN9A",21
"GO:0019233","sensory perception of pain","16/1520","55/14866",0.290909090909091,2.84516746411483,4.62651135428536,8.17254925549074e-05,0.00123851503543778,0.00123851503543778,"EPHB1/CCL2/CXCL12/KCNA1/TMEM100/SCN11A/MME/HTR2A/PENK/KCNA2/MGLL/OPRPN/SPX/CCN3/TAC1/SCN9A",16
"GO:0001558","regulation of cell growth","57/1520","336/14866",0.169642857142857,1.65915178571429,4.12430671239456,8.59026677026755e-05,0.00129772457749576,0.00129772457749577,"ACSL4/RPS6KA3/EGFR/PRKN/NRG1/BCL6/PAPPA2/AVPR1A/PTCH2/FHL1/SOCS2/LTBP4/CXCL12/YAP1/RNF157/KRT17/MEG3/KIF26A/IGF1/CDKN2C/AKAP6/VIM/SEMA3G/JADE1/NRP1/HYAL1/PPARA/SGK2/DCUN1D3/PLXNA4/SOX17/CPNE8/IL17B/FAM107A/SCGB3A1/TEAD1/ACVRL1/RGS2/PRDM11/RGMA/ISLR2/SGK1/SLIT3/EDN1/MAP1B/PAK5/MSX1/SEMA5A/NPR1/SLIT2/HBEGF/SEMA3A/SFRP1/CCN3/ESR2/SEMA6D/CRYAB",57
"GO:0055080","monoatomic cation homeostasis","66/1520","405/14866",0.162962962962963,1.59382066276803,4.08895512564274,8.67111766027034e-05,0.00130374909629733,0.00130374909629733,"CASQ2/CCL14/PRNP/ANK2/C19orf12/TF/KCNA5/MICU3/AVPR1A/KLHL3/CCL23/SV2B/ATP13A4/PTH1R/TRDN/CNR1/BMP6/SLC8A3/CXCL12/SLC25A27/KCNA1/CCL13/CDH23/CAV1/BOK/SLC24A4/SMAD9/RYR3/JPH2/ATP2B4/MT1X/ATP1A2/DRD2/MT1M/ATP13A5/SCN7A/CDH5/SCARA5/CYBRD1/HTR2A/RGN/TESC/TRPC1/HRC/CALB2/ALPL/TRPC6/EDNRB/SLC9A9/ATP1B2/EDN1/KCNJ2/DMTN/CAV2/NPR1/BMP2/SLC26A3/ABCC6/ACO1/SPX/ELANE/PLN/NT5E/EDN3/PDK4/TMEM178A",66
"GO:0097485","neuron projection guidance","35/1520","176/14866",0.198863636363636,1.94493869617225,4.25576619638968,8.68442362229698e-05,0.00130374909629733,0.00130374909629733,"NRXN1/RELN/TENM1/LGR6/EPHB1/HMCN2/FEZ1/CXCL12/ROBO3/MYCBP2/SEMA3G/KALRN/NRP1/PLXNA4/NCAM1/PTCH1/ARHGEF40/SEMA6A/EFNB3/TENM2/CNTN6/NEXN/PTPRM/SLIT3/EDN1/NFIB/SEMA5A/SLIT2/ROBO4/SEMA3D/SEMA3A/BOC/NOVA2/EDN3/SEMA6D",35
"GO:0071300","cellular response to retinoic acid","17/1520","61/14866",0.278688524590164,2.72564710957722,4.55765440286204,8.96624789266607e-05,0.00134186463789308,0.00134186463789308,"SERPINF1/ANKK1/ABCA1/OSR1/FZD4/BRINP1/DRD2/ALDH1A2/WNT10B/NTRK3/LEP/TESC/WNT11/FZD7/CYP26B1/KLF4/AQP1",17
"GO:0044706","multi-multicellular organism process","28/1520","129/14866",0.217054263565891,2.12284781721746,4.32254877959102,9.01822022925069e-05,0.00134545124165591,0.00134545124165591,"FBLN1/PCSK5/ACVR1C/AVPR1A/NODAL/PTN/ADRA2A/IL11RA/STOX2/CRHBP/ADRA2B/OXTR/TACR1/LEP/RGS2/CLIC5/FOSB/ENDOU/EDN1/STS/PTGFR/MAFF/CYP1A1/TPPP3/FOS/TAC1/ACE2/MSTN",28
"GO:0033344","cholesterol efflux","15/1520","50/14866",0.3,2.93407894736842,4.62298416226273,9.19709404373273e-05,0.00136366789463247,0.00136366789463247,"ABCG8/ABCA1/LRP1/ABCA5/ADIPOQ/CAV1/CETP/CES1/PTCH1/ABCA8/MIR145/EEPD1/EGF/PPARG/PLTP",15
"GO:0046888","negative regulation of hormone secretion","15/1520","50/14866",0.3,2.93407894736842,4.62298416226273,9.19709404373273e-05,0.00136366789463247,0.00136366789463247,"PRKN/NMB/FAM3D/CRY2/ADRA2A/KCNB1/CRHBP/DRD2/PDE8B/FOXO1/LEP/FFAR4/HADH/EDN1/CCN3",15
"GO:0050801","monoatomic ion homeostasis","67/1520","414/14866",0.161835748792271,1.58279621154335,4.0586500306708,9.51780135197071e-05,0.00140687746753438,0.00140687746753438,"CASQ2/CCL14/PRNP/ANK2/C19orf12/TF/KCNA5/MICU3/AVPR1A/KLHL3/CCL23/SV2B/ATP13A4/PTH1R/TRDN/CNR1/BMP6/SLC8A3/CXCL12/SLC25A27/KCNA1/CCL13/CDH23/CAV1/BOK/SLC24A4/SMAD9/RYR3/JPH2/ATP2B4/MT1X/ATP1A2/DRD2/MT1M/ATP13A5/SCN7A/CDH5/SCARA5/CYBRD1/HTR2A/RGN/TESC/TRPC1/HRC/CALB2/ALPL/TRPC6/EDNRB/SLC9A9/ATP1B2/EDN1/KCNJ2/DMTN/CPS1/CAV2/NPR1/BMP2/SLC26A3/ABCC6/ACO1/SPX/ELANE/PLN/NT5E/EDN3/PDK4/TMEM178A",67
"GO:0170062","nutrient storage","19/1520","73/14866",0.26027397260274,2.54554794520548,4.46729337193938,9.77103411320739e-05,0.00143704052175599,0.00143704052175599,"ABCA1/CRY2/CAV1/ACACB/CD36/PPARA/CES1/IL6/LEP/LPL/CIDEA/PPARG/PNPLA2/DGAT2/APOB/C3/DAB2IP/MEST/CIDEC",19
"GO:0002790","peptide secretion","35/1520","177/14866",0.19774011299435,1.93395034195659,4.21835372041871,9.78168714850562e-05,0.00143704052175599,0.00143704052175599,"ACSL4/RASL10B/RBP4/MYRIP/PRKN/DOC2B/KCNA5/FAM3D/PRKD1/IRS2/ADRA2A/ADCY5/KCNB1/ITSN1/CRHBP/DRD2/PDE8B/NPY2R/RAPGEF3/FOXO1/PER2/IL6/PRKCA/LEP/GPLD1/NNAT/ECRG4/CACNA2D1/FFAR4/HADH/MLXIPL/EDN1/CCN3/TCF7L2/EDN3",35
"GO:0042552","myelination","24/1520","104/14866",0.230769230769231,2.25698380566802,4.34112650812849,0.000102834276412508,0.0015037512960286,0.0015037512960286,"ANK2/CLDN5/PLP1/GPM6B/SLC8A3/SOX10/B4GALT6/PTN/CFH/IGF1/JAM2/ABCD2/PRX/PTPRZ1/QKI/S100B/GAL3ST1/LPIN1/TPPP/MYOC/EGR2/SCN2A/LGI4/MPZ",24
"GO:0051017","actin filament bundle assembly","31/1520","150/14866",0.206666666666667,2.02125438596491,4.2424171049027,0.000103010847493361,0.0015037512960286,0.0015037512960286,"ARHGAP6/EPS8/PRKN/S1PR1/FERMT2/CX3CL1/LIMCH1/SYNPO2/DLC1/PTGER4/ZEB2/SORBS1/RGCC/NRP1/NEDD9/RAPGEF3/SHANK3/TACR1/FAM107A/MYL9/ARHGEF15/ITGB1BP1/MYOC/PIK3R1/SYNPO/PHLDB2/PARVA/DMTN/SFRP1/TAC1/FHOD3",31
"GO:0010812","negative regulation of cell-substrate adhesion","16/1520","56/14866",0.285714285714286,2.79436090225564,4.53999079660319,0.000103675864834394,0.0015037512960286,0.0015037512960286,"ARHGAP6/FBLN1/CX3CL1/FZD4/DLC1/CORO2B/FAM107A/ITGB1BP1/ACVRL1/MYOC/HOXA7/FZD7/PHLDB2/DMTN/KANK1/APOD",16
"GO:0032835","glomerulus development","16/1520","56/14866",0.285714285714286,2.79436090225564,4.53999079660319,0.000103675864834394,0.0015037512960286,0.0015037512960286,"OSR1/CD34/TEK/ANGPT1/ACTA2/EGR1/KLF15/PECAM1/EDN1/MEF2C/PDGFRA/CR1/PDGFD/COL4A3/LGR4/AQP1",16
"GO:0051048","negative regulation of secretion","28/1520","130/14866",0.215384615384615,2.10651821862348,4.27630949177374,0.000103922862256764,0.0015037512960286,0.0015037512960286,"ACSL4/PRKN/NMB/NRG1/FAM3D/CRY2/PTGER3/ADRA2A/KCNB1/CRHBP/DRD2/PDE8B/NPY2R/ANXA1/STXBP6/ADRA2B/FOXO1/PLA2R1/LEP/EGF/FFAR4/HADH/CD200/EDN1/PDE1C/SPX/CCN3/SNCA",28
"GO:0035725","sodium ion transmembrane transport","32/1520","157/14866",0.203821656050955,1.99342943345625,4.22302804810646,0.000105772900738656,0.00152592497041592,0.00152592497041592,"SCN2B/SLC5A4/OSR1/SLC5A1/SLC13A2/SLC8A3/NOS1/HCN1/SCN11A/SCN4A/SLC24A4/SCN3A/DMD/ATP2B4/PKD2/ATP1A2/UTRN/SCN7A/SCN3B/SCN5A/SLC17A7/FXYD2/TESC/SLC28A3/SCN4B/CNGA1/SCN2A/SLC9A9/ATP1B2/SLC6A2/ANO6/SCN9A",32
"GO:0010743","regulation of macrophage derived foam cell differentiation","11/1520","30/14866",0.366666666666667,3.58609649122807,4.78493046060758,0.000106742614552759,0.00152616523902219,0.00152616523902219,"ABCA1/ABCA5/ADIPOQ/CETP/CD36/PPARA/LPL/PPARG/PLA2G5/APOB/PLA2G2A",11
"GO:0010880","regulation of release of sequestered calcium ion into cytosol by sarcoplasmic reticulum","11/1520","30/14866",0.366666666666667,3.58609649122807,4.78493046060758,0.000106742614552759,0.00152616523902219,0.00152616523902219,"CASQ2/ANK2/TRDN/GSTM2/DMD/AKAP6/JPH2/ATP1A2/CLIC2/HRC/JPH4",11
"GO:0010882","regulation of cardiac muscle contraction by calcium ion signaling","11/1520","30/14866",0.366666666666667,3.58609649122807,4.78493046060758,0.000106742614552759,0.00152616523902219,0.00152616523902219,"CASQ2/ANK2/TRDN/NOS1/GSTM2/DMD/JPH2/ATP1A2/CLIC2/HRC/JPH4",11
"GO:0002691","regulation of cellular extravasation","12/1520","35/14866",0.342857142857143,3.35323308270677,4.70373060349643,0.000110740847710317,0.00157863214362125,0.00157863214362125,"LYVE1/PTGER4/JAM3/CXCL12/SELE/XG/SELP/CCL21/CCL28/PDGFD/BST1/ELANE",12
"GO:0055023","positive regulation of cardiac muscle tissue growth","9/1520","21/14866",0.428571428571429,4.19154135338346,4.93911016359414,0.000111805875121477,0.00158909888782124,0.00158909888782124,"NRG1/FGF2/ZFPM2/YAP1/IGF1/AKAP6/TGFBR3/EDN1/MEF2C",9
"GO:0007162","negative regulation of cell adhesion","46/1520","257/14866",0.178988326848249,1.75055293876715,4.09606026140911,0.000112478034595027,0.00159393651384811,0.00159393651384811,"ARHGAP6/VSIG4/FBLN1/PRNP/CX3CL1/FZD4/DLC1/BMP6/JAM3/CXCL12/ADIPOQ/RGCC/ADAMTS18/ANXA1/PPARA/ANGPT1/DACT2/CORO2B/FAM107A/SEMA6A/ITGB1BP1/CCL21/ACVRL1/VSIR/MYOC/PLA2G5/HOXA7/FZD7/CCL28/PHLDB2/CTSG/DMTN/STAT5A/SEMA5A/CR1/BMP2/NOTCH4/KANK1/CDH13/DUSP1/KLF4/PDE3B/APOD/PLA2G2A/C1QTNF1/EPHA2",46
"GO:0086070","SA node cell to atrial cardiac muscle cell communication","7/1520","13/14866",0.538461538461538,5.2662955465587,5.19330960008825,0.000113364832972277,0.00160177840470241,0.00160177840470241,"ANK2/KCNA5/HCN1/SCN3B/SCN5A/TBX18/CACNA1G",7
"GO:0015908","fatty acid transport","21/1520","86/14866",0.244186046511628,2.38820379436965,4.35706386914863,0.000116642187315188,0.00163844756684843,0.00163844756684843,"ACSL4/NMB/PLA2G4A/IRS2/THRSP/CD36/DRD2/FABP4/ABCD2/PPARA/RBP7/PLA2R1/LEP/PPARG/PLA2G5/ACSL1/SLC27A6/EDN1/SPX/SLC22A11/PLA2G2A",21
"GO:0043500","muscle adaptation","21/1520","86/14866",0.244186046511628,2.38820379436965,4.35706386914863,0.000116642187315188,0.00163844756684843,0.00163844756684843,"IGF1/AKAP6/ATP2B4/ADRA1A/NR4A3/MYOZ2/PPARA/GSN/FOXO1/PRKCA/SCN5A/MIR145/KLF15/RGS2/PPARG/MYOC/EDN1/FBXO32/KLF4/MLIP/MSTN",21
"GO:0015909","long-chain fatty acid transport","15/1520","51/14866",0.294117647058824,2.8765479876161,4.53025476064083,0.000118104550364049,0.00165271463066641,0.00165271463066641,"NMB/PLA2G4A/IRS2/THRSP/CD36/DRD2/FABP4/ABCD2/PLA2R1/PPARG/PLA2G5/ACSL1/SLC27A6/SPX/PLA2G2A",15
"GO:0007613","memory","20/1520","80/14866",0.25,2.44506578947368,4.37356869895554,0.000118793305619362,0.00165271463066641,0.00165271463066641,"RELN/SERPINF1/PRNP/SLC8A3/SLC2A4/PTN/VLDLR/DRD2/NTF4/SHANK3/TACR1/EGR1/ACSS2/HTR2A/SCN2A/ARC/KAT2B/FOS/TAC1/EIF4EBP2",20
"GO:0019217","regulation of fatty acid metabolic process","20/1520","80/14866",0.25,2.44506578947368,4.37356869895554,0.000118793305619362,0.00165271463066641,0.00165271463066641,"ABCB11/PTGS2/GPIHBP1/AVPR1A/PPARGC1A/ADIPOQ/IRS2/CAV1/ACACB/ABCD2/PPARA/PPARG/MLXIPL/EDN1/ANGPTL4/DGAT2/TWIST1/ACADL/KAT2B/PDK4",20
"GO:2001057","reactive nitrogen species metabolic process","19/1520","74/14866",0.256756756756757,2.51114864864865,4.39782848994354,0.000119033984640003,0.00165271463066641,0.00165271463066641,"KLF2/MTARC1/PTGS2/PTGIS/HBB/CX3CR1/NOS1/CAV1/ATP2B4/PKD2/CD36/PPARA/TLR4/EDN1/SIRPA/CPS1/KLF4/CYP1A1/CYGB",19
"GO:0021537","telencephalon development","33/1520","165/14866",0.2,1.95605263157895,4.1675327853793,0.000121820493468902,0.00168652925252047,0.00168652925252047,"RELN/AVPR1A/FEZ1/FOXP2/SLC8A3/CXCL12/FAT4/KCNA1/PROX1/KIF26A/ATP2B4/EZH1/ATP1A2/DRD2/AVPR2/TACC1/PLXNA4/SHANK3/SCN5A/DIXDC1/LHX6/MGARP/P2RY12/KCNA2/ATP1B2/NFIB/BMP2/SLIT2/DAB2IP/SEMA3A/FOS/AQP1/NTRK2",33
"GO:1903034","regulation of response to wounding","29/1520","138/14866",0.210144927536232,2.05527269260107,4.20301602578176,0.000125017860190403,0.00172582126538705,0.00172582126538705,"FERMT2/FGF2/F3/CAV1/PTN/ADRA2A/SCARF1/MMRN1/EMILIN2/CD36/ADAMTS18/ANXA1/IL33/SERPING1/PDGFA/PROS1/DDR2/TFPI/MYLK/RGMA/EDN1/PHLDB2/DMTN/PDGFRA/KANK1/HBEGF/THBD/C1QTNF1/ANO6",29
"GO:0034765","regulation of monoatomic ion transmembrane transport","42/1520","229/14866",0.183406113537118,1.79376005515973,4.08516530773067,0.000126012056177173,0.00173456136926973,0.00173456136926973,"CASQ2/PRNP/ANK2/OSR1/CX3CL1/BIN1/CAPN3/TRDN/GRIN2B/FHL1/NOS1/CAV1/GSTM2/DMD/AKAP6/JPH2/ATP2B4/ATP1A2/STAC2/UTRN/DPP6/KCNE1/CLIC2/SCN5A/KCNAB1/FXYD2/TESC/TRPC1/HRC/CACNA2D1/TRPC6/ATP1B2/KCNIP2/EDN1/KCNS1/KCNJ2/ADCYAP1R1/KCNIP1/PLN/JPH4/ANO6/SNCA",42
"GO:0007178","cell surface receptor protein serine/threonine kinase signaling pathway","52/1520","303/14866",0.171617161716172,1.67846100399514,4.026701817099,0.000127857778252317,0.00175493933349752,0.00175493933349752,"ZNF423/SOSTDC1/FERMT2/CLDN5/ACVR1C/ID1/LRP1/KDR/SPRY1/ZEB2/BMP6/LTBP4/MIR205/NODAL/TMEM100/RBPMS2/CAV1/BMP3/RGCC/SPRY2/GREM2/SMAD9/TGFBR3/PPARA/MYOCD/CHRDL1/DACT2/CDH5/TGFBR2/MIR145/IL17RD/FMOD/CRB2/CRIM1/CIDEA/ACVRL1/JUN/BMP5/PPARG/BMPER/RGMA/GDF10/CDKN1C/FSTL1/CCN1/DKK3/BMP2/ATOH8/PRDM16/CCN3/FOS/MSTN",52
"GO:0061041","regulation of wound healing","25/1520","112/14866",0.223214285714286,2.18309445488722,4.24133162807435,0.000131698131528984,0.00180250092269299,0.00180250092269299,"FERMT2/FGF2/F3/CAV1/ADRA2A/MMRN1/EMILIN2/CD36/ADAMTS18/ANXA1/SERPING1/PDGFA/PROS1/DDR2/TFPI/MYLK/EDN1/PHLDB2/DMTN/PDGFRA/KANK1/HBEGF/THBD/C1QTNF1/ANO6",25
"GO:0010875","positive regulation of cholesterol efflux","10/1520","26/14866",0.384615384615385,3.76163967611336,4.75625825117391,0.000138340294558425,0.00188336104196453,0.00188336104196453,"ABCA1/LRP1/ADIPOQ/CAV1/CES1/PTCH1/ABCA8/EEPD1/PPARG/PLTP",10
"GO:0030072","peptide hormone secretion","34/1520","173/14866",0.196531791907514,1.9221326437481,4.11708562374924,0.000138390184807136,0.00188336104196453,0.00188336104196453,"ACSL4/RASL10B/RBP4/MYRIP/PRKN/DOC2B/KCNA5/FAM3D/PRKD1/IRS2/ADRA2A/ADCY5/KCNB1/ITSN1/CRHBP/DRD2/PDE8B/RAPGEF3/FOXO1/PER2/IL6/PRKCA/LEP/GPLD1/NNAT/ECRG4/CACNA2D1/FFAR4/HADH/MLXIPL/EDN1/CCN3/TCF7L2/EDN3",34
"GO:0050680","negative regulation of epithelial cell proliferation","21/1520","87/14866",0.241379310344828,2.36075317604356,4.29581083318316,0.000139164684858098,0.00188855126005171,0.00188855126005171,"TNMD/DSC1/KLF9/CCL2/NGFR/MIR205/CAV1/RGCC/TGFBR3/MMRN2/ACVRL1/PPARG/CDKN1C/PTPRM/MEF2C/NFIB/CAV2/ATOH8/COL4A3/DAB2IP/SFRP1",21
"GO:0007272","ensheathment of neurons","24/1520","106/14866",0.226415094339623,2.21439920556107,4.2344783701468,0.000141023713884793,0.00190302786938918,0.00190302786938918,"ANK2/CLDN5/PLP1/GPM6B/SLC8A3/SOX10/B4GALT6/PTN/CFH/IGF1/JAM2/ABCD2/PRX/PTPRZ1/QKI/S100B/GAL3ST1/LPIN1/TPPP/MYOC/EGR2/SCN2A/LGI4/MPZ",24
"GO:0008366","axon ensheathment","24/1520","106/14866",0.226415094339623,2.21439920556107,4.2344783701468,0.000141023713884793,0.00190302786938918,0.00190302786938918,"ANK2/CLDN5/PLP1/GPM6B/SLC8A3/SOX10/B4GALT6/PTN/CFH/IGF1/JAM2/ABCD2/PRX/PTPRZ1/QKI/S100B/GAL3ST1/LPIN1/TPPP/MYOC/EGR2/SCN2A/LGI4/MPZ",24
"GO:0048041","focal adhesion assembly","20/1520","81/14866",0.246913580246914,2.41487979207277,4.30903557245641,0.000142801396201149,0.00192161878809614,0.00192161878809614,"ARHGAP6/FERMT2/LIMCH1/KDR/DLC1/GPM6B/SORBS1/TEK/THSD1/NRP1/TSPAN11/CORO2B/FAM107A/ITGB1BP1/ACVRL1/MYOC/PHLDB2/DMTN/SFRP1/APOD",20
"GO:0070296","sarcoplasmic reticulum calcium ion transport","13/1520","41/14866",0.317073170731707,3.10105905006419,4.54633596661342,0.00014361757926932,0.00192720349388216,0.00192720349388216,"CASQ2/ANK2/TRDN/GSTM2/DMD/AKAP6/RYR3/JPH2/ATP1A2/CLIC2/HRC/PLN/JPH4",13
"GO:0006633","fatty acid biosynthetic process","30/1520","146/14866",0.205479452054795,2.0096431146359,4.13731989224832,0.000147370573749626,0.00197205636850475,0.00197205636850475,"ACSL4/ACSM3/PTGS2/GPIHBP1/AVPR1A/AKR1C3/PLA2G4A/PTGIS/GSTM2/ACACB/PECR/ABCD2/ELOVL3/ACSS2/LPL/FADS3/MLXIPL/ACSL1/EDN1/ANGPTL4/MGLL/ACSM1/ACADL/CYP1A1/ACSM5/EHHADH/KAT2B/SCD/PDK4/CYP3A4",30
"GO:0016049","cell growth","63/1520","389/14866",0.161953727506427,1.58395007441483,3.93858227475152,0.00014901013376983,0.00198845745175073,0.00198845745175073,"ACSL4/RPS6KA3/EGFR/PRKN/NRG1/BCL6/PAPPA2/AVPR1A/PTCH2/FHL1/SOCS2/LTBP4/CXCL12/YAP1/RNF157/KRT17/MEG3/KIF26A/IGF1/CDKN2C/AKAP6/ST8SIA2/VIM/SEMA3G/JADE1/NRP1/HYAL1/PPARA/SGK2/DCUN1D3/PLXNA4/SOX17/CPNE8/IL17B/SORBS2/FAM107A/SCGB3A1/TEAD1/NPR2/S100B/ACVRL1/RGS2/PRDM11/NRN1/RGMA/ISLR2/SGK1/SLIT3/EDN1/MAP1B/PAK5/MSX1/SEMA5A/NPR1/SLIT2/HBEGF/SEMA3A/SFRP1/CCN3/EDN3/ESR2/SEMA6D/CRYAB",63
"GO:0006805","xenobiotic metabolic process","23/1520","100/14866",0.23,2.24946052631579,4.2307737260819,0.000149995166803759,0.00199605756599794,0.00199605756599794,"ABCB11/AKR1C1/ABCB1/ALDH2/NOS1/ALDH3A1/GSTM2/AADAC/SLCO1A2/SULT1C4/AOX1/GLYAT/SLC28A3/AOC2/FMO2/CYP2U1/ACSL1/CYP46A1/ACSM1/CYP26B1/DPYD/CYP1A1/CYP3A4",23
"GO:0035904","aorta development","12/1520","36/14866",0.333333333333333,3.26008771929825,4.58178452238125,0.000150777719205933,0.00199611474087972,0.00199611474087972,"LRP1/ADAMTS9/NGFR/MIR205/PDE2A/PROX1/PKD2/TGFBR2/MIR145/MYLK/ACVRL1/EGR2",12
"GO:0061572","actin filament bundle organization","31/1520","153/14866",0.202614379084967,1.98162194702442,4.11877481170072,0.000150830485208022,0.00199611474087972,0.00199611474087972,"ARHGAP6/EPS8/PRKN/S1PR1/FERMT2/CX3CL1/LIMCH1/SYNPO2/DLC1/PTGER4/ZEB2/SORBS1/RGCC/NRP1/NEDD9/RAPGEF3/SHANK3/TACR1/FAM107A/MYL9/ARHGEF15/ITGB1BP1/MYOC/PIK3R1/SYNPO/PHLDB2/PARVA/DMTN/SFRP1/TAC1/FHOD3",31
"GO:0061448","connective tissue development","35/1520","181/14866",0.193370165745856,1.8912111078802,4.07109834137244,0.000155325371392671,0.00204995352794064,0.00204995352794064,"OSR1/PPARGC1A/FGF2/PLAAT3/CD34/BMP6/GHR/BMP3/ZBTB16/NR5A2/HYAL1/WNT10B/ACTA2/LEP/SOX5/TGFBR2/GPLD1/ARID5B/EGR1/LPL/NPR2/ACVRL1/WNT11/BMP5/HMGCS2/PPARG/EFEMP1/MEF2C/PKDCC/NFIB/DGAT2/OGN/BMP2/PDGFD/CCN3",35
"GO:0030534","adult behavior","16/1520","58/14866",0.275862068965517,2.69800362976407,4.37253302866714,0.000163455988258364,0.00215134950025529,0.00215134950025529,"NRXN1/PRKN/DMRT3/FGF2/CXCL12/NLGN4X/CRHBP/DRD2/PPARA/NTF4/SHANK3/LEP/HTR2A/PENK/FOSB/SNCA",16
"GO:0016102","diterpenoid biosynthetic process","6/1520","10/14866",0.6,5.86815789473684,5.19687655554441,0.000165199226977573,0.00215976350674762,0.00215976350674762,"AKR1C3/ALDH1A2/ALDH1A3/ALDH1A1/CYP1A1/DHRS9",6
"GO:1990859","cellular response to endothelin","6/1520","10/14866",0.6,5.86815789473684,5.19687655554441,0.000165199226977573,0.00215976350674762,0.00215976350674762,"KLF2/PRKD1/IRS2/KLF15/KLF11/KLF4",6
"GO:0050906","detection of stimulus involved in sensory perception","21/1520","88/14866",0.238636363636364,2.3339264354067,4.23539651394005,0.000165443998851608,0.00215976350674762,0.00215976350674762,"EPHB1/CXCL12/KCNA1/SCN11A/SLC24A4/PTPRQ/EYS/TMC2/HTR2A/PRCD/OR51E1/FFAR4/OR2A1/KIT/PIGR/OR52N4/OR7C1/OR2A42/OR2L13/TAC1/SCN9A",21
"GO:0090287","regulation of cellular response to growth factor stimulus","45/1520","254/14866",0.177165354330709,1.732723787816,3.97494394087625,0.000169366021905968,0.0022049711903422,0.0022049711903422,"ZNF423/NRXN1/SOSTDC1/KDR/FGF2/FGF1/SPRY1/ZEB2/LTBP4/RBPMS2/CAV1/PROX1/MMRN1/SPRY2/GREM2/DMD/ATP2B4/TGFBR3/NRP1/PPARA/MYOCD/ANGPT1/CHRDL1/MMRN2/CDH5/MIR145/IL17RD/SEMA6A/CRB2/CRIM1/CIDEA/ACVRL1/CCBE1/PPARG/CDKN1C/FSTL1/CCN1/DKK3/BMP2/SLIT2/DAB2IP/FGF16/PRDM16/DCN/ADAMTS3",45
"GO:0051962","positive regulation of nervous system development","37/1520","196/14866",0.188775510204082,1.84627416756176,4.02487830329176,0.000170518686272346,0.002213977753655,0.002213977753655,"NRXN1/RELN/SERPINF1/CX3CL1/FZD4/BIN1/EPHB1/CX3CR1/CXCL12/SOX10/SLITRK2/SLITRK3/PTN/ROBO3/MME/ST8SIA2/VIM/DRD2/NRP1/PTPRZ1/SHANK3/IL6/GFAP/PRKCA/QKI/IL34/DCT/EGR2/KIT/ISLR2/MAP1B/NLGN1/SEMA5A/BMP2/SLIT2/HAP1/NTRK2",37
"GO:0072073","kidney epithelium development","23/1520","101/14866",0.227722772277228,2.22718863991662,4.17622585809771,0.000175741536485148,0.00227563973389394,0.00227563973389394,"OSR1/KLHL3/FGF2/CAT/CD34/KANK2/FGF1/PKD2/KLF15/PECAM1/WNT11/BMPER/EDN1/MEF2C/BMP2/SLIT2/POU3F3/LGR4/SFRP1/SIM1/GPC3/IRX1/AQP1",23
"GO:0001952","regulation of cell-matrix adhesion","25/1520","114/14866",0.219298245614035,2.1447945521699,4.14079011926171,0.000177242145850682,0.00228276479535302,0.00228276479535302,"ARHGAP6/FERMT2/CX3CL1/LIMCH1/PLPP3/KDR/DLC1/GPM6B/TEK/CD36/NRP1/UTRN/FAM107A/ITGB1BP1/CCL21/ACVRL1/MYOC/HOXA7/CCL28/PHLDB2/DMTN/CDH13/SFRP1/BST1/APOD",25
"GO:0072006","nephron development","25/1520","114/14866",0.219298245614035,2.1447945521699,4.14079011926171,0.000177242145850682,0.00228276479535302,0.00228276479535302,"OSR1/KLHL3/FGF2/CD34/FGF1/TEK/PKD2/ANGPT1/ACTA2/EGR1/KLF15/PECAM1/WNT11/EDN1/MEF2C/PDGFRA/CR1/BMP2/PDGFD/COL4A3/POU3F3/LGR4/GPC3/IRX1/AQP1",25
"GO:0010883","regulation of lipid storage","13/1520","42/14866",0.30952380952381,3.02722431077694,4.43989232875499,0.000188715538437745,0.00241114214535885,0.00241114214535885,"ABCA1/ACACB/CD36/PPARA/CES1/IL6/LEP/LPL/PPARG/PNPLA2/APOB/C3/MEST",13
"GO:0046460","neutral lipid biosynthetic process","13/1520","42/14866",0.30952380952381,3.02722431077694,4.43989232875499,0.000188715538437745,0.00241114214535885,0.00241114214535885,"AGPAT2/PLA2G4A/AGMO/GPAT3/GPAM/THRSP/PCK1/GPLD1/LPIN1/PNPLA2/ACSL1/DGAT2/C3",13
"GO:0046463","acylglycerol biosynthetic process","13/1520","42/14866",0.30952380952381,3.02722431077694,4.43989232875499,0.000188715538437745,0.00241114214535885,0.00241114214535885,"AGPAT2/PLA2G4A/AGMO/GPAT3/GPAM/THRSP/PCK1/GPLD1/LPIN1/PNPLA2/ACSL1/DGAT2/C3",13
"GO:0001501","skeletal system development","52/1520","308/14866",0.168831168831169,1.65121326042379,3.89741297431725,0.000194817571752728,0.00248250295676421,0.00248250295676421,"RBP4/RPS6KA3/PCSK5/OSR1/FGF2/PTH1R/PTGER4/BMP6/ALX4/GHR/FBLN5/ETS2/BMP3/TLL1/IGF1/HOXA9/ZBTB16/NR5A2/HYAL1/WNT10B/LEP/SOX5/TGFBR2/GPLD1/DDR2/NPR2/MAP2K6/ACVRL1/WNT11/BMP5/FREM1/ALPL/MYOC/EFEMP1/GDF10/HOXA2/NPR3/HOXA3/HOXA4/MEF2C/PKDCC/NFIB/OGN/PDGFRA/BMP2/CYP26B1/TWIST1/PRELP/HOXD4/HHIP/LEPR/CCN3",52
"GO:0007616","long-term memory","10/1520","27/14866",0.37037037037037,3.62231968810916,4.60250099173415,0.0001997022843454,0.00252465729998763,0.00252465729998763,"RELN/PRNP/SLC2A4/DRD2/NTF4/TACR1/EGR1/ACSS2/ARC/TAC1",10
"GO:0019433","triglyceride catabolic process","10/1520","27/14866",0.37037037037037,3.62231968810916,4.60250099173415,0.0001997022843454,0.00252465729998763,0.00252465729998763,"GPIHBP1/AADAC/FABP4/GPLD1/LPL/LIPE/PNPLA2/CPS1/MGLL/PLIN1",10
"GO:0051155","positive regulation of striated muscle cell differentiation","10/1520","27/14866",0.37037037037037,3.62231968810916,4.60250099173415,0.0001997022843454,0.00252465729998763,0.00252465729998763,"NRG1/PRKD1/PROX1/IGF1/AKAP6/MYOCD/EDN1/MEF2C/CYP26B1/SMYD1",10
"GO:0055119","relaxation of cardiac muscle","8/1520","18/14866",0.444444444444444,4.34678362573099,4.79466864777932,0.000200307966130824,0.00252566789840546,0.00252566789840546,"GSTM2/AKAP6/ATP1A2/GSN/RGS2/HRC/KCNJ2/PLN",8
"GO:0001504","neurotransmitter uptake","12/1520","37/14866",0.324324324324324,3.17197724039829,4.4640483522513,0.000202568314686244,0.00254083076697837,0.00254083076697837,"PRKN/GPM6B/SLC1A7/NOS1/ATP1A2/SLC22A3/DRD2/PER2/SLC6A2/SLC29A4/SLC1A3/SNCA",12
"GO:0014808","release of sequestered calcium ion into cytosol by sarcoplasmic reticulum","12/1520","37/14866",0.324324324324324,3.17197724039829,4.4640483522513,0.000202568314686244,0.00254083076697837,0.00254083076697837,"CASQ2/ANK2/TRDN/GSTM2/DMD/AKAP6/RYR3/JPH2/ATP1A2/CLIC2/HRC/JPH4",12
"GO:0005976","polysaccharide metabolic process","20/1520","83/14866",0.240963855421687,2.356689917565,4.18279948344002,0.000203945730343496,0.00255144606398478,0.00255144606398478,"SORBS1/IRS2/IGF1/EPM2A/HAS1/HAS3/GYG2/PER2/GABARAPL1/STBD1/EGF/PGM1/CHST7/PHKG1/PYGL/GBE1/UGP2/PYGM/PPP1R1A/PPP1R3G",20
"GO:0060078","regulation of postsynaptic membrane potential","25/1520","115/14866",0.217391304347826,2.12614416475973,4.0912957051684,0.000204870638793259,0.0025563598669164,0.0025563598669164,"NRXN1/RELN/PRKN/RGS7BP/GRIN2B/CHRNA2/SLC8A3/CBLN1/SLC1A7/GLRA3/NOS1/NLGN4X/HCN1/GRIK1/MET/GABRA2/DRD2/SHANK3/SLC17A7/KCNA2/MEF2C/NLGN1/ADRB2/P2RX6/GRIA4",25
"GO:0014819","regulation of skeletal muscle contraction","7/1520","14/14866",0.5,4.89013157894737,4.91433240867488,0.000206718106254781,0.00255946851146383,0.00255946851146383,"PRKD1/SLC8A3/ADGRD1/SCN4A/GSTM2/DMD/KCNJ2",7
"GO:0014821","phasic smooth muscle contraction","7/1520","14/14866",0.5,4.89013157894737,4.91433240867488,0.000206718106254781,0.00255946851146383,0.00255946851146383,"PTGER3/SCN11A/DRD2/KIT/EDNRB/EDN1/EDN3",7
"GO:0050911","detection of chemical stimulus involved in sensory perception of smell","7/1520","14/14866",0.5,4.89013157894737,4.91433240867488,0.000206718106254781,0.00255946851146383,0.00255946851146383,"SLC24A4/OR51E1/OR2A1/OR52N4/OR7C1/OR2A42/OR2L13",7
"GO:0002920","regulation of humoral immune response","11/1520","32/14866",0.34375,3.36196546052632,4.51385999798364,0.000207977317265163,0.00256185392856883,0.00256185392856883,"VSIG4/C4BPA/KLK3/CFH/SERPING1/MASP1/A2M/C6/CR1/C3/CFI",11
"GO:0045745","positive regulation of G protein-coupled receptor signaling pathway","11/1520","32/14866",0.34375,3.36196546052632,4.51385999798364,0.000207977317265163,0.00256185392856883,0.00256185392856883,"NRXN1/NOS1/PKD2/DRD2/PRKCA/RGS2/MRAP2/EDN1/GAS2L2/CAV2/C3",11
"GO:0015833","peptide transport","37/1520","198/14866",0.186868686868687,1.82762493354599,3.95648388345586,0.000210820266027807,0.00259023160613193,0.00259023160613193,"ACSL4/RASL10B/RBP4/MYRIP/PRKN/DOC2B/KCNA5/FAM3D/PRKD1/IRS2/ADRA2A/ADCY5/KCNB1/ITSN1/CRHBP/DRD2/PDE8B/NPY2R/RAPGEF3/FOXO1/CD209/PER2/IL6/PRKCA/LEP/MGST1/GPLD1/NNAT/ECRG4/CACNA2D1/FFAR4/HADH/MLXIPL/EDN1/CCN3/TCF7L2/EDN3",37
"GO:0019730","antimicrobial humoral response","26/1520","122/14866",0.213114754098361,2.08431837791199,4.05842723106634,0.000216360775400838,0.00265152338016742,0.00265152338016742,"RARRES2/CCL14/JCHAIN/ADM/TF/CX3CL1/RNASE4/CCL24/CCL23/KLK3/CCL2/CXCL12/CCL13/TSLP/RNASE7/CCL16/IGHA2/IGHA1/CCL21/CXCL2/CCL28/CTSG/CXCL3/MUC7/ELANE/TAC1",26
"GO:0043114","regulation of vascular permeability","14/1520","48/14866",0.291666666666667,2.85257675438596,4.33841131682712,0.000218210912535658,0.00266062239548553,0.00266062239548554,"FERMT2/CLDN5/ADM/AKAP12/ZEB2/BMP6/PDE2A/TEK/ANGPT1/TACR1/CDH5/C2CD4B/NPR1/SLIT2",14
"GO:0045778","positive regulation of ossification","14/1520","48/14866",0.291666666666667,2.85257675438596,4.33841131682712,0.000218210912535658,0.00266062239548553,0.00266062239548554,"OSR1/BMP6/GPM6B/PTN/ZBTB16/TACR1/CCN1/MEF2C/PKDCC/BMP2/CCN3/TAC1/ANO6/KL",14
"GO:0051047","positive regulation of secretion","45/1520","257/14866",0.175097276264591,1.7124974400983,3.88837655547142,0.000222902414723917,0.00271094481097138,0.00271094481097138,"ACSL4/RASL10B/ABCB11/RBP4/MYRIP/PRKN/NMB/DOC2B/MICU3/STXBP1/AVPR1A/PRKD1/BMP6/CXCL12/HCAR2/IRS2/RGCC/IGF1/KCNB1/ITSN1/DRD2/RAPGEF3/TLR4/TACR1/PRKCA/PLA2R1/LEP/GPLD1/NNAT/ECRG4/CACNA2D1/FFAR4/PPARG/MLXIPL/EDN1/NLGN1/NPR1/BMP2/WLS/TCF7L2/TAC1/C1QTNF1/AQP1/EDN3/SNCA",45
"GO:0032868","response to insulin","39/1520","213/14866",0.183098591549296,1.79075240919199,3.92279615691632,0.000223924951926976,0.00271650370974039,0.00271650370974039,"RARRES2/TRARG1/CAT/PID1/CRY2/RHOQ/GHR/SORBS1/SLC2A4/ADIPOQ/FOXO4/IRS2/ECHDC3/PCK1/IGF1/TNS2/TBC1D4/PPARA/FOXO1/LEP/GPLD1/EGR1/HMGCS2/LPIN1/HADH/PPARG/ALPL/SIK2/PIK3R1/CPEB1/CAV2/KANK1/CA3/PDE3B/PLN/KAT2B/FOS/PDK4/MSTN",39
"GO:0062012","regulation of small molecule metabolic process","47/1520","272/14866",0.172794117647059,1.68997194272446,3.8757646948937,0.000224588879512718,0.00271769515662241,0.00271769515662241,"ABCB11/PRKN/PTGS2/ADM/GPIHBP1/AVPR1A/PPARGC1A/AKR1C3/PID1/FGF1/PTH1R/BMP6/SORBS1/ADIPOQ/IRS2/CAV1/ME1/PROX1/IGF1/ACACB/ATP2B4/ABCD2/PPARA/FOXO1/GPR146/CES1/PFKFB1/QKI/GPLD1/GNAI1/EGR1/BMP5/PPARG/MLXIPL/EDN1/ANGPTL4/DGAT2/DKK3/BMP2/TWIST1/ACADL/ADCYAP1R1/CH25H/TCF7L2/KAT2B/PDK4/SNCA",47
"GO:0051493","regulation of cytoskeleton organization","75/1520","490/14866",0.153061224489796,1.49697905477981,3.77525059074215,0.000230034118297535,0.00277519325607408,0.00277519325607408,"ARHGAP6/EPS8/PRKN/TENM1/S1PR1/FERMT2/SPTB/PLEKHH2/CX3CL1/KANK3/CCL24/LIMCH1/LRP1/BIN1/KANK2/SYNPO2/PRKD1/RND3/DLC1/PTGER4/RHOQ/GPM6B/CXCL12/SPTBN1/DAAM2/PAK3/TMOD1/LMOD1/PROX1/RGCC/ARAP3/NRP1/NEDD9/GSN/RAPGEF3/SHANK3/TACR1/CORO2B/PDGFA/FAM107A/CDH5/DIXDC1/GNAI1/CYRIA/ARHGEF15/ITGB1BP1/CCL21/TPPP/MYOC/ADD3/CFL2/ANKRD53/PIK3R1/NEXN/EDN1/SYNPO/MAP1B/PHLDB2/MID1/GAS2L2/DMTN/PDGFRA/SEMA5A/WASF3/ESAM/SLIT2/KANK1/SFRP1/BST1/KAT2B/TAC1/FHOD3/TMOD2/SPTA1/SNCA",75
"GO:0016055","Wnt signaling pathway","63/1520","395/14866",0.159493670886076,1.55989007328448,3.80610472879815,0.000230495859528218,0.00277519325607408,0.00277519325607408,"EGFR/SOSTDC1/PRKN/FERMT2/TMEM170B/LGR6/FZD4/MDFIC/RSPO1/LRP1/AMOTL1/WIF1/ZEB2/CALCOCO1/SOX10/LRP4/ADGRA2/DAAM2/CAV1/MARK1/FZD5/RBMS3/RECK/APCDD1/PKD2/DRD2/JADE1/TRABD2B/SOX17/WNT10B/DIXDC1/EGR1/MIR145/TBX18/RSPO3/TMEM88/WNT11/PRICKLE2/EGF/APCDD1L/TLE4/MYOC/DCDC2/EDNRB/IGFBP6/FZD7/EDN1/DKK3/NDRG2/GRK5/SEMA5A/BMP2/KANK1/WLS/AMOTL2/KLF4/DAB2IP/LGR4/SFRP1/CCN3/TCF7L2/MEST/GPC3",63
"GO:0032890","regulation of organic acid transport","15/1520","54/14866",0.277777777777778,2.71673976608187,4.26504075871324,0.000238829431585523,0.00285861475044134,0.00285861475044134,"ACSL4/ABCB11/STXBP1/AVPR1A/IRS2/ATP1A2/PPARA/PER2/CES1/PLA2R1/LEP/RGS2/ACSL1/EDN1/ACE2",15
"GO:0048639","positive regulation of developmental growth","23/1520","103/14866",0.223300970873786,2.18394225855902,4.06902647054397,0.00023920964397948,0.00285861475044134,0.00285861475044134,"PRKN/NRG1/CAPN3/FGF2/ZFPM2/GHR/CXCL12/YAP1/RNF157/PROX1/IGF1/ACACB/AKAP6/TGFBR3/VIM/NRP1/CPNE8/LEP/ISLR2/EDN1/MAP1B/MEF2C/SEMA5A",23
"GO:0051209","release of sequestered calcium ion into cytosol","23/1520","103/14866",0.223300970873786,2.18394225855902,4.06902647054397,0.00023920964397948,0.00285861475044134,0.00285861475044134,"CASQ2/ANK2/CX3CL1/CAPN3/FGF2/TRDN/GSTM2/DMD/AKAP6/RYR3/JPH2/PKD2/ATP1A2/DRD2/PLCH2/CLIC2/HTR2A/CCL21/PLCL2/TRPC1/HRC/JPH4/SNCA",23
"GO:0010232","vascular transport","20/1520","84/14866",0.238095238095238,2.32863408521303,4.12104279351837,0.00024235474008683,0.00288186181033944,0.00288186181033944,"SLC5A1/AVPR1A/LRP1/ABCB1/SLC16A7/SLCO1C1/ABCG2/SLC2A4/SLC16A12/ATP2B4/CD36/ATP1A2/SLC22A3/ABCC9/SLC7A3/ATP1B2/SLC29A4/LEPR/KCNJ8/SLC1A3",20
"GO:0150104","transport across blood-brain barrier","20/1520","84/14866",0.238095238095238,2.32863408521303,4.12104279351837,0.00024235474008683,0.00288186181033944,0.00288186181033944,"SLC5A1/AVPR1A/LRP1/ABCB1/SLC16A7/SLCO1C1/ABCG2/SLC2A4/SLC16A12/ATP2B4/CD36/ATP1A2/SLC22A3/ABCC9/SLC7A3/ATP1B2/SLC29A4/LEPR/KCNJ8/SLC1A3",20
"GO:0007157","heterophilic cell-cell adhesion","13/1520","43/14866",0.302325581395349,2.95682374541004,4.33657212329974,0.000245434192724326,0.00290410310799917,0.00290410310799917,"NRXN1/CBLN1/FAT4/NEGR1/CCDC141/SCARF1/SELE/SELP/CD209/CADM3/CRB2/NLGN1/NECTIN3",13
"GO:0071825","protein-lipid complex organization","13/1520","43/14866",0.302325581395349,2.95682374541004,4.33657212329974,0.000245434192724326,0.00290410310799917,0.00290410310799917,"PCSK5/ABCA1/GPIHBP1/BIN1/ABCA5/CETP/LPL/PLA2G5/ANGPTL4/APOB/MPO/PLTP/PLA2G2A",13
"GO:0050806","positive regulation of synaptic transmission","26/1520","123/14866",0.211382113821138,2.06737270004279,4.01147790238635,0.000248158866337746,0.00292912824050745,0.00292912824050745,"NRXN1/RELN/PRNP/MICU3/STXBP1/GRIN2B/CCL2/SLC8A3/NSG1/SLC7A10/PTN/CRHR2/ZDHHC2/MME/ADRA1A/DRD2/SHANK3/TACR1/FAM107A/S100B/CYP46A1/NLGN1/HAP1/ARC/TAC1/NTRK2",26
"GO:0030902","hindbrain development","19/1520","78/14866",0.243589743589744,2.3823717948718,4.13091382266496,0.000250852816875557,0.00293624349300912,0.00293624349300912,"NRXN1/FZD4/EPHB1/DLC1/FOXP2/CBLN1/NLGN4X/PROX1/KCNE1/SCN5A/MYO16/BMP5/EGR2/GDF10/ATP1B2/NAV2/WLS/HAP1/SSTR1",19
"GO:0014823","response to activity","16/1520","60/14866",0.266666666666667,2.6080701754386,4.21202015231466,0.000251206510330297,0.00293624349300912,0.00293624349300912,"ABCG8/RARRES2/RBP4/PRKN/PPARGC1A/CAPN3/CAT/CRY2/BMP6/IL6/LEP/HADH/EDN1/FOS/KL/MSTN",16
"GO:0014909","smooth muscle cell migration","16/1520","60/14866",0.266666666666667,2.6080701754386,4.21202015231466,0.000251206510330297,0.00293624349300912,0.00293624349300912,"LRP1/ADIPOQ/FOXO4/IGF1/NR4A3/NRP1/MYOCD/TACR1/PDGFA/DDR2/MEF2C/PARVA/ADAMTS1/SLIT2/PDGFD/CCN3",16
"GO:0070373","negative regulation of ERK1 and ERK2 cascade","16/1520","60/14866",0.266666666666667,2.6080701754386,4.21202015231466,0.000251206510330297,0.00293624349300912,0.00293624349300912,"FBLN1/LMO3/SPRY1/ATF3/DUSP6/MIR205/ADIPOQ/SPRY2/TLR4/SEMA6A/ITGB1BP1/SIRPA/DUSP1/KLF4/DAB2IP/ACE2",16
"GO:0141091","transforming growth factor beta receptor superfamily signaling pathway","48/1520","281/14866",0.170818505338078,1.67064993444465,3.8302270600262,0.000255428173206541,0.00294782944770993,0.00294782944770993,"ZNF423/SOSTDC1/FERMT2/CLDN5/ACVR1C/ID1/KDR/SPRY1/ZEB2/BMP6/LTBP4/NODAL/TMEM100/RBPMS2/CAV1/RGCC/SPRY2/GREM2/SMAD9/TGFBR3/PPARA/MYOCD/CHRDL1/DACT2/CDH5/TGFBR2/MIR145/IL17RD/FMOD/CRB2/CRIM1/CIDEA/ACVRL1/JUN/BMP5/PPARG/BMPER/RGMA/GDF10/CDKN1C/FSTL1/CCN1/DKK3/BMP2/PRDM16/CCN3/FOS/MSTN",48
"GO:0006081","aldehyde metabolic process","18/1520","72/14866",0.25,2.44506578947368,4.14800958415935,0.000255939881769252,0.00294782944770993,0.00294782944770993,"AKR1C1/AKR1C3/ALDH2/BMP6/ALDH1L1/ALDH3A1/ADH4/PCK1/ALDH1A2/ALDH1A3/BMP5/ALPL/EDNRB/ALDH1A1/DKK3/BMP2/HOGA1/GLYCTK",18
"GO:0140115","export across plasma membrane","18/1520","72/14866",0.25,2.44506578947368,4.14800958415935,0.000255939881769252,0.00294782944770993,0.00294782944770993,"ABCA1/KCNA5/ABCB1/ABCG2/SLC8A3/SLC24A4/KCNB1/ATP1A2/KCNT2/KCNE1/SLC47A2/FXYD2/KCNA2/ATP1B2/KCNIP2/SLC29A4/KCNIP1/ANO6",18
"GO:0150116","regulation of cell-substrate junction organization","18/1520","72/14866",0.25,2.44506578947368,4.14800958415935,0.000255939881769252,0.00294782944770993,0.00294782944770993,"ARHGAP6/FERMT2/LIMCH1/KDR/DLC1/GPM6B/TEK/NRP1/FAM107A/ITGB1BP1/ACVRL1/MYOC/PIK3R1/RHOU/PHLDB2/DMTN/SFRP1/APOD",18
"GO:0030038","contractile actin filament bundle assembly","22/1520","97/14866",0.22680412371134,2.21820401519262,4.0621788343156,0.000256184895645877,0.00294782944770993,0.00294782944770993,"ARHGAP6/S1PR1/FERMT2/LIMCH1/DLC1/PTGER4/ZEB2/SORBS1/RGCC/NRP1/RAPGEF3/TACR1/MYL9/ARHGEF15/ITGB1BP1/MYOC/PIK3R1/SYNPO/PHLDB2/SFRP1/TAC1/FHOD3",22
"GO:0043149","stress fiber assembly","22/1520","97/14866",0.22680412371134,2.21820401519262,4.0621788343156,0.000256184895645877,0.00294782944770993,0.00294782944770993,"ARHGAP6/S1PR1/FERMT2/LIMCH1/DLC1/PTGER4/ZEB2/SORBS1/RGCC/NRP1/RAPGEF3/TACR1/MYL9/ARHGEF15/ITGB1BP1/MYOC/PIK3R1/SYNPO/PHLDB2/SFRP1/TAC1/FHOD3",22
"GO:0035051","cardiocyte differentiation","24/1520","110/14866",0.218181818181818,2.13387559808612,4.02815449291447,0.000256874151931402,0.00294782944770993,0.00294782944770993,"EGFR/NRG1/SPRY1/PROX1/IGF1/AKAP6/TGFBR3/MYH11/PPARA/MYOCD/SOX17/SORBS2/MIR145/ALPK3/TBX18/RGS2/FZD7/EDN1/MEF2C/PDGFRA/BMP2/ACTC1/FHOD3/CARMN",24
"GO:0071559","response to transforming growth factor beta","41/1520","229/14866",0.179039301310044,1.75105148241783,3.86536137759616,0.000257106689964708,0.00294782944770993,0.00294782944770993,"FERMT2/CLDN5/ID1/SPRY1/ZEB2/LTBP4/PDE2A/RGCC/SPRY2/SMAD9/TGFBR3/PPARA/MYOCD/ACTA2/SOX5/CDH5/TGFBR2/DDR2/MIR145/IL17RD/FMOD/FNDC4/CIDEA/PENK/ACVRL1/JUN/PPARG/GDF10/CDKN1C/EDN1/MEF2C/DKK3/BMP2/NR3C1/PDGFD/ZFP36L2/PRDM16/SFRP1/CCN3/FOS/MSTN",41
"GO:0061564","axon development","61/1520","381/14866",0.16010498687664,1.56586890454483,3.77613713572564,0.000259109942515502,0.00296372419962969,0.00296372419962969,"NRXN1/RELN/TENM1/LGR6/STXBP1/PLP1/EPHB1/HMCN2/GPM6B/FEZ1/CXCL12/B4GALT6/FAT4/SLITRK2/LRP4/SLITRK3/PAK3/PTN/SCARF1/SCN11A/ROBO3/CRTAC1/MYCBP2/VIM/SEMA3G/DRD2/KALRN/NRP1/PLXNA4/NCAM1/PTCH1/PRKCA/ARHGEF40/NPR2/SEMA6A/S100B/EFNB3/MGARP/RGMA/TENM2/ISLR2/CNTN6/NEXN/PLPPR4/PTPRM/SLIT3/EDN1/MAP1B/NFIB/SEMA5A/SLIT2/ROBO4/SEMA3D/SEMA3A/BOC/APOD/NMNAT2/NOVA2/EDN3/SEMA6D/NTRK2",61
"GO:0010001","glial cell differentiation","30/1520","151/14866",0.198675496688742,1.94309864064134,3.9309194968231,0.000273994097943797,0.00312652647629928,0.00312652647629928,"RELN/PLP1/LRP1/BIN1/ZEB2/GPM6B/SLC8A3/SOX10/B4GALT6/DAAM2/PTN/CFH/BOK/GPR17/CDKN2C/PRX/PTPRZ1/IL6/NTRK3/QKI/IL34/S100B/TPPP/MYOC/EGR2/NFIB/BMP2/NR3C1/LGI4/NTRK2",30
"GO:0048167","regulation of synaptic plasticity","31/1520","158/14866",0.19620253164557,1.91891239173884,3.91881292249165,0.000275737538687143,0.00313896477690293,0.00313896477690293,"RELN/PRNP/CX3CL1/MCTP1/GRIN2B/CX3CR1/SLC8A3/CBLN1/NSG1/SCTR/PTN/CRHR2/ZDHHC2/KCNB1/MME/DRD2/SHANK3/CHRDL1/FAM107A/PENK/S100B/CALB2/KIT/CYP46A1/MAP1B/MEF2C/UNC13C/ARC/JPH4/EIF4EBP2/NTRK2",31
"GO:0042311","vasodilation","11/1520","33/14866",0.333333333333333,3.26008771929825,4.38628106985036,0.000283383030557578,0.00320656134463814,0.00320656134463815,"KLF2/NOS1/ADRA2A/ITGA1/PECAM1/RGS2/EDNRB/CPS1/ADRB2/KAT2B/ADRB1",11
"GO:0086005","ventricular cardiac muscle cell action potential","11/1520","33/14866",0.333333333333333,3.26008771929825,4.38628106985036,0.000283383030557578,0.00320656134463814,0.00320656134463815,"SCN2B/CASQ2/ANK2/BIN1/NOS1/CAV1/KCNE1/SCN3B/SCN5A/CTNNA3/KCNJ8",11
"GO:0001503","ossification","51/1520","305/14866",0.167213114754098,1.63538826574633,3.78374795554637,0.000283677887483599,0.00320656134463814,0.00320656134463815,"EGFR/S1PR1/FERMT2/OSR1/PTPRB/CAT/PRKD1/RRAS2/BMP6/GPM6B/TP63/MIR205/YAP1/LRP4/PTN/BMP3/IGF1/SMAD9/ZBTB16/CHRDL1/IL6/PTCH1/TACR1/LEP/GPLD1/DDR2/NPR2/IGSF10/CRIM1/PENK/MAP2K6/BMP5/FFAR4/PPARG/ALPL/MYOC/TWIST2/CLEC3B/GDF10/CCN1/MEF2C/PKDCC/BMP2/TWIST1/LGR4/SFRP1/CCN3/TAC1/EPHA2/ANO6/KL",51
"GO:0071560","cellular response to transforming growth factor beta stimulus","40/1520","223/14866",0.179372197309417,1.75430729289592,3.83013778452214,0.000292041308141032,0.00329334846082047,0.00329334846082047,"FERMT2/CLDN5/ID1/SPRY1/ZEB2/LTBP4/PDE2A/RGCC/SPRY2/SMAD9/TGFBR3/PPARA/MYOCD/ACTA2/SOX5/CDH5/TGFBR2/DDR2/MIR145/IL17RD/FMOD/CIDEA/PENK/ACVRL1/JUN/PPARG/GDF10/CDKN1C/EDN1/MEF2C/DKK3/BMP2/NR3C1/PDGFD/ZFP36L2/PRDM16/SFRP1/CCN3/FOS/MSTN",40
"GO:0046620","regulation of organ growth","15/1520","55/14866",0.272727272727273,2.66734449760766,4.18064397931903,0.000297743408722004,0.00334978767096138,0.00334978767096138,"RBP4/NRG1/FGF2/ZFPM2/DUSP6/YAP1/PROX1/IGF1/ACACB/AKAP6/TGFBR3/PPARA/RGS2/EDN1/MEF2C",15
"GO:0048565","digestive tract development","17/1520","67/14866",0.253731343283582,2.48155930871956,4.10174774753145,0.000311413341942214,0.00349372834290455,0.00349372834290455,"RARRES2/PCSK5/CLMP/YAP1/RBPMS2/ALDH1A2/SOX17/PDGFA/NPR2/WNT11/HMGCS2/KIT/EDNRB/PKDCC/PDGFRA/CPS1/CYP1A1",17
"GO:0007200","phospholipase C-activating G protein-coupled receptor signaling pathway","25/1520","118/14866",0.211864406779661,2.07208965209634,3.9457924170486,0.00031199197733265,0.00349372834290455,0.00349372834290455,"NRXN1/S1PR1/NMUR1/PTH1R/PRKD1/CX3CR1/PTGER3/ADRA2A/ADRA1A/PKD2/DRD2/PLCH2/SELE/TACR1/OXGR1/HTR2A/CXCR2/RGS2/FFAR4/DGKB/P2RY12/EDNRB/DGKI/PLPP1/TAC1",25
"GO:0048745","smooth muscle tissue development","8/1520","19/14866",0.421052631578947,4.1180055401662,4.58947511335684,0.000315089341898451,0.00349906016507692,0.00349906016507692,"OSR1/FOXP2/PROX1/PKD2/PTCH1/MIR145/NPR2/MYLK",8
"GO:0051895","negative regulation of focal adhesion assembly","8/1520","19/14866",0.421052631578947,4.1180055401662,4.58947511335684,0.000315089341898451,0.00349906016507692,0.00349906016507692,"ARHGAP6/DLC1/FAM107A/ITGB1BP1/ACVRL1/PHLDB2/DMTN/APOD",8
"GO:0071379","cellular response to prostaglandin stimulus","8/1520","19/14866",0.421052631578947,4.1180055401662,4.58947511335684,0.000315089341898451,0.00349906016507692,0.00349906016507692,"AKR1C3/PTGER4/AKR1C2/CCL21/PTGDR2/GNG2/PTGFR/SFRP1",8
"GO:0042698","ovulation cycle","13/1520","44/14866",0.295454545454545,2.88962320574163,4.23620372694699,0.00031610993164933,0.00349906016507692,0.00349906016507692,"SERPINF1/PTN/MMP19/NR5A2/LEP/TYRO3/EGR1/NPR2/GDF10/SLIT3/PDGFRA/SLIT2/MSTN",13
"GO:0051489","regulation of filopodium assembly","13/1520","44/14866",0.295454545454545,2.88962320574163,4.23620372694699,0.00031610993164933,0.00349906016507692,0.00349906016507692,"NRXN1/TENM1/RHOQ/DAAM2/DOCK11/NRP1/CCL21/TENM2/PIK3R1/NLGN1/DMTN/PALM/PPP1R16B",13
"GO:0032230","positive regulation of synaptic transmission, GABAergic","6/1520","11/14866",0.545454545454545,5.33468899521531,4.85340628517064,0.000331951965730888,0.00364919277659311,0.00364919277659311,"NRXN1/ADRA1A/TACR1/NLGN1/HAP1/TAC1",6
"GO:0051412","response to corticosterone","6/1520","11/14866",0.545454545454545,5.33468899521531,4.85340628517064,0.000331951965730888,0.00364919277659311,0.00364919277659311,"PRKN/AVPR1A/NTRK3/PRKCA/FOSB/FOS",6
"GO:0072224","metanephric glomerulus development","6/1520","11/14866",0.545454545454545,5.33468899521531,4.85340628517064,0.000331951965730888,0.00364919277659311,0.00364919277659311,"OSR1/CD34/EGR1/PDGFRA/LGR4/AQP1",6
"GO:0071248","cellular response to metal ion","28/1520","139/14866",0.201438848920863,1.97012495266944,3.87798944289756,0.000340710667858681,0.00373692705112581,0.00373692705112581,"NRXN1/SERPINF1/PRKN/PRNP/TF/MICU3/CAPN3/RASA4B/AKR1C3/SLC13A2/BMP6/DLG2/KCNA1/KCNB1/RYR3/MT1X/PKD2/CRHBP/MT1M/CPNE8/RASA4/SCN5A/EDN1/MEF2C/NLGN1/CYP1A1/AQP1/SNCA",28
"GO:0055088","lipid homeostasis","29/1520","146/14866",0.198630136986301,1.94265501081471,3.86281575265106,0.000345047602415493,0.00377587399089756,0.00377587399089756,"ABCG8/ABCB11/ACSM3/PCSK5/ABCA1/AKR1C1/GPIHBP1/HSDL2/ANGPTL8/SLC25A27/ABCA5/NEGR1/IRS2/CAV1/CETP/TLCD2/RILP/ACACB/CYP39A1/CES1/CEBPA/LPL/PPARG/PNPLA2/MLXIPL/ANGPTL4/DGAT2/APOB/ACSM1",29
"GO:0015844","monoamine transport","14/1520","50/14866",0.28,2.73847368421053,4.15543342713654,0.000349072909012548,0.00380259921745188,0.00380259921745188,"PRKN/GPM6B/CXCL12/NOS1/ADRA2A/KCNB1/SLC22A3/DRD2/ADRA2B/HTR2A/KCNA2/SLC6A2/SLC29A4/SNCA",14
"GO:0070542","response to fatty acid","14/1520","50/14866",0.28,2.73847368421053,4.15543342713654,0.000349072909012548,0.00380259921745188,0.00380259921745188,"AKR1C1/CAT/AKR1C3/PID1/CD36/FOXO1/AKR1C2/LPL/HMGCS2/ACSL1/EDN1/DGAT2/CPS1/PDK4",14
"GO:1903514","release of sequestered calcium ion into cytosol by endoplasmic reticulum","12/1520","39/14866",0.307692307692308,3.00931174089069,4.24015440954255,0.000352479271470818,0.00383101905010364,0.00383101905010364,"CASQ2/ANK2/TRDN/GSTM2/DMD/AKAP6/RYR3/JPH2/ATP1A2/CLIC2/HRC/JPH4",12
"GO:0072537","fibroblast activation","7/1520","15/14866",0.466666666666667,4.56412280701754,4.66067834011393,0.000353443718734703,0.00383282985282508,0.00383282985282508,"AKAP12/ZEB2/RGCC/ACTA2/LEP/DDR2/CYGB",7
"GO:0042632","cholesterol homeostasis","19/1520","80/14866",0.2375,2.3228125,4.00356259675504,0.000355291391790115,0.00383555021608924,0.00383555021608924,"ABCG8/ABCB11/ACSM3/PCSK5/ABCA1/AKR1C1/GPIHBP1/HSDL2/ABCA5/NEGR1/CAV1/CETP/RILP/CYP39A1/CES1/LPL/DGAT2/APOB/ACSM1",19
"GO:0090288","negative regulation of cellular response to growth factor stimulus","19/1520","80/14866",0.2375,2.3228125,4.00356259675504,0.000355291391790115,0.00383555021608924,0.00383555021608924,"SOSTDC1/FGF2/SPRY1/RBPMS2/CAV1/MMRN1/SPRY2/GREM2/ATP2B4/ANGPT1/CHRDL1/MMRN2/MIR145/SEMA6A/CRIM1/PPARG/SLIT2/DAB2IP/DCN",19
"GO:0050767","regulation of neurogenesis","44/1520","255/14866",0.172549019607843,1.68757481940144,3.73747910851114,0.000362058227315681,0.00389983794624335,0.00389983794624335,"RELN/SERPINF1/CX3CL1/FZD4/BIN1/CX3CR1/CXCL12/SOX10/YAP1/NEGR1/LRP4/DAAM2/NOS1/PTN/ROBO3/MME/VIM/SEMA3G/DRD2/NRP1/PTPRZ1/PER2/SHANK3/IL6/GFAP/BHLHE41/NTRK3/QKI/CNTFR/IL34/DCT/EFNB3/RGMA/EGR2/KIT/ISLR2/MAP1B/SEMA5A/BMP2/SLIT2/HAP1/MEST/SEMA6D/NTRK2",44
"GO:0048661","positive regulation of smooth muscle cell proliferation","18/1520","74/14866",0.243243243243243,2.37898293029872,4.01319249660632,0.000368374487706486,0.00395411802962007,0.00395411802962007,"S1PR1/CX3CL1/FGF2/RBPMS2/RGCC/IGF1/NR4A3/IL6/PRKCA/DDR2/JUN/PIK3R1/EDN1/ADAMTS1/CDH13/PDGFD/HBEGF/ELANE",18
"GO:0097009","energy homeostasis","15/1520","56/14866",0.267857142857143,2.61971334586466,4.09810739529438,0.000368743729656493,0.00395411802962007,0.00395411802962007,"ALK/PPARGC1A/SCTR/ACACB/CD36/NR4A3/FOXO1/CEBPA/LEP/PM20D1/MRAP2/MLXIPL/TWIST1/GPBAR1/LEPR",15
"GO:0008064","regulation of actin polymerization or depolymerization","26/1520","126/14866",0.206349206349206,2.01814954051796,3.87326124924146,0.000369742325387948,0.00395599583778108,0.00395599583778108,"EPS8/TENM1/SPTB/PLEKHH2/KANK3/CCL24/BIN1/KANK2/CXCL12/SPTBN1/DAAM2/PAK3/TMOD1/LMOD1/GSN/CYRIA/CCL21/ADD3/CFL2/DMTN/SEMA5A/ESAM/SLIT2/KANK1/TMOD2/SPTA1",26
"GO:0002043","blood vessel endothelial cell proliferation involved in sprouting angiogenesis","9/1520","24/14866",0.375,3.66759868421053,4.41375875724371,0.000374448472053624,0.00399029865364545,0.00399029865364545,"FGF2/NGFR/MMRN2/ITGB1BP1/ACVRL1/BMPER/FGFBP1/SEMA5A/PPP1R16B",9
"GO:0010038","response to metal ion","47/1520","278/14866",0.169064748201439,1.65349772813328,3.71190876564567,0.000374609636301852,0.00399029865364545,0.00399029865364545,"TXNIP/NRXN1/CPA1/CASQ2/SERPINF1/PRKN/PRNP/TF/MICU3/CAPN3/RASA4B/CAT/AKR1C3/SLC13A2/BMP6/DLG2/KCNA1/HAAO/CAV1/HCN1/KCNB1/RYR3/MT1X/PKD2/CRHBP/DRD2/MT1M/CPNE8/RASA4/KCNMB1/SCN5A/PENK/HMGCS2/TRPC1/KIT/KCNIP2/EDN1/MEF2C/NLGN1/CPS1/DUSP1/ABCC6/ACO1/CYP1A1/PLN/AQP1/SNCA",47
"GO:0046847","filopodium assembly","16/1520","62/14866",0.258064516129032,2.52393887945671,4.05791126625553,0.000377074345721075,0.00400766627620364,0.00400766627620363,"FGD5/NRXN1/TENM1/RHOQ/DAAM2/ARHGEF4/DOCK11/NRP1/CCL21/TENM2/PIK3R1/NLGN1/DMTN/PALM/PPP1R16B/FGD4",16
"GO:0010742","macrophage derived foam cell differentiation","11/1520","34/14866",0.323529411764706,3.16420278637771,4.26349975591718,0.000380567302081907,0.00402697206872573,0.00402697206872573,"ABCA1/ABCA5/ADIPOQ/CETP/CD36/PPARA/LPL/PPARG/PLA2G5/APOB/PLA2G2A",11
"GO:0045823","positive regulation of heart contraction","11/1520","34/14866",0.323529411764706,3.16420278637771,4.26349975591718,0.000380567302081907,0.00402697206872573,0.00402697206872573,"ADM/AVPR1A/ADRA1A/ATP1A2/SCN3B/RGS2/HRC/EDN1/ACE2/EDN3/ADRB1",11
"GO:1903530","regulation of secretion by cell","69/1520","450/14866",0.153333333333333,1.49964035087719,3.63220260223862,0.000383059682609448,0.00404443673682591,0.00404443673682591,"ACSL4/RASL10B/RBP4/MYRIP/PRKN/NMB/DOC2B/KCNA5/FAM3D/MICU3/STXBP1/AVPR1A/MCTP1/SV2B/CRY2/PRKD1/BMP6/CXCL12/HCAR2/SV2C/IRS2/ADRA2A/ADCY5/RGCC/IGF1/KCNB1/ITSN1/CRHBP/DRD2/PDE8B/SYT15/ANXA1/STXBP6/RAPGEF3/ADRA2B/FOXO1/PER2/IL6/TLR4/TACR1/PRKCA/LEP/GPLD1/NNAT/SNCAIP/HTR2A/ECRG4/CACNA2D1/FFAR4/HADH/PPARG/CD200/MLXIPL/RIMS3/KCNA2/SAA1/EDN1/MEF2C/NLGN1/PDE1C/BMP2/WLS/HAP1/CCN3/TCF7L2/TAC1/C1QTNF1/EDN3/SNCA",69
"GO:0051494","negative regulation of cytoskeleton organization","28/1520","140/14866",0.2,1.95605263157895,3.83558941550051,0.000385168923044606,0.00405778839102256,0.00405778839102256,"ARHGAP6/EPS8/PRKN/S1PR1/SPTB/PLEKHH2/KANK3/KANK2/DLC1/SPTBN1/TMOD1/LMOD1/GSN/SHANK3/CDH5/MYOC/ADD3/PIK3R1/MAP1B/PHLDB2/GAS2L2/DMTN/SLIT2/KANK1/KAT2B/TMOD2/SPTA1/SNCA",28
"GO:0051592","response to calcium ion","24/1520","113/14866",0.212389380530973,2.07722403353517,3.87912500731757,0.000392329146917864,0.00412417772821317,0.00412417772821317,"TXNIP/NRXN1/CASQ2/MICU3/CAPN3/RASA4B/AKR1C3/CAV1/HCN1/KCNB1/RYR3/PKD2/CRHBP/CPNE8/RASA4/KCNMB1/SCN5A/PENK/TRPC1/KCNIP2/EDN1/MEF2C/NLGN1/DUSP1",24
"GO:0030595","leukocyte chemotaxis","35/1520","190/14866",0.184210526315789,1.80162742382271,3.7529623321282,0.000408096243798635,0.00428055536071755,0.00428055536071755,"RARRES2/CX3CL1/CCL24/CCL23/CX3CR1/JAM3/CCL2/CXCL12/CCL13/PTN/ANXA1/NEDD9/CCL16/VEGFD/IL6/DPP4/CCL21/CXCR2/IL34/KIT/EDNRB/CCL28/SAA1/EDN1/CTSG/SLIT2/CXCL3/DUSP1/C3/CH25H/CCN3/BST1/EDN3/ANO6/MSTN",35
"GO:0051492","regulation of stress fiber assembly","19/1520","81/14866",0.234567901234568,2.29413580246914,3.94130811654288,0.000420409293664155,0.00438101138126377,0.00438101138126377,"ARHGAP6/S1PR1/FERMT2/LIMCH1/DLC1/PTGER4/RGCC/NRP1/RAPGEF3/TACR1/ARHGEF15/ITGB1BP1/MYOC/PIK3R1/SYNPO/PHLDB2/SFRP1/TAC1/FHOD3",19
"GO:0055092","sterol homeostasis","19/1520","81/14866",0.234567901234568,2.29413580246914,3.94130811654288,0.000420409293664155,0.00438101138126377,0.00438101138126377,"ABCG8/ABCB11/ACSM3/PCSK5/ABCA1/AKR1C1/GPIHBP1/HSDL2/ABCA5/NEGR1/CAV1/CETP/RILP/CYP39A1/CES1/LPL/DGAT2/APOB/ACSM1",19
"GO:1901890","positive regulation of cell junction assembly","19/1520","81/14866",0.234567901234568,2.29413580246914,3.94130811654288,0.000420409293664155,0.00438101138126377,0.00438101138126377,"NRXN1/FERMT2/CLDN5/KDR/EPHB1/SLITRK2/SLITRK3/CAV1/TEK/ST8SIA2/NRP1/PRKCA/ITGB1BP1/ACVRL1/MYOC/NLGN1/SFRP1/ACE2/EPHA2",19
"GO:0030278","regulation of ossification","21/1520","94/14866",0.223404255319149,2.18495240761478,3.88932177870926,0.000435498397163579,0.00452842922072258,0.00452842922072258,"S1PR1/OSR1/BMP6/GPM6B/LRP4/PTN/BMP3/ZBTB16/TACR1/DDR2/GDF10/CCN1/MEF2C/PKDCC/BMP2/TWIST1/SFRP1/CCN3/TAC1/ANO6/KL",21
"GO:0043113","receptor clustering","14/1520","51/14866",0.274509803921569,2.68477812177503,4.06729492513051,0.000436466342014682,0.0045286918078586,0.0045286918078586,"NRXN1/RELN/LAMA1/DLG2/LRP4/PTN/ZDHHC2/GSN/SHANK3/CHRDL1/ITGB1BP1/PIGR/NLGN1/LAMC1",14
"GO:0014896","muscle hypertrophy","18/1520","75/14866",0.24,2.34726315789474,3.94741682095821,0.000439118316926126,0.00453661160110346,0.00453661160110346,"IGF1/AKAP6/ATP2B4/ADRA1A/NR4A3/PPARA/FOXO1/SORBS2/PRKCA/LEP/MIR145/KLF15/RGS2/PPARG/MYOC/EDN1/MLIP/MSTN",18
"GO:1904659","D-glucose transmembrane transport","18/1520","75/14866",0.24,2.34726315789474,3.94741682095821,0.000439118316926126,0.00453661160110346,0.00453661160110346,"SLC5A4/SLC5A1/TRARG1/PID1/RHOQ/SORBS1/SLC25A27/SLC2A4/ADIPOQ/IRS2/IGF1/NR4A3/SLC2A12/LEP/FFAR4/PIK3R1/PTPRM/C3",18
"GO:0051051","negative regulation of transport","54/1520","334/14866",0.161676646706587,1.58124015127639,3.62572479387119,0.000448266747766215,0.00462118767439677,0.00462118767439677,"ACSL4/CASQ2/PRKN/NMB/NRG1/OSR1/MDFIC/FAM3D/BIN1/MCTP1/PID1/CRY2/PRKD1/GPM6B/PTGER3/MIR205/ADIPOQ/NOS1/IRS2/CABP1/CAV1/ADRA2A/KCNB1/CD36/CRHBP/ATP1A2/DRD2/PDE8B/NPY2R/ANXA1/STXBP6/ADRA2B/FOXO1/KCNE1/PLA2R1/LEP/MIR145/HTR2A/RGS2/EGF/FFAR4/HADH/CD200/EDN1/PKDCC/PDE1C/SIRPA/SPX/CCN3/PLN/APOD/GABRE/SNCA/CRYAB",54
"GO:0097006","regulation of plasma lipoprotein particle levels","17/1520","69/14866",0.246376811594203,2.40963005339436,3.96069636057468,0.000452431237718165,0.00465413204710506,0.00465413204710506,"PCSK5/ABCA1/GPIHBP1/ABCA5/ADIPOQ/CETP/VLDLR/CD36/GPLD1/LPL/PLA2G5/ANGPTL4/DGAT2/APOB/MPO/PLTP/PLA2G2A",17
"GO:0051937","catecholamine transport","12/1520","40/14866",0.3,2.93407894736842,4.13352801947978,0.000457209157445635,0.00467316817825789,0.00467316817825789,"PRKN/CXCL12/ADRA2A/KCNB1/SLC22A3/DRD2/ADRA2B/HTR2A/KCNA2/SLC6A2/SLC29A4/SNCA",12
"GO:0055021","regulation of cardiac muscle tissue growth","12/1520","40/14866",0.3,2.93407894736842,4.13352801947978,0.000457209157445635,0.00467316817825789,0.00467316817825789,"RBP4/NRG1/FGF2/ZFPM2/YAP1/IGF1/AKAP6/TGFBR3/PPARA/RGS2/EDN1/MEF2C",12
"GO:1903018","regulation of glycoprotein metabolic process","12/1520","40/14866",0.3,2.93407894736842,4.13352801947978,0.000457209157445635,0.00467316817825789,0.00467316817825789,"RECK/IGF1/IL33/GDPD5/ITM2A/CCL21/NECAB1/PTX3/SLC51B/HBEGF/TCF7L2/MEST",12
"GO:0051153","regulation of striated muscle cell differentiation","16/1520","63/14866",0.253968253968254,2.48387635756057,3.98310551190564,0.00045817281681088,0.00467316817825789,0.00467316817825789,"NRG1/PRKD1/PROX1/IGF1/AKAP6/PPARA/MYOCD/BHLHE41/RGS2/FZD7/EDN1/MEF2C/BMP2/CYP26B1/CCN3/SMYD1",16
"GO:0097623","potassium ion export across plasma membrane","8/1520","20/14866",0.4,3.91210526315789,4.3979068797294,0.000478318632166771,0.00484776942812061,0.00484776942812061,"KCNA5/KCNB1/KCNT2/KCNE1/KCNA2/KCNIP2/KCNIP1/ANO6",8
"GO:0150118","negative regulation of cell-substrate junction organization","8/1520","20/14866",0.4,3.91210526315789,4.3979068797294,0.000478318632166771,0.00484776942812061,0.00484776942812061,"ARHGAP6/DLC1/FAM107A/ITGB1BP1/ACVRL1/PHLDB2/DMTN/APOD",8
"GO:1902644","tertiary alcohol metabolic process","8/1520","20/14866",0.4,3.91210526315789,4.3979068797294,0.000478318632166771,0.00484776942812061,0.00484776942812061,"CYP11A1/AKR1C1/AKR1C3/SULT1C4/AKR1C2/BMP5/DKK3/BMP2",8
"GO:1902904","negative regulation of supramolecular fiber organization","28/1520","142/14866",0.197183098591549,1.92850259451445,3.7518293795253,0.00048968991774706,0.00495256918917237,0.00495256918917237,"ARHGAP6/EPS8/PRKN/S1PR1/SPTB/PLEKHH2/KANK3/KANK2/DLC1/SPTBN1/TMOD1/LMOD1/GSN/SHANK3/CDH5/MYOC/ADD3/PIK3R1/MAP1B/PHLDB2/GAS2L2/DMTN/SLIT2/KANK1/TMOD2/SPTA1/SNCA/CRYAB",28
"GO:0050905","neuromuscular process","19/1520","82/14866",0.231707317073171,2.26615853658537,3.87996427783189,0.000495632597944094,0.00499165408914765,0.00499165408914765,"NRXN1/PRKD1/SLC8A3/KCNA1/CDH23/ADGRD1/SYNM/SCN4A/GSTM2/DMD/MYCBP2/DRD2/STAC2/SHANK3/MYH3/NPR2/TNNT3/KCNJ2/CA3",19
"GO:0055007","cardiac muscle cell differentiation","19/1520","82/14866",0.231707317073171,2.26615853658537,3.87996427783189,0.000495632597944094,0.00499165408914765,0.00499165408914765,"NRG1/PROX1/IGF1/AKAP6/MYH11/PPARA/MYOCD/SORBS2/ALPK3/TBX18/RGS2/FZD7/EDN1/MEF2C/PDGFRA/BMP2/ACTC1/FHOD3/CARMN",19
"GO:0070633","transepithelial transport","11/1520","35/14866",0.314285714285714,3.0737969924812,4.14518325900495,0.000504237760335553,0.00505711524144467,0.00505711524144467,"CLCNKB/SLC5A1/ABCB1/PRKD1/ABCG2/GPLD1/CLDN19/EDNRB/EDN1/SLC1A3/AQP1",11
"GO:1903524","positive regulation of blood circulation","11/1520","35/14866",0.314285714285714,3.0737969924812,4.14518325900495,0.000504237760335553,0.00505711524144467,0.00505711524144467,"ADM/AVPR1A/ADRA1A/ATP1A2/SCN3B/RGS2/HRC/EDN1/ACE2/EDN3/ADRB1",11
"GO:0038084","vascular endothelial growth factor signaling pathway","13/1520","46/14866",0.282608695652174,2.76398741418764,4.04370054605595,0.000510347785691826,0.00509711177227346,0.00509711177227346,"KDR/PROX1/SPRY2/NRP1/VEGFD/ANGPT1/SEMA6A/CCBE1/PDGFRA/DAB2IP/FLT4/DCN/ADAMTS3",13
"GO:0048662","negative regulation of smooth muscle cell proliferation","13/1520","46/14866",0.282608695652174,2.76398741418764,4.04370054605595,0.000510347785691826,0.00509711177227346,0.00509711177227346,"PPARGC1A/ADIPOQ/MYOCD/MIR145/PPARG/CNN1/MEF2C/OGN/NPR1/BMP2/KLF4/APOD/ACE2",13
"GO:0070306","lens fiber cell differentiation","9/1520","25/14866",0.36,3.52089473684211,4.25717814365437,0.000532384045091901,0.00528424163764771,0.00528424163764771,"FGF2/PLAAT3/SPRY1/ZEB2/TMOD1/PROX1/SPRY2/MAF/EPHA2",9
"GO:0098810","neurotransmitter reuptake","9/1520","25/14866",0.36,3.52089473684211,4.25717814365437,0.000532384045091901,0.00528424163764771,0.00528424163764771,"GPM6B/NOS1/ATP1A2/SLC22A3/DRD2/PER2/SLC6A2/SLC29A4/SNCA",9
"GO:0099625","ventricular cardiac muscle cell membrane repolarization","9/1520","25/14866",0.36,3.52089473684211,4.25717814365437,0.000532384045091901,0.00528424163764771,0.00528424163764771,"SCN2B/CASQ2/ANK2/NOS1/KCNE1/SCN5A/SCN4B/CACNA2D1/KCNJ8",9
"GO:0090075","relaxation of muscle","10/1520","30/14866",0.333333333333333,3.26008771929825,4.18173204611551,0.000534357910746943,0.00529289773861508,0.00529289773861508,"GSTM2/AKAP6/ATP1A2/GSN/GNAI1/RGS2/HRC/NPR3/KCNJ2/PLN",10
"GO:0030832","regulation of actin filament length","26/1520","129/14866",0.201550387596899,1.97121583027336,3.7388217151911,0.000540987708030961,0.0053449130572406,0.0053449130572406,"EPS8/TENM1/SPTB/PLEKHH2/KANK3/CCL24/BIN1/KANK2/CXCL12/SPTBN1/DAAM2/PAK3/TMOD1/LMOD1/GSN/CYRIA/CCL21/ADD3/CFL2/DMTN/SEMA5A/ESAM/SLIT2/KANK1/TMOD2/SPTA1",26
"GO:0055017","cardiac muscle tissue growth","14/1520","52/14866",0.269230769230769,2.63314777327935,3.98125206773638,0.000541834441897621,0.0053449130572406,0.0053449130572406,"RBP4/S1PR1/NRG1/FGF2/ZFPM2/YAP1/IGF1/AKAP6/TGFBR3/PPARA/SORBS2/RGS2/EDN1/MEF2C",14
"GO:0051893","regulation of focal adhesion assembly","16/1520","64/14866",0.25,2.44506578947368,3.90972397267342,0.000553799969700031,0.0054295001110999,0.0054295001110999,"ARHGAP6/FERMT2/LIMCH1/KDR/DLC1/GPM6B/TEK/NRP1/FAM107A/ITGB1BP1/ACVRL1/MYOC/PHLDB2/DMTN/SFRP1/APOD",16
"GO:0070527","platelet aggregation","16/1520","64/14866",0.25,2.44506578947368,3.90972397267342,0.000553799969700031,0.0054295001110999,0.0054295001110999,"STXBP1/CSRP1/HBB/MMRN1/EMILIN2/ADAMTS18/IL6/PRKCA/TYRO3/MYL9/HTR2A/P2RY12/CTSG/PDGFRA/PEAR1/C1QTNF1",16
"GO:0090109","regulation of cell-substrate junction assembly","16/1520","64/14866",0.25,2.44506578947368,3.90972397267342,0.000553799969700031,0.0054295001110999,0.0054295001110999,"ARHGAP6/FERMT2/LIMCH1/KDR/DLC1/GPM6B/TEK/NRP1/FAM107A/ITGB1BP1/ACVRL1/MYOC/PHLDB2/DMTN/SFRP1/APOD",16
"GO:0015874","norepinephrine transport","7/1520","16/14866",0.4375,4.27886513157895,4.42842208874339,0.000573072724554423,0.00558426241127677,0.00558426241127677,"ADRA2A/KCNB1/SLC22A3/ADRA2B/SLC6A2/SLC29A4/SNCA",7
"GO:0036303","lymph vessel morphogenesis","7/1520","16/14866",0.4375,4.27886513157895,4.42842208874339,0.000573072724554423,0.00558426241127677,0.00558426241127677,"PROX1/PTPN14/TIE1/ACVRL1/CCBE1/SVEP1/FLT4",7
"GO:0048846","axon extension involved in axon guidance","7/1520","16/14866",0.4375,4.27886513157895,4.42842208874339,0.000573072724554423,0.00558426241127677,0.00558426241127677,"CXCL12/NRP1/PLXNA4/SLIT3/SEMA5A/SLIT2/SEMA3A",7
"GO:0071383","cellular response to steroid hormone stimulus","33/1520","179/14866",0.184357541899441,1.80306527491914,3.64787128336638,0.000579946399738541,0.00563980264037237,0.00563980264037237,"SERPINF1/KLF9/AKR1C3/LMO3/KANK2/CRY2/ZFP36/CALCOCO1/TP63/SOX10/NODAL/PCK1/NR4A3/ATP1A2/ANXA1/PPARA/FAM107A/TFPI/RHOXF1/ZNF366/HMGCS2/MGARP/EDN1/NR3C2/NR3C1/PER1/RXRG/ZFP36L2/SFRP1/TCF7L2/PLPP1/AQP1/ESR2",33
"GO:0001666","response to hypoxia","43/1520","253/14866",0.1699604743083,1.66225816517579,3.58547402397384,0.000581640235462496,0.00564484786093299,0.00564484786093299,"PTGS2/KCNA5/ACAA2/CAT/PTGIS/SLC8A3/CXCL12/SLC2A4/NOS1/CAV1/MPL/RGCC/TGFBR3/DRD2/NDNF/EPAS1/PPARA/MYOCD/VEGFD/LEP/DPP4/EGR1/DDR2/MIR145/PENK/S100B/ANGPT4/AK4/PPARG/MGARP/SCN2A/EDN1/ANGPTL4/CPEB1/BMP2/TWIST1/CYP1A1/SFRP1/CA3/FOS/CYGB/AQP1/MSTN",43
"GO:0010761","fibroblast migration","12/1520","41/14866",0.292682926829268,2.86251604621309,4.03016930392058,0.000586971189794456,0.00567366115849611,0.00567366115849611,"TNS1/AKAP12/FGF2/ZEB2/HAS1/ACTA2/DDR2/MIR145/ITGB1BP1/DMTN/CCN3/CYGB",12
"GO:0071827","plasma lipoprotein particle organization","12/1520","41/14866",0.292682926829268,2.86251604621309,4.03016930392058,0.000586971189794456,0.00567366115849611,0.00567366115849611,"PCSK5/ABCA1/GPIHBP1/ABCA5/CETP/LPL/PLA2G5/ANGPTL4/APOB/MPO/PLTP/PLA2G2A",12
"GO:0050796","regulation of insulin secretion","25/1520","123/14866",0.203252032520325,1.98785836542576,3.71264133271731,0.000601848222280964,0.00580578084304769,0.00580578084304769,"ACSL4/RBP4/MYRIP/PRKN/DOC2B/KCNA5/FAM3D/IRS2/ADRA2A/ADCY5/KCNB1/DRD2/PDE8B/RAPGEF3/FOXO1/PER2/IL6/PRKCA/GPLD1/NNAT/CACNA2D1/HADH/MLXIPL/CCN3/TCF7L2",25
"GO:0010745","negative regulation of macrophage derived foam cell differentiation","6/1520","12/14866",0.5,4.89013157894737,4.54948141009748,0.000606507459557744,0.00582732367143081,0.00582732367143081,"ABCA1/ABCA5/ADIPOQ/CETP/PPARA/PPARG",6
"GO:0072578","neurotransmitter-gated ion channel clustering","6/1520","12/14866",0.5,4.89013157894737,4.54948141009748,0.000606507459557744,0.00582732367143081,0.00582732367143081,"NRXN1/RELN/ZDHHC2/SHANK3/CHRDL1/NLGN1",6
"GO:0036293","response to decreased oxygen levels","44/1520","262/14866",0.16793893129771,1.64248694254721,3.54085163508258,0.000654646507086368,0.0062638100734983,0.0062638100734983,"PTGS2/KCNA5/ACAA2/CAT/PTGIS/ZEB2/SLC8A3/CXCL12/SLC2A4/NOS1/CAV1/MPL/RGCC/TGFBR3/DRD2/NDNF/EPAS1/PPARA/MYOCD/VEGFD/LEP/DPP4/EGR1/DDR2/MIR145/PENK/S100B/ANGPT4/AK4/PPARG/MGARP/SCN2A/EDN1/ANGPTL4/CPEB1/BMP2/TWIST1/CYP1A1/SFRP1/CA3/FOS/CYGB/AQP1/MSTN",44
"GO:0010559","regulation of glycoprotein biosynthetic process","11/1520","36/14866",0.305555555555556,2.98841374269006,4.03103084564181,0.000659760178432586,0.0062638100734983,0.0062638100734983,"RECK/IGF1/IL33/GDPD5/ITM2A/CCL21/NECAB1/SLC51B/HBEGF/TCF7L2/MEST",11
"GO:0031641","regulation of myelination","11/1520","36/14866",0.305555555555556,2.98841374269006,4.03103084564181,0.000659760178432586,0.0062638100734983,0.0062638100734983,"SOX10/PTN/IGF1/JAM2/PTPRZ1/QKI/S100B/LPIN1/TPPP/EGR2/LGI4",11
"GO:0046461","neutral lipid catabolic process","11/1520","36/14866",0.305555555555556,2.98841374269006,4.03103084564181,0.000659760178432586,0.0062638100734983,0.0062638100734983,"GPIHBP1/ABHD6/AADAC/FABP4/GPLD1/LPL/LIPE/PNPLA2/CPS1/MGLL/PLIN1",11
"GO:0046464","acylglycerol catabolic process","11/1520","36/14866",0.305555555555556,2.98841374269006,4.03103084564181,0.000659760178432586,0.0062638100734983,0.0062638100734983,"GPIHBP1/ABHD6/AADAC/FABP4/GPLD1/LPL/LIPE/PNPLA2/CPS1/MGLL/PLIN1",11
"GO:0090077","foam cell differentiation","11/1520","36/14866",0.305555555555556,2.98841374269006,4.03103084564181,0.000659760178432586,0.0062638100734983,0.0062638100734983,"ABCA1/ABCA5/ADIPOQ/CETP/CD36/PPARA/LPL/PPARG/PLA2G5/APOB/PLA2G2A",11
"GO:0032371","regulation of sterol transport","14/1520","53/14866",0.264150943396226,2.58346573982125,3.89720979310218,0.000668042863952621,0.00629270180083998,0.00629270180083999,"ABCA1/LRP1/ABCA5/ADIPOQ/CAV1/CETP/CES1/PTCH1/ABCA8/MIR145/EEPD1/EGF/PPARG/PLTP",14
"GO:0032374","regulation of cholesterol transport","14/1520","53/14866",0.264150943396226,2.58346573982125,3.89720979310218,0.000668042863952621,0.00629270180083998,0.00629270180083999,"ABCA1/LRP1/ABCA5/ADIPOQ/CAV1/CETP/CES1/PTCH1/ABCA8/MIR145/EEPD1/EGF/PPARG/PLTP",14
"GO:0072577","endothelial cell apoptotic process","14/1520","53/14866",0.264150943396226,2.58346573982125,3.89720979310218,0.000668042863952621,0.00629270180083998,0.00629270180083999,"ECSCR/KDR/AKR1C3/F3/CCL2/NGFR/RGCC/TEK/NDNF/ANGPT1/CDH5/SEMA5A/COL4A3/DAB2IP",14
"GO:1901379","regulation of potassium ion transmembrane transport","14/1520","53/14866",0.264150943396226,2.58346573982125,3.89720979310218,0.000668042863952621,0.00629270180083998,0.00629270180083999,"ANK2/BIN1/FHL1/CAV1/AKAP6/DPP6/KCNE1/KCNAB1/ATP1B2/KCNIP2/KCNS1/KCNJ2/KCNIP1/ANO6",14
"GO:0002028","regulation of sodium ion transport","15/1520","59/14866",0.254237288135593,2.48650758251561,3.86089763266625,0.000675006453446537,0.00634585323357566,0.00634585323357566,"SCN2B/OSR1/NOS1/DMD/ATP2B4/DRD2/UTRN/SCN3B/SCN5A/FXYD2/TESC/SCN4B/ATP1B2/PER1/NKAIN2",15
"GO:0097237","cellular response to toxic substance","25/1520","124/14866",0.201612903225806,1.97182724957555,3.66733346886379,0.000682106762843884,0.00640007986074613,0.00640007986074613,"PRKN/MTARC1/PTGS2/CAT/ALDH2/HBB/ABCG2/FBLN5/HBA2/ADH4/GSTM2/CD36/GPX3/CLIC2/MGST1/PRXL2A/TPO/ALDH1A1/EDN1/AIFM2/CDH13/MPO/SLC29A4/CYGB/SOD3",25
"GO:0043270","positive regulation of monoatomic ion transport","29/1520","152/14866",0.190789473684211,1.86597126038781,3.62150081787505,0.000688525719450953,0.006435170342884,0.006435170342884,"SCN2B/ANK2/CX3CL1/CAPN3/CCL2/FHL1/CXCL12/NOS1/CAV1/ADRA2A/AKAP6/STAC2/KCNE1/SCN3B/LEP/SCN5A/FXYD2/MYLK/TESC/TRPC1/SCN4B/TRPC6/ATP1B2/KCNIP2/EDN1/KCNJ2/ADCYAP1R1/ANO6/SNCA",29
"GO:1902905","positive regulation of supramolecular fiber organization","29/1520","152/14866",0.190789473684211,1.86597126038781,3.62150081787505,0.000688525719450953,0.006435170342884,0.006435170342884,"TENM1/FERMT2/CX3CL1/CCL24/LIMCH1/BIN1/SYNPO2/PRKD1/LMOD1/PROX1/RGCC/NRP1/GSN/RAPGEF3/TACR1/ARHGEF15/ITGB1BP1/CCL21/MYOC/CFL2/ANKRD53/EDN1/SYNPO/MAP1B/SEMA5A/WASF3/SFRP1/TAC1/FHOD3",29
"GO:0010881","regulation of cardiac muscle contraction by regulation of the release of sequestered calcium ion","8/1520","21/14866",0.380952380952381,3.72581453634085,4.21836874093487,0.000703864944194647,0.00656576153769142,0.00656576153769142,"CASQ2/ANK2/TRDN/GSTM2/DMD/ATP1A2/CLIC2/HRC",8
"GO:0046320","regulation of fatty acid oxidation","10/1520","31/14866",0.32258064516129,3.15492359932088,4.05319631713643,0.000717259265144987,0.00667773935999326,0.00667773935999325,"ABCB11/PPARGC1A/IRS2/ACACB/ABCD2/PPARA/DGAT2/TWIST1/ACADL/PDK4",10
"GO:0048771","tissue remodeling","23/1520","111/14866",0.207207207207207,2.02654101469891,3.66350576196203,0.000739637580289044,0.00684565789509398,0.00684565789509398,"S1PR1/TMBIM1/CAV1/PTN/EPAS1/IL6/PRKCA/LEP/DDR2/NPR2/RSPO3/TIE1/ACVRL1/PPARG/NPR3/MEF2C/LEPR/LGR4/CYP1A1/SFRP1/FLT4/EPHA2/PDK4",23
"GO:0019228","neuronal action potential","9/1520","26/14866",0.346153846153846,3.38547570850202,4.10840654545693,0.000740995442433154,0.00684565789509398,0.00684565789509398,"KCNA1/SCN11A/NPY2R/KCNMB1/NPR2/SCN4B/SCN2A/KCNA2/SCN9A",9
"GO:0030857","negative regulation of epithelial cell differentiation","9/1520","26/14866",0.346153846153846,3.38547570850202,4.10840654545693,0.000740995442433154,0.00684565789509398,0.00684565789509398,"OSR1/SPRY1/CAV1/SPRY2/ZEB1/ACVRL1/HOXA7/MSX1/NOTCH4",9
"GO:0033622","integrin activation","9/1520","26/14866",0.346153846153846,3.38547570850202,4.10840654545693,0.000740995442433154,0.00684565789509398,0.00684565789509398,"FERMT2/CX3CL1/PTGER4/JAM3/CXCL12/RASIP1/SELP/ITGB1BP1/P2RY12",9
"GO:0019226","transmission of nerve impulse","12/1520","42/14866",0.285714285714286,2.79436090225564,3.92989032471172,0.000746273450337141,0.00686800317130197,0.00686800317130197,"S1PR1/AVPR1A/KCNA1/SCN11A/NPY2R/KCNMB1/NPR2/PENK/SCN4B/SCN2A/KCNA2/SCN9A",12
"GO:0045599","negative regulation of fat cell differentiation","12/1520","42/14866",0.285714285714286,2.79436090225564,3.92989032471172,0.000746273450337141,0.00686800317130197,0.00686800317130197,"FERMT2/ZFPM2/ADIPOQ/YAP1/RUNX1T1/SLC7A10/FOXO1/IL6/WNT10B/BMP2/ZFP36L2/PRDM16",12
"GO:0005977","glycogen metabolic process","16/1520","66/14866",0.242424242424242,2.37097288676236,3.76702642359033,0.000797059832545576,0.00730776933751116,0.00730776933751116,"SORBS1/IRS2/IGF1/EPM2A/GYG2/PER2/GABARAPL1/STBD1/PGM1/PHKG1/PYGL/GBE1/UGP2/PYGM/PPP1R1A/PPP1R3G",16
"GO:0021954","central nervous system neuron development","13/1520","48/14866",0.270833333333333,2.64882127192982,3.86125155064713,0.000797100568870909,0.00730776933751116,0.00730776933751116,"BRINP1/EPHB1/B4GALT6/MYCBP2/DRD2/NRP1/NDNF/PRKCA/LHX6/NFIB/SLIT2/NOVA2/NTRK2",13
"GO:0032233","positive regulation of actin filament bundle assembly","15/1520","60/14866",0.25,2.44506578947368,3.78506256732455,0.000816273101151949,0.00741690072379329,0.00741690072379329,"FERMT2/CX3CL1/LIMCH1/SYNPO2/RGCC/NRP1/RAPGEF3/TACR1/ARHGEF15/ITGB1BP1/MYOC/SYNPO/SFRP1/TAC1/FHOD3",15
"GO:0050818","regulation of coagulation","15/1520","60/14866",0.25,2.44506578947368,3.78506256732455,0.000816273101151949,0.00741690072379329,0.00741690072379329,"F3/CAV1/EMILIN2/CD36/ADAMTS18/SERPING1/ANGPT1/PDGFA/PROS1/TFPI/EDN1/PDGFRA/THBD/C1QTNF1/ANO6",15
"GO:0001954","positive regulation of cell-matrix adhesion","14/1520","54/14866",0.259259259259259,2.53562378167641,3.81507911000817,0.000818267565281108,0.00741690072379329,0.00741690072379329,"FERMT2/CX3CL1/PLPP3/KDR/TEK/CD36/NRP1/UTRN/ITGB1BP1/CCL21/MYOC/CCL28/CDH13/SFRP1",14
"GO:0014910","regulation of smooth muscle cell migration","14/1520","54/14866",0.259259259259259,2.53562378167641,3.81507911000817,0.000818267565281108,0.00741690072379329,0.00741690072379329,"LRP1/ADIPOQ/FOXO4/IGF1/NR4A3/NRP1/MYOCD/TACR1/PDGFA/DDR2/MEF2C/ADAMTS1/SLIT2/PDGFD",14
"GO:0030837","negative regulation of actin filament polymerization","14/1520","54/14866",0.259259259259259,2.53562378167641,3.81507911000817,0.000818267565281108,0.00741690072379329,0.00741690072379329,"EPS8/SPTB/KANK3/KANK2/SPTBN1/TMOD1/LMOD1/GSN/ADD3/DMTN/SLIT2/KANK1/TMOD2/SPTA1",14
"GO:1902895","positive regulation of miRNA transcription","14/1520","54/14866",0.259259259259259,2.53562378167641,3.81507911000817,0.000818267565281108,0.00741690072379329,0.00741690072379329,"EGFR/FGF2/NGFR/MYOCD/IL6/EGR1/TEAD1/JUN/PPARG/BMP2/ATOH8/NR3C1/KLF4/FOS",14
"GO:0034219","carbohydrate transmembrane transport","20/1520","92/14866",0.217391304347826,2.12614416475973,3.65651658527846,0.000852347291946659,0.00767549208979798,0.00767549208979798,"SLC5A4/SLC5A1/TRARG1/PID1/RHOQ/SORBS1/SLC25A27/SLC2A4/ADIPOQ/IRS2/IGF1/NR4A3/SLC2A12/LEP/FFAR4/PIK3R1/PTPRM/AQP7/C3/AQP1",20
"GO:0019432","triglyceride biosynthetic process","11/1520","37/14866",0.297297297297297,2.90764580369843,3.9207699548074,0.000853187505402191,0.00767549208979798,0.00767549208979798,"AGPAT2/AGMO/GPAT3/GPAM/THRSP/PCK1/GPLD1/LPIN1/ACSL1/DGAT2/C3",11
"GO:0052652","cyclic purine nucleotide metabolic process","11/1520","37/14866",0.297297297297297,2.90764580369843,3.9207699548074,0.000853187505402191,0.00767549208979798,0.00767549208979798,"PDE2A/ADCY5/PDE7B/PDE8B/NPR2/EDNRB/NPR1/ADCYAP1R1/PDE1A/ADCY4/EPHA2",11
"GO:1900271","regulation of long-term synaptic potentiation","11/1520","37/14866",0.297297297297297,2.90764580369843,3.9207699548074,0.000853187505402191,0.00767549208979798,0.00767549208979798,"RELN/PRNP/NSG1/PTN/ZDHHC2/MME/DRD2/SHANK3/FAM107A/CYP46A1/ARC",11
"GO:0021700","developmental maturation","38/1520","220/14866",0.172727272727273,1.68931818181818,3.47616393775852,0.000864336053311348,0.00774960117876806,0.00774960117876806,"NRXN1/RELN/ZDHHC15/S1PR1/CX3CL1/STXBP1/CX3CR1/B4GALT6/SCARF1/ZDHHC2/SLC24A4/RECK/IGF1/KCNB1/ZBTB16/BNC1/CHRDL1/LEP/NPR2/ARHGEF15/CCL21/ACVRL1/LHX6/PPARG/NRN1/MYOC/EDNRB/KCNIP2/EDN1/FGF7/MAP1B/ADGRB3/BMP2/SLC26A3/LGI4/PALM/C3/DAB2IP",38
"GO:0051606","detection of stimulus","33/1520","183/14866",0.180327868852459,1.76365401207938,3.50786986674803,0.000864651588638567,0.00774960117876806,0.00774960117876806,"CASQ2/ANO3/NR4A1/EPHB1/CXCL12/KCNA1/CABP1/SCN11A/SLC24A4/PTPRQ/NMT2/PKD2/EYS/TLR4/KCNMB1/TACR1/TMC2/HTR2A/PRCD/PECAM1/PKD1L2/OR51E1/FFAR4/OR2A1/KIT/PIGR/OR52N4/KCNIP2/OR7C1/OR2A42/OR2L13/TAC1/SCN9A",33
"GO:0071456","cellular response to hypoxia","26/1520","133/14866",0.195488721804511,1.9119311436486,3.56509382722911,0.000875037091762728,0.00782807856392579,0.00782807856392578,"PTGS2/ACAA2/PTGIS/SLC8A3/SLC2A4/MPL/RGCC/DRD2/NDNF/EPAS1/DDR2/MIR145/S100B/ANGPT4/AK4/PPARG/MGARP/SCN2A/EDN1/CPEB1/TWIST1/SFRP1/CA3/FOS/AQP1/MSTN",26
"GO:0006700","C21-steroid hormone biosynthetic process","7/1520","17/14866",0.411764705882353,4.02716718266254,4.21445046947866,0.00088867590845935,0.00789131065478506,0.00789131065478506,"CYP11A1/ADM/BMP6/EGR1/BMP5/DKK3/BMP2",7
"GO:0010885","regulation of cholesterol storage","7/1520","17/14866",0.411764705882353,4.02716718266254,4.21445046947866,0.00088867590845935,0.00789131065478506,0.00789131065478506,"ABCA1/CD36/PPARA/CES1/LPL/PPARG/APOB",7
"GO:0016048","detection of temperature stimulus","7/1520","17/14866",0.411764705882353,4.02716718266254,4.21445046947866,0.00088867590845935,0.00789131065478506,0.00789131065478506,"ANO3/EPHB1/CXCL12/SCN11A/HTR2A/TAC1/SCN9A",7
"GO:0051580","regulation of neurotransmitter uptake","7/1520","17/14866",0.411764705882353,4.02716718266254,4.21445046947866,0.00088867590845935,0.00789131065478506,0.00789131065478506,"PRKN/GPM6B/NOS1/ATP1A2/DRD2/PER2/SNCA",7
"GO:0014897","striated muscle hypertrophy","17/1520","73/14866",0.232876712328767,2.27759552992069,3.69279650012753,0.00090466438667938,0.00800369744679142,0.00800369744679142,"IGF1/AKAP6/ATP2B4/ADRA1A/NR4A3/PPARA/FOXO1/SORBS2/PRKCA/LEP/MIR145/KLF15/RGS2/PPARG/MYOC/EDN1/MLIP",17
"GO:1902893","regulation of miRNA transcription","17/1520","73/14866",0.232876712328767,2.27759552992069,3.69279650012753,0.00090466438667938,0.00800369744679142,0.00800369744679142,"EGFR/FGF2/NGFR/PPARA/MYOCD/IL6/EGR1/TEAD1/JUN/PPARG/NFIB/BMP2/ATOH8/TWIST1/NR3C1/KLF4/FOS",17
"GO:0007156","homophilic cell-cell adhesion","30/1520","162/14866",0.185185185185185,1.81115984405458,3.50328035536947,0.000934524515642506,0.00822244647096447,0.00822244647096446,"PCDHGA2/DSC1/PCDHGA3/PCDH9/HMCN2/FAT4/CDH23/CDH8/ROBO3/CDH12/CDH22/FAT2/CADM2/CDH20/PCDHGB7/PCDHGA9/CADM3/PCDH18/CDH5/PECAM1/PCDHGB6/PCDHB15/CNTN6/NEXN/PTPRM/NECTIN3/ESAM/CDH13/ROBO4/PCDHB4",30
"GO:0008154","actin polymerization or depolymerization","30/1520","162/14866",0.185185185185185,1.81115984405458,3.50328035536947,0.000934524515642506,0.00822244647096447,0.00822244647096446,"ARHGAP6/EPS8/TENM1/SPTB/PLEKHH2/KANK3/CCL24/BIN1/KANK2/CXCL12/SPTBN1/DAAM2/PAK3/TMOD1/LMOD1/GSN/FAM107A/CYRIA/CCL21/DIAPH2/ADD3/CFL2/DMTN/SEMA5A/WASF3/ESAM/SLIT2/KANK1/TMOD2/SPTA1",30
"GO:0016051","carbohydrate biosynthetic process","30/1520","162/14866",0.185185185185185,1.81115984405458,3.50328035536947,0.000934524515642506,0.00822244647096447,0.00822244647096446,"RBP4/PPARGC1A/PTH1R/SORBS1/PC/ALDOC/ADIPOQ/IRS2/PCK1/IGF1/EPM2A/HAS1/HAS3/GYG2/FOXO1/PFKFB3/PER2/PFKFB1/LEP/B3GALT1/EGF/PGM1/DGAT2/GBE1/CHST9/ADCYAP1R1/UGP2/TCF7L2/SNCA/PPP1R3G",30
"GO:0003009","skeletal muscle contraction","12/1520","43/14866",0.27906976744186,2.72937576499388,3.83251825861871,0.00094014671134855,0.00824172408999715,0.00824172408999715,"PRKD1/SLC8A3/ADGRD1/SYNM/SCN4A/GSTM2/DMD/STAC2/MYH3/TNNT3/KCNJ2/CA3",12
"GO:0048008","platelet-derived growth factor receptor signaling pathway","12/1520","43/14866",0.27906976744186,2.72937576499388,3.83251825861871,0.00094014671134855,0.00824172408999715,0.00824172408999715,"LRP1/F3/ADIPOQ/NR4A3/NRP1/MYOCD/PDGFA/PDGFRL/PDGFRA/PDGFD/APOD/SNCA",12
"GO:0032350","regulation of hormone metabolic process","10/1520","32/14866",0.3125,3.0563322368421,3.9297762738569,0.000948751059635813,0.00824776013426701,0.00824776013426701,"ADM/AKR1C3/BMP6/SLCO1C1/NR5A2/EGR1/BMP5/DKK3/BMP2/TCF7L2",10
"GO:0042551","neuron maturation","10/1520","32/14866",0.3125,3.0563322368421,3.9297762738569,0.000948751059635813,0.00824776013426701,0.00824776013426701,"CX3CL1/B4GALT6/SCARF1/KCNB1/MYOC/EDNRB/KCNIP2/ADGRB3/LGI4/C3",10
"GO:0032272","negative regulation of protein polymerization","16/1520","67/14866",0.238805970149254,2.33558523173606,3.6976135100823,0.000949419515872119,0.00824776013426701,0.00824776013426701,"EPS8/SPTB/KANK3/KANK2/SPTBN1/TMOD1/LMOD1/GSN/CDH5/ADD3/DMTN/SLIT2/KANK1/TMOD2/SPTA1/SNCA",16
"GO:0044042","glucan metabolic process","16/1520","67/14866",0.238805970149254,2.33558523173606,3.6976135100823,0.000949419515872119,0.00824776013426701,0.00824776013426701,"SORBS1/IRS2/IGF1/EPM2A/GYG2/PER2/GABARAPL1/STBD1/PGM1/PHKG1/PYGL/GBE1/UGP2/PYGM/PPP1R1A/PPP1R3G",16
"GO:0048709","oligodendrocyte differentiation","16/1520","67/14866",0.238805970149254,2.33558523173606,3.6976135100823,0.000949419515872119,0.00824776013426701,0.00824776013426701,"PLP1/GPM6B/SLC8A3/SOX10/B4GALT6/DAAM2/PTN/CFH/BOK/GPR17/CDKN2C/PTPRZ1/QKI/IL34/TPPP/NTRK2",16
"GO:0008203","cholesterol metabolic process","23/1520","113/14866",0.20353982300885,1.99067303213787,3.5674515359907,0.000957580276153076,0.00830363835133461,0.00830363835133461,"CYP11A1/ABCA1/ACAA2/FGF1/ABCA5/CETP/SCARF1/VLDLR/CYP39A1/GPR146/CES1/QKI/GNAI1/HMGCS2/LIPE/CUBN/CYP46A1/DGAT2/APOB/ACADL/CH25H/AKR1D1/CYP3A4",23
"GO:0051279","regulation of release of sequestered calcium ion into cytosol","15/1520","61/14866",0.245901639344262,2.40498274374461,3.71073885989449,0.00098180420321366,0.0084640137743934,0.0084640137743934,"CASQ2/ANK2/CX3CL1/CAPN3/TRDN/GSTM2/DMD/AKAP6/JPH2/ATP1A2/CLIC2/TRPC1/HRC/JPH4/SNCA",15
"GO:0055006","cardiac cell development","15/1520","61/14866",0.245901639344262,2.40498274374461,3.71073885989449,0.00098180420321366,0.0084640137743934,0.0084640137743934,"SPRY1/PROX1/IGF1/AKAP6/TGFBR3/MYH11/PPARA/SORBS2/ALPK3/TBX18/RGS2/EDN1/PDGFRA/ACTC1/FHOD3",15
"GO:1903036","positive regulation of response to wounding","15/1520","61/14866",0.245901639344262,2.40498274374461,3.71073885989449,0.00098180420321366,0.0084640137743934,0.0084640137743934,"FERMT2/F3/PTN/ADRA2A/SCARF1/EMILIN2/CD36/ANXA1/DDR2/MYLK/DMTN/KANK1/HBEGF/THBD/ANO6",15
"GO:0045428","regulation of nitric oxide biosynthetic process","13/1520","49/14866",0.26530612244898,2.59476369495167,3.773487627613,0.000984884200642363,0.0084640137743934,0.0084640137743934,"KLF2/PTGS2/PTGIS/HBB/CX3CR1/CAV1/ATP2B4/PKD2/CD36/TLR4/EDN1/SIRPA/KLF4",13
"GO:0071320","cellular response to cAMP","13/1520","49/14866",0.26530612244898,2.59476369495167,3.773487627613,0.000984884200642363,0.0084640137743934,0.0084640137743934,"SLC8A3/HCN1/PDE2A/AKAP6/PKD2/CRHBP/RAPGEF3/KCNE1/PENK/DMTN/CPS1/SLC26A3/AQP1",13
"GO:0001570","vasculogenesis","14/1520","55/14866",0.254545454545455,2.48952153110048,3.7347766043527,0.000996007521179339,0.00852618994943099,0.00852618994943099,"ADM/KDR/CD34/TMEM100/CAV1/TGFBR3/ASB4/NRP1/RASIP1/SOX17/ACKR3/TGFBR2/NPR2/TIE1",14
"GO:0035249","synaptic transmission, glutamatergic","18/1520","80/14866",0.225,2.20055921052632,3.63355649455453,0.00099632554432642,0.00852618994943099,0.00852618994943099,"NRXN1/RELN/PRKN/STXBP1/GRIN2B/CCL2/GRIK1/ATP1A2/DRD2/SHANK3/HTR2A/SLC17A7/PLPPR4/MEF2C/NLGN1/NR3C1/UNC13C/GRIA4",18
"GO:0001945","lymph vessel development","8/1520","22/14866",0.363636363636364,3.55645933014354,4.0495190480238,0.00100772573687915,0.00852618994943099,0.00852618994943099,"PROX1/PTPN14/NPR2/TIE1/ACVRL1/CCBE1/SVEP1/FLT4",8
"GO:0045907","positive regulation of vasoconstriction","8/1520","22/14866",0.363636363636364,3.55645933014354,4.0495190480238,0.00100772573687915,0.00852618994943099,0.00852618994943099,"AVPR1A/CAV1/ADRA1A/AVPR2/OXTR/TACR1/HTR2A/ADD3",8
"GO:0045987","positive regulation of smooth muscle contraction","8/1520","22/14866",0.363636363636364,3.55645933014354,4.0495190480238,0.00100772573687915,0.00852618994943099,0.00852618994943099,"ADRA1A/ADRA2B/MYOCD/TACR1/KIT/EDN1/SPX/EDN3",8
"GO:0099623","regulation of cardiac muscle cell membrane repolarization","8/1520","22/14866",0.363636363636364,3.55645933014354,4.0495190480238,0.00100772573687915,0.00852618994943099,0.00852618994943099,"CASQ2/ANK2/KCNA5/NOS1/KCNE1/SCN5A/SCN4B/CACNA2D1",8
"GO:1901381","positive regulation of potassium ion transmembrane transport","8/1520","22/14866",0.363636363636364,3.55645933014354,4.0495190480238,0.00100772573687915,0.00852618994943099,0.00852618994943099,"ANK2/FHL1/AKAP6/KCNE1/ATP1B2/KCNIP2/KCNJ2/ANO6",8
"GO:0032228","regulation of synaptic transmission, GABAergic","9/1520","27/14866",0.333333333333333,3.26008771929825,3.96673831060499,0.00101164202147703,0.00852618994943099,0.00852618994943099,"NRXN1/STXBP1/ADRA1A/DRD2/TACR1/PLCL2/NLGN1/HAP1/TAC1",9
"GO:0046676","negative regulation of insulin secretion","9/1520","27/14866",0.333333333333333,3.26008771929825,3.96673831060499,0.00101164202147703,0.00852618994943099,0.00852618994943099,"PRKN/FAM3D/ADRA2A/KCNB1/DRD2/PDE8B/FOXO1/HADH/CCN3",9
"GO:0050433","regulation of catecholamine secretion","9/1520","27/14866",0.333333333333333,3.26008771929825,3.96673831060499,0.00101164202147703,0.00852618994943099,0.00852618994943099,"PRKN/CXCL12/ADRA2A/KCNB1/DRD2/ADRA2B/HTR2A/KCNA2/SNCA",9
"GO:0051491","positive regulation of filopodium assembly","9/1520","27/14866",0.333333333333333,3.26008771929825,3.96673831060499,0.00101164202147703,0.00852618994943099,0.00852618994943099,"TENM1/RHOQ/DOCK11/NRP1/CCL21/TENM2/PIK3R1/NLGN1/PALM",9
"GO:0001946","lymphangiogenesis","6/1520","13/14866",0.461538461538462,4.51396761133603,4.27750996882313,0.00102920113948815,0.00861487100443424,0.00861487100443424,"PROX1/PTPN14/TIE1/ACVRL1/CCBE1/FLT4",6
"GO:0045916","negative regulation of complement activation","6/1520","13/14866",0.461538461538462,4.51396761133603,4.27750996882313,0.00102920113948815,0.00861487100443424,0.00861487100443424,"VSIG4/C4BPA/SERPING1/MASP1/A2M/CR1",6
"GO:1902548","negative regulation of cellular response to vascular endothelial growth factor stimulus","6/1520","13/14866",0.461538461538462,4.51396761133603,4.27750996882313,0.00102920113948815,0.00861487100443424,0.00861487100443424,"SPRY2/ATP2B4/ANGPT1/SEMA6A/DAB2IP/DCN",6
"GO:0034440","lipid oxidation","21/1520","100/14866",0.21,2.05385526315789,3.56843858973954,0.00102933720993865,0.00861487100443424,0.00861487100443424,"ABCB11/ACADS/PPARGC1A/ACAA2/ADIPOQ/IRS2/ADH4/ACACB/ABCD2/PPARA/LEP/HADH/ECHDC1/DGAT2/ACSM1/TWIST1/ACADL/APOD/EHHADH/CYGB/PDK4",21
"GO:0007409","axonogenesis","53/1520","338/14866",0.156804733727811,1.5335915602616,3.34882980917064,0.00104130012470306,0.00869983617230174,0.00869983617230174,"NRXN1/RELN/TENM1/LGR6/STXBP1/EPHB1/HMCN2/FEZ1/CXCL12/B4GALT6/FAT4/SLITRK2/LRP4/SLITRK3/PAK3/SCN11A/ROBO3/MYCBP2/VIM/SEMA3G/DRD2/KALRN/NRP1/PLXNA4/NCAM1/PTCH1/PRKCA/ARHGEF40/NPR2/SEMA6A/S100B/EFNB3/RGMA/TENM2/ISLR2/CNTN6/NEXN/PLPPR4/PTPRM/SLIT3/EDN1/MAP1B/NFIB/SEMA5A/SLIT2/ROBO4/SEMA3D/SEMA3A/BOC/NOVA2/EDN3/SEMA6D/NTRK2",53
"GO:1903532","positive regulation of secretion by cell","41/1520","245/14866",0.16734693877551,1.63669709989259,3.39122078824944,0.00105380003706241,0.00878898503133305,0.00878898503133305,"ACSL4/RASL10B/RBP4/MYRIP/PRKN/NMB/DOC2B/MICU3/STXBP1/AVPR1A/PRKD1/BMP6/CXCL12/HCAR2/IRS2/RGCC/IGF1/KCNB1/ITSN1/DRD2/RAPGEF3/TLR4/TACR1/PRKCA/LEP/GPLD1/NNAT/ECRG4/CACNA2D1/FFAR4/PPARG/MLXIPL/EDN1/NLGN1/BMP2/WLS/TCF7L2/TAC1/C1QTNF1/EDN3/SNCA",41
"GO:0007193","adenylate cyclase-inhibiting G protein-coupled receptor signaling pathway","17/1520","74/14866",0.22972972972973,2.24681721194879,3.6285565032691,0.00106461049689937,0.00884842357630549,0.00884842357630549,"S1PR1/AKAP12/PTGER4/ADRA2A/PDE2A/DRD2/NPY2R/ADGRG3/ADRA2B/GPR146/GNAI1/RGS2/P2RY12/HCAR3/PALM/MARCO/ADRB2",17
"GO:0061614","miRNA transcription","17/1520","74/14866",0.22972972972973,2.24681721194879,3.6285565032691,0.00106461049689937,0.00884842357630549,0.00884842357630549,"EGFR/FGF2/NGFR/PPARA/MYOCD/IL6/EGR1/TEAD1/JUN/PPARG/NFIB/BMP2/ATOH8/TWIST1/NR3C1/KLF4/FOS",17
"GO:0090277","positive regulation of peptide hormone secretion","19/1520","87/14866",0.218390804597701,2.13591954022989,3.58602541037742,0.00107179690872337,0.00889276744301737,0.00889276744301737,"ACSL4/RASL10B/RBP4/MYRIP/PRKN/DOC2B/PRKD1/IRS2/ITSN1/DRD2/RAPGEF3/PRKCA/GPLD1/NNAT/ECRG4/CACNA2D1/FFAR4/MLXIPL/TCF7L2",19
"GO:0009187","cyclic nucleotide metabolic process","11/1520","38/14866",0.289473684210526,2.83112880886427,3.81415287042479,0.0010912813401147,0.00902326257816013,0.00902326257816013,"PDE2A/ADCY5/PDE7B/PDE8B/NPR2/EDNRB/NPR1/ADCYAP1R1/PDE1A/ADCY4/EPHA2",11
"GO:0071385","cellular response to glucocorticoid stimulus","11/1520","38/14866",0.289473684210526,2.83112880886427,3.81415287042479,0.0010912813401147,0.00902326257816013,0.00902326257816013,"SERPINF1/KLF9/ZFP36/PCK1/ANXA1/FAM107A/HMGCS2/EDN1/NR3C1/ZFP36L2/AQP1",11
"GO:0048762","mesenchymal cell differentiation","36/1520","208/14866",0.173076923076923,1.69273785425101,3.39540762290862,0.00112277869286912,0.00926774714869974,0.00926774714869974,"FERMT2/NRG1/OSR1/SPRY1/S100A4/SOX10/MARK1/RGCC/IGF1/SPRY2/TGFBR3/SEMA3G/NRP1/NCAM1/IL6/GFAP/QKI/TGFBR2/MIR145/IL17RD/SEMA6A/CRB2/BMP5/EDN1/MEF2C/MSX1/SEMA5A/BMP2/NOTCH4/TWIST1/DAB2IP/SEMA3D/SEMA3A/SFRP1/TCF7L2/SEMA6D",36
"GO:0043502","regulation of muscle adaptation","16/1520","68/14866",0.235294117647059,2.30123839009288,3.62943065469304,0.00112577846075713,0.00927656899738806,0.00927656899738806,"IGF1/AKAP6/ATP2B4/ADRA1A/NR4A3/PPARA/FOXO1/PRKCA/SCN5A/MIR145/RGS2/PPARG/EDN1/FBXO32/KLF4/MLIP",16
"GO:0008645","hexose transmembrane transport","18/1520","81/14866",0.222222222222222,2.1733918128655,3.57358066062935,0.00116087304451564,0.00954937346892657,0.00954937346892657,"SLC5A4/SLC5A1/TRARG1/PID1/RHOQ/SORBS1/SLC25A27/SLC2A4/ADIPOQ/IRS2/IGF1/NR4A3/SLC2A12/LEP/FFAR4/PIK3R1/PTPRM/C3",18
"GO:0060840","artery development","15/1520","62/14866",0.241935483870968,2.36619269949066,3.63786817297794,0.00117480309390278,0.00964744284292132,0.00964744284292132,"LRP1/ADAMTS9/NGFR/MIR205/SCN11A/PDE2A/PROX1/PKD2/NRP1/TGFBR2/MIR145/MYLK/ACVRL1/EGR2/EDN1",15
"GO:0010811","positive regulation of cell-substrate adhesion","21/1520","101/14866",0.207920792079208,2.03352006253257,3.517155447515,0.0011768758051008,0.00964797161724271,0.00964797161724271,"FBLN1/FERMT2/CX3CL1/PLPP3/KDR/TEK/CD36/NRP1/NDNF/NEDD9/UTRN/ITGB1BP1/CCL21/CCDC80/MYOC/VIT/CCL28/FBLN2/ECM2/CDH13/SFRP1",21
"GO:0030193","regulation of blood coagulation","14/1520","56/14866",0.25,2.44506578947368,3.65622399398556,0.00120509545168695,0.00986248475281794,0.00986248475281794,"F3/CAV1/EMILIN2/CD36/ADAMTS18/SERPING1/PDGFA/PROS1/TFPI/EDN1/PDGFRA/THBD/C1QTNF1/ANO6",14
"GO:0051216","cartilage development","24/1520","122/14866",0.19672131147541,1.92398619499569,3.45832996220251,0.00123846138414563,0.0100670224511311,0.0100670224511311,"OSR1/FGF2/BMP6/GHR/BMP3/ZBTB16/NR5A2/HYAL1/WNT10B/LEP/SOX5/TGFBR2/GPLD1/NPR2/ACVRL1/WNT11/BMP5/EFEMP1/MEF2C/PKDCC/NFIB/OGN/BMP2/CCN3",24
"GO:0002793","positive regulation of peptide secretion","19/1520","88/14866",0.215909090909091,2.11164772727273,3.52963160774663,0.00123847008089477,0.0100670224511311,0.0100670224511311,"ACSL4/RASL10B/RBP4/MYRIP/PRKN/DOC2B/PRKD1/IRS2/ITSN1/DRD2/RAPGEF3/PRKCA/GPLD1/NNAT/ECRG4/CACNA2D1/FFAR4/MLXIPL/TCF7L2",19
"GO:0034109","homotypic cell-cell adhesion","19/1520","88/14866",0.215909090909091,2.11164772727273,3.52963160774663,0.00123847008089477,0.0100670224511311,0.0100670224511311,"STXBP1/PLPP3/CSRP1/HBB/MMRN1/EMILIN2/ADAMTS18/XG/IL6/PRKCA/TYRO3/MYL9/HTR2A/CTNNA3/P2RY12/CTSG/PDGFRA/PEAR1/C1QTNF1",19
"GO:0060538","skeletal muscle organ development","19/1520","88/14866",0.215909090909091,2.11164772727273,3.52963160774663,0.00123847008089477,0.0100670224511311,0.0100670224511311,"MYL3/EPHB1/FOXP2/CAV1/SCN11A/MYMX/DMD/MYOZ2/MYOCD/DES/S100B/CFL2/EGR2/MYOM1/MEF2C/CAV2/CYP26B1/RCAN1/MSTN",19
"GO:0050769","positive regulation of neurogenesis","30/1520","165/14866",0.181818181818182,1.77822966507177,3.39238399290315,0.00126748905386723,0.010285502389828,0.010285502389828,"RELN/SERPINF1/CX3CL1/FZD4/BIN1/CX3CR1/CXCL12/SOX10/PTN/ROBO3/MME/VIM/DRD2/NRP1/PTPRZ1/SHANK3/IL6/GFAP/QKI/IL34/DCT/EGR2/KIT/ISLR2/MAP1B/SEMA5A/BMP2/SLIT2/HAP1/NTRK2",30
"GO:0008643","carbohydrate transport","20/1520","95/14866",0.210526315789474,2.0590027700831,3.49448065142254,0.00129842048454361,0.0105010303160732,0.0105010303160732,"SLC5A4/SLC5A1/TRARG1/PID1/RHOQ/SORBS1/SLC25A27/SLC2A4/ADIPOQ/IRS2/IGF1/NR4A3/SLC2A12/LEP/FFAR4/PIK3R1/PTPRM/AQP7/C3/AQP1",20
"GO:1904950","negative regulation of establishment of protein localization","20/1520","95/14866",0.210526315789474,2.0590027700831,3.49448065142254,0.00129842048454361,0.0105010303160732,0.0105010303160732,"PRKN/MDFIC/FAM3D/CABP1/ADRA2A/KCNB1/CD36/DRD2/PDE8B/FOXO1/KCNE1/CORO2B/ITGB1BP1/HADH/CD200/PKDCC/PDE1C/DMTN/CCN3/APOD",20
"GO:0043116","negative regulation of vascular permeability","7/1520","18/14866",0.388888888888889,3.80343567251462,4.01625758585935,0.00132672823539569,0.0106587879002768,0.0106587879002768,"FERMT2/CLDN5/ADM/AKAP12/PDE2A/ANGPT1/SLIT2",7
"GO:0046885","regulation of hormone biosynthetic process","7/1520","18/14866",0.388888888888889,3.80343567251462,4.01625758585935,0.00132672823539569,0.0106587879002768,0.0106587879002768,"ADM/BMP6/NR5A2/EGR1/BMP5/DKK3/BMP2",7
"GO:0106070","regulation of adenylate cyclase-activating G protein-coupled receptor signaling pathway","7/1520","18/14866",0.388888888888889,3.80343567251462,4.01625758585935,0.00132672823539569,0.0106587879002768,0.0106587879002768,"NRXN1/NOS1/PDE2A/ATP2B4/PRKCA/MRAP2/PDE3B",7
"GO:0090092","regulation of transmembrane receptor protein serine/threonine kinase signaling pathway","38/1520","225/14866",0.168888888888889,1.65177777777778,3.32455964129575,0.00132680165786127,0.0106587879002768,0.0106587879002768,"ZNF423/SOSTDC1/LRP1/KDR/SPRY1/ZEB2/BMP6/LTBP4/MIR205/NODAL/RBPMS2/CAV1/SPRY2/GREM2/TGFBR3/PPARA/MYOCD/CHRDL1/DACT2/CDH5/TGFBR2/MIR145/IL17RD/CRB2/CRIM1/CIDEA/ACVRL1/BMP5/PPARG/BMPER/CDKN1C/FSTL1/CCN1/DKK3/BMP2/ATOH8/PRDM16/CCN3",38
"GO:0060079","excitatory postsynaptic potential","18/1520","82/14866",0.219512195121951,2.14688703465982,3.5144735802116,0.00134797192011388,0.010810779806723,0.010810779806723,"NRXN1/RELN/PRKN/GRIN2B/CHRNA2/SLC8A3/CBLN1/SLC1A7/GLRA3/NLGN4X/MET/DRD2/SHANK3/SLC17A7/MEF2C/NLGN1/ADRB2/P2RX6",18
"GO:0014888","striated muscle adaptation","9/1520","28/14866",0.321428571428571,3.14365601503759,3.8315554911665,0.0013570823630677,0.0108116478808909,0.0108116478808909,"ATP2B4/MYOZ2/GSN/FOXO1/KLF15/PPARG/MYOC/MLIP/MSTN",9
"GO:0032309","icosanoid secretion","9/1520","28/14866",0.321428571428571,3.14365601503759,3.8315554911665,0.0013570823630677,0.0108116478808909,0.0108116478808909,"ACSL4/NMB/PLA2G4A/DRD2/PLA2R1/LEP/PLA2G5/EDN1/PLA2G2A",9
"GO:0050432","catecholamine secretion","9/1520","28/14866",0.321428571428571,3.14365601503759,3.8315554911665,0.0013570823630677,0.0108116478808909,0.0108116478808909,"PRKN/CXCL12/ADRA2A/KCNB1/DRD2/ADRA2B/HTR2A/KCNA2/SNCA",9
"GO:0141162","negative regulation of cAMP/PKA signal transduction","9/1520","28/14866",0.321428571428571,3.14365601503759,3.8315554911665,0.0013570823630677,0.0108116478808909,0.0108116478808909,"PDE2A/PDE7B/PDE8B/PDE1B/PRKAR2B/PDE1C/PDE11A/PDE1A/PDE3B",9
"GO:0015711","organic anion transport","55/1520","358/14866",0.153631284916201,1.50255439576595,3.24825044337214,0.00137035030987448,0.0108992763056904,0.0108992763056904,"ACSL4/ABCB11/NMB/FOLR2/AKR1C1/STXBP1/AVPR1A/ABCB1/SLC13A2/SLC16A7/PLA2G4A/LRRC8C/SLCO1C1/ABCG2/SLC2A4/SLC1A7/IRS2/SLC16A12/SLC7A10/THRSP/CD36/ATP1A2/SLC22A3/DRD2/CA4/FABP4/ABCD2/PPARA/RBP7/PER2/SLCO1A2/CES1/PLA2R1/LEP/MGST1/SLC17A7/SLC25A25/SLC7A3/RGS2/PPARG/PLA2G5/ACSL1/SLC27A6/EDN1/CR1/SLC51B/SLC26A3/ABCC6/SLC16A11/SPX/SLC1A3/SLC22A11/ACE2/PLA2G2A/SLC10A6",55
"GO:0030041","actin filament polymerization","26/1520","137/14866",0.18978102189781,1.85610833653477,3.39727786190963,0.00137559945080709,0.0109049170984773,0.0109049170984773,"ARHGAP6/EPS8/TENM1/SPTB/KANK3/CCL24/BIN1/KANK2/SPTBN1/DAAM2/PAK3/TMOD1/LMOD1/GSN/FAM107A/CYRIA/CCL21/DIAPH2/ADD3/DMTN/WASF3/ESAM/SLIT2/KANK1/TMOD2/SPTA1",26
"GO:0043409","negative regulation of MAPK cascade","26/1520","137/14866",0.18978102189781,1.85610833653477,3.39727786190963,0.00137559945080709,0.0109049170984773,0.0109049170984773,"PRKN/FBLN1/LMO3/SPRY1/ATF3/DUSP6/MIR205/ADIPOQ/CAV1/IRAK3/SPRY2/FOXO1/TLR4/SH3RF2/KLHL31/SEMA6A/ITGB1BP1/RGS2/PPARG/MECOM/SIRPA/DUSP1/PER1/KLF4/DAB2IP/ACE2",26
"GO:0099054","presynapse assembly","11/1520","39/14866",0.282051282051282,2.75853576248313,3.71095386339893,0.00138152500993908,0.0109338486783317,0.0109338486783317,"NRXN1/CBLN1/SLITRK2/LRP4/SLITRK3/NLGN4X/IL1RAPL2/NTRK3/NLGN1/LRFN5/SNCA",11
"GO:0006809","nitric oxide biosynthetic process","15/1520","63/14866",0.238095238095238,2.32863408521303,3.56639535440656,0.001398750055494,0.0110201162429807,0.0110201162429807,"KLF2/MTARC1/PTGS2/PTGIS/HBB/CX3CR1/NOS1/CAV1/ATP2B4/PKD2/CD36/TLR4/EDN1/SIRPA/KLF4",15
"GO:0071277","cellular response to calcium ion","15/1520","63/14866",0.238095238095238,2.32863408521303,3.56639535440656,0.001398750055494,0.0110201162429807,0.0110201162429807,"NRXN1/MICU3/CAPN3/RASA4B/AKR1C3/KCNB1/RYR3/PKD2/CRHBP/CPNE8/RASA4/SCN5A/EDN1/MEF2C/NLGN1",15
"GO:0051495","positive regulation of cytoskeleton organization","30/1520","166/14866",0.180722891566265,1.76751743817375,3.35592555824519,0.00139930701669822,0.0110201162429807,0.0110201162429807,"TENM1/FERMT2/CX3CL1/CCL24/LIMCH1/BIN1/SYNPO2/PRKD1/LMOD1/PROX1/RGCC/NRP1/GSN/RAPGEF3/TACR1/ARHGEF15/ITGB1BP1/CCL21/MYOC/ADD3/CFL2/ANKRD53/EDN1/SYNPO/MAP1B/SEMA5A/WASF3/SFRP1/TAC1/FHOD3",30
"GO:0010463","mesenchymal cell proliferation","8/1520","23/14866",0.347826086956522,3.40183066361556,3.89021988854451,0.00140799334640729,0.0110342578077335,0.0110342578077335,"OSR1/PDGFA/TGFBR2/FGF7/NFIB/MSX1/BMP2/GPC3",8
"GO:0045777","positive regulation of blood pressure","8/1520","23/14866",0.347826086956522,3.40183066361556,3.89021988854451,0.00140799334640729,0.0110342578077335,0.0110342578077335,"RARRES2/AVPR1A/ADRA1A/AVPR2/ADRA2B/TACR1/SPX/ADRB1",8
"GO:0090050","positive regulation of cell migration involved in sprouting angiogenesis","8/1520","23/14866",0.347826086956522,3.40183066361556,3.89021988854451,0.00140799334640729,0.0110342578077335,0.0110342578077335,"PTGS2/KDR/FGF2/RHOJ/TGFBR3/NRP1/ANXA1/FGFBP1",8
"GO:0061844","antimicrobial humoral immune response mediated by antimicrobial peptide","19/1520","89/14866",0.213483146067416,2.08792134831461,3.47398593786183,0.00142671992545998,0.0111628054102765,0.0111628054102765,"CCL14/ADM/CX3CL1/CCL24/CCL23/KLK3/CCL2/CXCL12/CCL13/TSLP/RNASE7/CCL16/CCL21/CXCL2/CCL28/CXCL3/MUC7/ELANE/TAC1",19
"GO:1900046","regulation of hemostasis","14/1520","57/14866",0.245614035087719,2.40216989843029,3.57934772637804,0.00144970629969742,0.0113242098597503,0.0113242098597503,"F3/CAV1/EMILIN2/CD36/ADAMTS18/SERPING1/PDGFA/PROS1/TFPI/EDN1/PDGFRA/THBD/C1QTNF1/ANO6",14
"GO:0050982","detection of mechanical stimulus","12/1520","45/14866",0.266666666666667,2.6080701754386,3.64587010007806,0.00145443393798604,0.011342695841047,0.011342695841047,"ANO3/CXCL12/KCNA1/SCN11A/PTPRQ/PKD2/TMC2/HTR2A/PECAM1/PKD1L2/KIT/SCN9A",12
"GO:0060395","SMAD protein signal transduction","17/1520","76/14866",0.223684210526316,2.1876904432133,3.50311715377014,0.00145731426387309,0.0113467386120686,0.0113467386120686,"LRP1/BMP6/MIR205/NODAL/SMAD9/TGFBR3/TGFBR2/MIR145/ACVRL1/JUN/BMP5/PPARG/BMPER/BMP2/ATOH8/CCN3/FOS",17
"GO:0030834","regulation of actin filament depolymerization","13/1520","51/14866",0.254901960784314,2.49300825593395,3.60433508962018,0.00147231796760572,0.0114450089261778,0.0114450089261778,"EPS8/SPTB/PLEKHH2/SPTBN1/TMOD1/LMOD1/GSN/ADD3/CFL2/DMTN/SEMA5A/TMOD2/SPTA1",13
"GO:0071453","cellular response to oxygen levels","28/1520","152/14866",0.184210526315789,1.80162742382271,3.35241422412208,0.00147588984665446,0.0114542404254088,0.0114542404254088,"PTGS2/ACAA2/PTGIS/SLC8A3/SLC2A4/CAV1/MPL/RGCC/DRD2/NDNF/EPAS1/FOXO1/DDR2/MIR145/S100B/ANGPT4/AK4/PPARG/MGARP/SCN2A/EDN1/CPEB1/TWIST1/SFRP1/CA3/FOS/AQP1/MSTN",28
"GO:0006898","receptor-mediated endocytosis","42/1520","257/14866",0.163424124513619,1.59833094409175,3.26532543765834,0.00148440974648677,0.0114934860068839,0.0114934860068839,"LYVE1/NRG1/ADM/TF/RSPO1/LRP1/USP6/GHR/TAMALIN/MIR205/ADIPOQ/STAB2/CAV1/SCARF1/VLDLR/CD36/ITSN1/DRD2/SELE/ANGPT1/ACKR3/PLA2R1/DPP4/IQSEC3/CALCRL/FCER2/CCL21/CXCR2/STON1/CUBN/EGF/CCDC158/MRC1/CAV2/GRK3/GAS7/C3/MARCO/ARC/ADRB2/ACE2/SNCA",42
"GO:0009582","detection of abiotic stimulus","20/1520","96/14866",0.208333333333333,2.0375548245614,3.44179590496374,0.00148573164243858,0.0114934860068839,0.0114934860068839,"ANO3/EPHB1/CXCL12/KCNA1/CABP1/SCN11A/SLC24A4/PTPRQ/NMT2/PKD2/EYS/TACR1/TMC2/HTR2A/PRCD/PECAM1/PKD1L2/KIT/TAC1/SCN9A",20
"GO:0030833","regulation of actin filament polymerization","22/1520","110/14866",0.2,1.95605263157895,3.39642877036757,0.00155223281113896,0.0119886276924624,0.0119886276924624,"EPS8/TENM1/SPTB/KANK3/CCL24/BIN1/KANK2/SPTBN1/DAAM2/PAK3/TMOD1/LMOD1/GSN/CYRIA/CCL21/ADD3/DMTN/ESAM/SLIT2/KANK1/TMOD2/SPTA1",22
"GO:0015749","monosaccharide transmembrane transport","18/1520","83/14866",0.216867469879518,2.1210209258085,3.45621036073823,0.0015600243216572,0.0119899887411834,0.0119899887411834,"SLC5A4/SLC5A1/TRARG1/PID1/RHOQ/SORBS1/SLC25A27/SLC2A4/ADIPOQ/IRS2/IGF1/NR4A3/SLC2A12/LEP/FFAR4/PIK3R1/PTPRM/C3",18
"GO:0031640","killing of cells of another organism","16/1520","70/14866",0.228571428571429,2.23548872180451,3.49658696690261,0.0015623923713532,0.0119899887411834,0.0119899887411834,"DEFB132/CXCL12/CCL13/RNASE7/CCL21/CXCL2/C6/CCL28/CTSG/C7/CXCL3/MPO/MUC7/ELANE/TAC1/PLA2G2A",16
"GO:0060291","long-term synaptic potentiation","16/1520","70/14866",0.228571428571429,2.23548872180451,3.49658696690261,0.0015623923713532,0.0119899887411834,0.0119899887411834,"RELN/PRNP/GRIN2B/SLC8A3/NSG1/PTN/CRHR2/ZDHHC2/MME/DRD2/SHANK3/FAM107A/S100B/CYP46A1/ARC/NTRK2",16
"GO:0141061","disruption of cell in another organism","16/1520","70/14866",0.228571428571429,2.23548872180451,3.49658696690261,0.0015623923713532,0.0119899887411834,0.0119899887411834,"DEFB132/CXCL12/CCL13/RNASE7/CCL21/CXCL2/C6/CCL28/CTSG/C7/CXCL3/MPO/MUC7/ELANE/TAC1/PLA2G2A",16
"GO:0098739","import across plasma membrane","38/1520","227/14866",0.167400881057269,1.63722466960352,3.26496473254799,0.00156514396755277,0.0119919483574538,0.0119919483574538,"SLC5A4/PRNP/ANK2/SLC5A1/TRARG1/PID1/LRRC8C/RHOQ/SORBS1/SLC8A3/SLC25A27/SLC2A4/ADIPOQ/IRS2/SLC7A10/HCN1/SLC24A4/IGF1/KCNJ16/ATP2B4/CD36/ATP1A2/ABCC9/PER2/LEP/FXYD2/SLC7A3/RGS2/CACNA2D1/ACSL1/PIK3R1/SLC9A9/ATP1B2/CACNA1G/KCNJ2/KCNJ8/SLC1A3/ACE2",38
"GO:0010762","regulation of fibroblast migration","10/1520","34/14866",0.294117647058824,2.8765479876161,3.69681710860333,0.00159532242580248,0.0121843067306123,0.0121843067306123,"AKAP12/FGF2/ZEB2/HAS1/ACTA2/DDR2/MIR145/ITGB1BP1/DMTN/CYGB",10
"GO:0071398","cellular response to fatty acid","10/1520","34/14866",0.294117647058824,2.8765479876161,3.69681710860333,0.00159532242580248,0.0121843067306123,0.0121843067306123,"AKR1C1/AKR1C3/PID1/AKR1C2/LPL/HMGCS2/EDN1/DGAT2/CPS1/PDK4",10
"GO:0007623","circadian rhythm","31/1520","175/14866",0.177142857142857,1.7325037593985,3.28951516896443,0.00164066748363011,0.0124726950202537,0.0124726950202537,"KLF10/ID1/KLF9/PPARGC1A/CRY2/NGFR/SCN11A/PROX1/IGF1/MYCBP2/DRD2/PPARA/PER2/MAPK10/BHLHE41/NTRK3/LEP/EGR1/ID4/PIWIL2/PPARG/KCNA2/NLGN1/PER1/LGR4/EGR3/PLN/PROKR1/SCN9A/ADRB1/NTRK2",31
"GO:0001867","complement activation, lectin pathway","6/1520","14/14866",0.428571428571429,4.19154135338346,4.03181609368659,0.00164606341441317,0.0124726950202537,0.0124726950202537,"FCN2/SERPING1/MASP1/A2M/MASP2/C3",6
"GO:1900006","positive regulation of dendrite development","6/1520","14/14866",0.428571428571429,4.19154135338346,4.03181609368659,0.00164606341441317,0.0124726950202537,0.0124726950202537,"ALK/ZDHHC15/PTN/VLDLR/BMP5/DAB2IP",6
"GO:1900449","regulation of glutamate receptor signaling pathway","6/1520","14/14866",0.428571428571429,4.19154135338346,4.03181609368659,0.00164606341441317,0.0124726950202537,0.0124726950202537,"PRNP/CX3CL1/FRRS1L/CCL2/SHANK3/ADRB2",6
"GO:1903236","regulation of leukocyte tethering or rolling","6/1520","14/14866",0.428571428571429,4.19154135338346,4.03181609368659,0.00164606341441317,0.0124726950202537,0.0124726950202537,"CXCL12/SELE/SELP/CCL21/CCL28/ELANE",6
"GO:0048729","tissue morphogenesis","54/1520","353/14866",0.152974504249292,1.49613090800656,3.18371166844452,0.00166102072665804,0.0125662103478193,0.0125662103478193,"S1PR1/DSC1/FERMT2/NRG1/OSR1/MYL3/ADAMTS5/KLHL3/KDR/FGF2/KRT15/KRT14/ZFPM2/FGF1/DLC1/SOX10/YAP1/KRT17/ARHGAP24/PROX1/MET/TGFBR3/PKD2/NRP1/RASIP1/SOX17/PTCH1/MMRN2/ACTA2/PDGFA/TGFBR2/MIR145/TBX18/CRB2/MYLK/TIE1/ACVRL1/WNT11/BMP5/EGF/ACTG2/PHLDB2/MEF2C/BMP2/NOTCH4/SLIT2/WLS/HBEGF/KLF4/LGR4/ACTC1/GPC3/IRX1/EPHA2",54
"GO:0009617","response to bacterium","68/1520","467/14866",0.145610278372591,1.42410684097825,3.14265164137948,0.00170281576772338,0.0128621492895332,0.0128621492895332,"RARRES2/RPS6KA3/JCHAIN/ABCA1/ADM/PLSCR4/TF/CX3CL1/ANXA3/RNASE4/AKAP12/NR4A1/C4BPA/PRKD1/ZFP36/KLK3/BMP6/CX3CR1/CCL2/DEFB132/STAB2/TSLP/NOS1/CAV1/RNASE7/NLRP1/IRAK3/FZD5/EMILIN2/CD36/VIM/FCN2/SELE/IL33/SASH1/SELP/IL6/TLR4/MMRN2/PRKCA/IGHA2/IGHA1/FCER2/PENK/HMGCS2/CD200/CXCL2/ALPL/TLR3/EDNRB/SLC9A9/ARID5A/CCL28/EDN1/MEF2C/CTSG/SIRPA/CPS1/MPO/DAB2IP/CYP1A1/ELANE/FOS/TAC1/PLA2G2A/AQP1/RNASE1/SNCA",68
"GO:0051932","synaptic transmission, GABAergic","11/1520","40/14866",0.275,2.68957236842105,3.61096672672529,0.00173212757467798,0.0130185639395965,0.0130185639395965,"NRXN1/STXBP1/ADRA1A/GABRA2/DRD2/TACR1/PLCL2/NLGN1/HAP1/TAC1/GABRE",11
"GO:0071715","icosanoid transport","11/1520","40/14866",0.275,2.68957236842105,3.61096672672529,0.00173212757467798,0.0130185639395965,0.0130185639395965,"ACSL4/NMB/PLA2G4A/DRD2/PLA2R1/LEP/PLA2G5/EDN1/ABCC6/SLC22A11/PLA2G2A",11
"GO:0045927","positive regulation of growth","32/1520","183/14866",0.174863387978142,1.71020995110728,3.26237281170055,0.00173259917896721,0.0130185639395965,0.0130185639395965,"ACSL4/RPS6KA3/EGFR/PRKN/NRG1/AVPR1A/CAPN3/FGF2/ZFPM2/GHR/CXCL12/YAP1/RNF157/KRT17/PROX1/IGF1/ACACB/AKAP6/TGFBR3/VIM/NRP1/HYAL1/CPNE8/LEP/TEAD1/ISLR2/EDN1/MAP1B/MEF2C/SEMA5A/HBEGF/SFRP1",32
"GO:0014743","regulation of muscle hypertrophy","14/1520","58/14866",0.241379310344828,2.36075317604356,3.50407861433187,0.00173436322259404,0.0130185639395965,0.0130185639395965,"IGF1/AKAP6/ATP2B4/ADRA1A/NR4A3/PPARA/FOXO1/PRKCA/MIR145/RGS2/PPARG/EDN1/MLIP/MSTN",14
"GO:0016125","sterol metabolic process","24/1520","125/14866",0.192,1.87781052631579,3.32599052977095,0.00175151184601719,0.0131267752079042,0.0131267752079042,"CYP11A1/ABCA1/ACAA2/FGF1/FAXDC2/ABCA5/CETP/SCARF1/VLDLR/CYP39A1/GPR146/CES1/QKI/GNAI1/HMGCS2/LIPE/CUBN/CYP46A1/DGAT2/APOB/ACADL/CH25H/AKR1D1/CYP3A4",24
"GO:0008360","regulation of cell shape","23/1520","118/14866",0.194915254237288,1.90632247992864,3.33569152701954,0.0017585880119837,0.013159278519579,0.013159278519579,"FGD5/ITGA7/EPS8/GAS2/FERMT2/SPTB/CCL24/KDR/CCL2/CCL13/PALM2AKAP2/SYNE3/ANXA1/PALMD/S100B/KIT/RHOU/PARVA/DMTN/PALM/FMNL2/FGD4/SPTA1",23
"GO:0010827","regulation of D-glucose transmembrane transport","13/1520","52/14866",0.25,2.44506578947368,3.52274990450183,0.00178247914284176,0.013224711799292,0.013224711799292,"PID1/RHOQ/SORBS1/SLC25A27/ADIPOQ/IRS2/IGF1/NR4A3/LEP/FFAR4/PIK3R1/PTPRM/C3",13
"GO:0050881","musculoskeletal movement","12/1520","46/14866",0.260869565217391,2.55137299771167,3.55631099605784,0.00178764081526636,0.013224711799292,0.013224711799292,"PRKD1/SLC8A3/ADGRD1/SYNM/SCN4A/GSTM2/DMD/STAC2/MYH3/TNNT3/KCNJ2/CA3",12
"GO:0051145","smooth muscle cell differentiation","12/1520","46/14866",0.260869565217391,2.55137299771167,3.55631099605784,0.00178764081526636,0.013224711799292,0.013224711799292,"ADM/FOXO4/RBPMS2/MYOCD/QKI/MIR145/TBX18/KIT/EDNRB/MEF2C/NOTCH4/RCAN1",12
"GO:0015872","dopamine transport","9/1520","29/14866",0.310344827586207,3.03525408348457,3.70231422658525,0.00179145066104116,0.013224711799292,0.013224711799292,"PRKN/CXCL12/SLC22A3/DRD2/HTR2A/KCNA2/SLC6A2/SLC29A4/SNCA",9
"GO:0046164","alcohol catabolic process","9/1520","29/14866",0.310344827586207,3.03525408348457,3.70231422658525,0.00179145066104116,0.013224711799292,0.013224711799292,"AKR1C3/ALDH2/SCARF1/ADH4/CYP39A1/SULT1C4/ACSS2/CYP46A1/AKR1D1",9
"GO:0050901","leukocyte tethering or rolling","9/1520","29/14866",0.310344827586207,3.03525408348457,3.70231422658525,0.00179145066104116,0.013224711799292,0.013224711799292,"CX3CR1/CXCL12/JAM2/SELE/SELP/LEP/CCL21/CCL28/ELANE",9
"GO:1902547","regulation of cellular response to vascular endothelial growth factor stimulus","9/1520","29/14866",0.310344827586207,3.03525408348457,3.70231422658525,0.00179145066104116,0.013224711799292,0.013224711799292,"PROX1/SPRY2/ATP2B4/ANGPT1/SEMA6A/CCBE1/DAB2IP/DCN/ADAMTS3",9
"GO:1904994","regulation of leukocyte adhesion to vascular endothelial cell","9/1520","29/14866",0.310344827586207,3.03525408348457,3.70231422658525,0.00179145066104116,0.013224711799292,0.013224711799292,"CXCL12/SELE/SELP/IL6/CCL21/NFAT5/CCL28/KLF4/ELANE",9
"GO:2000628","regulation of miRNA metabolic process","18/1520","84/14866",0.214285714285714,2.09577067669173,3.39876712541598,0.00179960155864157,0.013224711799292,0.013224711799292,"EGFR/FGF2/NGFR/PPARA/MYOCD/IL6/QKI/EGR1/TEAD1/JUN/PPARG/NFIB/BMP2/ATOH8/TWIST1/NR3C1/KLF4/FOS",18
"GO:0021783","preganglionic parasympathetic fiber development","5/1520","10/14866",0.5,4.89013157894737,4.15280975632927,0.00180036667708929,0.013224711799292,0.013224711799292,"NRP1/PLXNA4/ACKR3/EGR2/SEMA3A",5
"GO:0032341","aldosterone metabolic process","5/1520","10/14866",0.5,4.89013157894737,4.15280975632927,0.00180036667708929,0.013224711799292,0.013224711799292,"BMP6/BMP5/EDNRB/DKK3/BMP2",5
"GO:0051610","serotonin uptake","5/1520","10/14866",0.5,4.89013157894737,4.15280975632927,0.00180036667708929,0.013224711799292,0.013224711799292,"GPM6B/NOS1/SLC22A3/SLC29A4/SNCA",5
"GO:0003300","cardiac muscle hypertrophy","16/1520","71/14866",0.225352112676056,2.20400296515938,3.4318471490662,0.00182918216355993,0.0133954132831432,0.0133954132831432,"IGF1/AKAP6/ATP2B4/ADRA1A/NR4A3/PPARA/FOXO1/SORBS2/PRKCA/LEP/MIR145/KLF15/RGS2/PPARG/EDN1/MLIP",16
"GO:0009308","amine metabolic process","16/1520","71/14866",0.225352112676056,2.20400296515938,3.4318471490662,0.00182918216355993,0.0133954132831432,0.0133954132831432,"PRKN/ALDH2/ATP2B4/MAOA/SLC22A3/DRD2/RNF180/SNCAIP/AOC2/INMT/DMGDH/NPR1/AOC3/SLC29A4/SNCA/KL",16
"GO:0006979","response to oxidative stress","56/1520","371/14866",0.150943396226415,1.47626613704071,3.13513494860394,0.00187669790497597,0.013722460784634,0.013722460784634,"KLF2/TXNIP/PRKN/PRNP/PTGS2/C19orf12/KCNA5/PPARGC1A/MCTP1/CAT/PRKD1/HBB/FBLN5/FOXO4/HBA2/MGAT3/MET/SELENOP/PKD2/CD36/HYAL1/GPX3/FOXO1/IL6/TACR1/VKORC1L1/PRKCA/PLA2R1/MGST1/DDR2/PENK/TPO/NCOA7/EDN1/PDGFRA/SIRPA/RNF112/AIFM2/ADCYAP1R1/DUSP1/PDGFD/MPO/KLF4/MSRA/ANGPTL7/CA3/ETV5/APOD/KAT2B/MSRB3/FOS/CYGB/AQP1/SOD3/SNCA/CRYAB",56
"GO:0030003","intracellular monoatomic cation homeostasis","54/1520","355/14866",0.152112676056338,1.48770200148258,3.13869224142364,0.00188594112671797,0.0137690899281962,0.0137690899281962,"CASQ2/CCL14/PRNP/ANK2/C19orf12/TF/MICU3/AVPR1A/CCL23/SV2B/ATP13A4/PTH1R/TRDN/CNR1/BMP6/SLC8A3/CXCL12/SLC25A27/CCL13/CDH23/CAV1/BOK/SLC24A4/SMAD9/RYR3/ATP2B4/MT1X/ATP1A2/DRD2/MT1M/ATP13A5/CDH5/SCARA5/CYBRD1/HTR2A/RGN/TESC/TRPC1/HRC/CALB2/TRPC6/SLC9A9/ATP1B2/EDN1/KCNJ2/DMTN/CAV2/BMP2/SLC26A3/ACO1/ELANE/PLN/EDN3/TMEM178A",54
"GO:0036294","cellular response to decreased oxygen levels","26/1520","140/14866",0.185714285714286,1.81633458646617,3.27505431807187,0.0018976447043121,0.0138335131403875,0.0138335131403875,"PTGS2/ACAA2/PTGIS/SLC8A3/SLC2A4/MPL/RGCC/DRD2/NDNF/EPAS1/DDR2/MIR145/S100B/ANGPT4/AK4/PPARG/MGARP/SCN2A/EDN1/CPEB1/TWIST1/SFRP1/CA3/FOS/AQP1/MSTN",26
"GO:0010878","cholesterol storage","7/1520","19/14866",0.368421052631579,3.60325484764543,3.83179990640985,0.00191685092326907,0.0138892184545771,0.0138892184545771,"ABCA1/CD36/PPARA/CES1/LPL/PPARG/APOB",7
"GO:0010888","negative regulation of lipid storage","7/1520","19/14866",0.368421052631579,3.60325484764543,3.83179990640985,0.00191685092326907,0.0138892184545771,0.0138892184545771,"ABCA1/PPARA/CES1/IL6/LEP/PPARG/PNPLA2",7
"GO:0060307","regulation of ventricular cardiac muscle cell membrane repolarization","7/1520","19/14866",0.368421052631579,3.60325484764543,3.83179990640985,0.00191685092326907,0.0138892184545771,0.0138892184545771,"CASQ2/ANK2/NOS1/KCNE1/SCN5A/SCN4B/CACNA2D1",7
"GO:2001026","regulation of endothelial cell chemotaxis","7/1520","19/14866",0.368421052631579,3.60325484764543,3.83179990640985,0.00191685092326907,0.0138892184545771,0.0138892184545771,"KDR/FGF2/FGF1/PRKD1/MET/SEMA5A/FGF16",7
"GO:0070482","response to oxygen levels","45/1520","284/14866",0.158450704225352,1.54968958487769,3.15643479294097,0.00194291353957332,0.0140568624158287,0.0140568624158287,"PTGS2/KCNA5/ACAA2/CAT/PTGIS/ZEB2/SLC8A3/CXCL12/SLC2A4/NOS1/CAV1/MPL/RGCC/TGFBR3/DRD2/NDNF/EPAS1/PPARA/MYOCD/FOXO1/VEGFD/LEP/DPP4/EGR1/DDR2/MIR145/PENK/S100B/ANGPT4/AK4/PPARG/MGARP/SCN2A/EDN1/ANGPTL4/CPEB1/BMP2/TWIST1/CYP1A1/SFRP1/CA3/FOS/CYGB/AQP1/MSTN",45
"GO:0046503","glycerolipid catabolic process","15/1520","65/14866",0.230769230769231,2.25698380566802,3.42743732560107,0.00195482776745825,0.0141217933757435,0.0141217933757435,"GPIHBP1/PLA2G4A/ENPP6/ABHD6/AADAC/FABP4/GPLD1/LPL/LIPE/PNPLA2/PLA2G5/CPS1/MGLL/ENPP2/PLIN1",15
"GO:0021953","central nervous system neuron differentiation","21/1520","105/14866",0.2,1.95605263157895,3.31777745079967,0.00196197551197363,0.014152147686969,0.014152147686969,"NRXN1/BRINP1/EPHB1/LMX1A/FOXP2/B4GALT6/CBLN1/PROX1/MYCBP2/DRD2/NRP1/NDNF/SHANK3/PRKCA/LHX6/NFIB/BMP2/SLIT2/SFRP1/NOVA2/NTRK2",21
"GO:0032869","cellular response to insulin stimulus","31/1520","177/14866",0.175141242937853,1.71292744573298,3.22006428821042,0.00197501516587719,0.0142083535356211,0.0142083535356211,"RARRES2/TRARG1/PID1/RHOQ/GHR/SORBS1/SLC2A4/ADIPOQ/FOXO4/IRS2/ECHDC3/PCK1/IGF1/TNS2/TBC1D4/FOXO1/LEP/GPLD1/HMGCS2/LPIN1/PPARG/SIK2/PIK3R1/CPEB1/CAV2/KANK1/CA3/PDE3B/KAT2B/PDK4/MSTN",31
"GO:1990748","cellular detoxification","22/1520","112/14866",0.196428571428571,1.92112312030075,3.30217812055804,0.00197568279804223,0.0142083535356211,0.0142083535356211,"MTARC1/PTGS2/CAT/ALDH2/HBB/ABCG2/FBLN5/HBA2/ADH4/GSTM2/CD36/GPX3/CLIC2/MGST1/PRXL2A/TPO/ALDH1A1/AIFM2/MPO/SLC29A4/CYGB/SOD3",22
"GO:0001953","negative regulation of cell-matrix adhesion","10/1520","35/14866",0.285714285714286,2.79436090225564,3.58663591451346,0.00203175629198925,0.0145462849876548,0.0145462849876548,"ARHGAP6/DLC1/FAM107A/ITGB1BP1/ACVRL1/MYOC/HOXA7/PHLDB2/DMTN/APOD",10
"GO:0055090","acylglycerol homeostasis","10/1520","35/14866",0.285714285714286,2.79436090225564,3.58663591451346,0.00203175629198925,0.0145462849876548,0.0145462849876548,"ABCG8/GPIHBP1/ANGPTL8/SLC25A27/CETP/LPL/PNPLA2/MLXIPL/ANGPTL4/DGAT2",10
"GO:0070328","triglyceride homeostasis","10/1520","35/14866",0.285714285714286,2.79436090225564,3.58663591451346,0.00203175629198925,0.0145462849876548,0.0145462849876548,"ABCG8/GPIHBP1/ANGPTL8/SLC25A27/CETP/LPL/PNPLA2/MLXIPL/ANGPTL4/DGAT2",10
"GO:0050829","defense response to Gram-negative bacterium","14/1520","59/14866",0.23728813559322,2.3207404103479,3.43035150553988,0.00206394088410659,0.0147547202488811,0.0147547202488811,"RARRES2/ADM/PRKD1/DEFB132/TSLP/RNASE7/FCN2/SELP/IL6/TLR4/CTSG/ELANE/TAC1/AQP1",14
"GO:0050708","regulation of protein secretion","34/1520","200/14866",0.17,1.66264473684211,3.18396731510725,0.00206789796421086,0.0147610428232823,0.0147610428232823,"ACSL4/RBP4/MYRIP/PRKN/DOC2B/KCNA5/FAM3D/BMP6/HCAR2/IRS2/ADRA2A/ADCY5/IGF1/KCNB1/DRD2/PDE8B/RAPGEF3/FOXO1/PER2/IL6/TLR4/PRKCA/GPLD1/NNAT/CACNA2D1/HADH/PPARG/CD200/MLXIPL/SAA1/PDE1C/WLS/CCN3/TCF7L2",34
"GO:0030111","regulation of Wnt signaling pathway","45/1520","285/14866",0.157894736842105,1.54425207756233,3.1308161185003,0.00208479079747412,0.0148595474644891,0.0148595474644891,"EGFR/SOSTDC1/PRKN/TMEM170B/LGR6/MDFIC/RSPO1/LRP1/WIF1/ZEB2/SOX10/LRP4/ADGRA2/DAAM2/CAV1/RBMS3/RECK/APCDD1/JADE1/TRABD2B/SOX17/DIXDC1/EGR1/MIR145/TBX18/RSPO3/TMEM88/WNT11/EGF/APCDD1L/TLE4/DCDC2/IGFBP6/FZD7/DKK3/SEMA5A/BMP2/KANK1/WLS/DAB2IP/LGR4/SFRP1/TCF7L2/MEST/GPC3",45
"GO:0098754","detoxification","26/1520","141/14866",0.184397163120567,1.80345278088839,3.2349751830016,0.00210571791116396,0.0149864723633062,0.0149864723633062,"MTARC1/PTGS2/ABCB1/CAT/ALDH2/HBB/ABCG2/FBLN5/HBA2/ADH4/GSTM2/MT1X/CD36/MT1M/GPX3/SLC47A2/CLIC2/MGST1/PRXL2A/TPO/ALDH1A1/AIFM2/MPO/SLC29A4/CYGB/SOD3",26
"GO:0019395","fatty acid oxidation","19/1520","92/14866",0.206521739130435,2.01983695652174,3.31134402014797,0.00214345358306773,0.0152186102872103,0.0152186102872103,"ABCB11/ACADS/PPARGC1A/ACAA2/ADIPOQ/IRS2/ADH4/ACACB/ABCD2/PPARA/HADH/ECHDC1/DGAT2/ACSM1/TWIST1/ACADL/EHHADH/CYGB/PDK4",19
"GO:0080164","regulation of nitric oxide metabolic process","13/1520","53/14866",0.245283018867925,2.39893247269116,3.44303839063552,0.00214467093348072,0.0152186102872103,0.0152186102872103,"KLF2/PTGS2/PTGIS/HBB/CX3CR1/CAV1/ATP2B4/PKD2/CD36/TLR4/EDN1/SIRPA/KLF4",13
"GO:0033555","multicellular organismal response to stress","11/1520","41/14866",0.268292682926829,2.623973042362,3.51400264122774,0.00215201824913528,0.0152257668171515,0.0152257668171515,"RELN/NOS1/SCN11A/SCN3A/ATP1A2/TACR1/PENK/HMGCS2/EDNRB/MEF2C/ADCYAP1R1",11
"GO:1903115","regulation of actin filament-based movement","11/1520","41/14866",0.268292682926829,2.623973042362,3.51400264122774,0.00215201824913528,0.0152257668171515,0.0152257668171515,"ANK2/BIN1/ZEB2/CAV1/ATP1A2/ACTA2/SCN5A/CTNNA3/KCNJ2/ADRB2/PLN",11
"GO:0050879","multicellular organismal movement","12/1520","47/14866",0.25531914893617,2.49708846584546,3.46909054135094,0.00218100865354736,0.0153855588423517,0.0153855588423517,"PRKD1/SLC8A3/ADGRD1/SYNM/SCN4A/GSTM2/DMD/STAC2/MYH3/TNNT3/KCNJ2/CA3",12
"GO:0071384","cellular response to corticosteroid stimulus","12/1520","47/14866",0.25531914893617,2.49708846584546,3.46909054135094,0.00218100865354736,0.0153855588423517,0.0153855588423517,"SERPINF1/KLF9/AKR1C3/ZFP36/PCK1/ANXA1/FAM107A/HMGCS2/EDN1/NR3C1/ZFP36L2/AQP1",12
"GO:0060070","canonical Wnt signaling pathway","43/1520","270/14866",0.159259259259259,1.55759746588694,3.12042994246684,0.00218904827999813,0.0154196304063211,0.0154196304063211,"EGFR/PRKN/TMEM170B/LGR6/FZD4/RSPO1/ZEB2/SOX10/LRP4/ADGRA2/DAAM2/CAV1/FZD5/RBMS3/RECK/JADE1/SOX17/WNT10B/DIXDC1/EGR1/MIR145/TBX18/RSPO3/TMEM88/WNT11/EGF/TLE4/EDNRB/IGFBP6/FZD7/EDN1/DKK3/SEMA5A/BMP2/KANK1/WLS/KLF4/DAB2IP/LGR4/SFRP1/TCF7L2/MEST/GPC3",43
"GO:0097530","granulocyte migration","23/1520","120/14866",0.191666666666667,1.87455043859649,3.24613861303531,0.00221095843423949,0.0155299375172063,0.0155299375172063,"RARRES2/CX3CL1/CCL24/PTGER4/JAM3/CCL2/CCL13/ANXA1/XG/CCL16/DPP4/CCL21/CXCR2/IL34/PECAM1/CCL28/SAA1/EDN1/SLIT2/CXCL3/BST1/EDN3/MSTN",23
"GO:0010562","positive regulation of phosphorus metabolic process","44/1520","278/14866",0.158273381294964,1.54795531995456,3.11242115734898,0.0022144061613835,0.0155299375172063,0.0155299375172063,"RARRES2/EGFR/PRKN/TENM1/NRG1/RSPO1/LIMCH1/KDR/FGF2/PID1/FGF1/PTH1R/FAXDC2/PELI2/IGF1/SPRY2/PLCH2/BANK1/NRP1/NEDD9/PPARA/SASH1/ANGPT1/IL6/LEP/DDR2/HTR2A/ITGB1BP1/PRKAR2B/IL34/ANGPT4/EGF/MLXIPL/MMD/KIT/TLR3/FZD7/FGF7/BMP2/ADCYAP1R1/C3/ELANE/FLT4/SNCA",44
"GO:0045937","positive regulation of phosphate metabolic process","44/1520","278/14866",0.158273381294964,1.54795531995456,3.11242115734898,0.0022144061613835,0.0155299375172063,0.0155299375172063,"RARRES2/EGFR/PRKN/TENM1/NRG1/RSPO1/LIMCH1/KDR/FGF2/PID1/FGF1/PTH1R/FAXDC2/PELI2/IGF1/SPRY2/PLCH2/BANK1/NRP1/NEDD9/PPARA/SASH1/ANGPT1/IL6/LEP/DDR2/HTR2A/ITGB1BP1/PRKAR2B/IL34/ANGPT4/EGF/MLXIPL/MMD/KIT/TLR3/FZD7/FGF7/BMP2/ADCYAP1R1/C3/ELANE/FLT4/SNCA",44
"GO:0050803","regulation of synapse structure or activity","45/1520","286/14866",0.157342657342657,1.53885259477365,3.10529542557943,0.00223559847690563,0.0156557071181554,0.0156557071181554,"NRXN1/RELN/ZDHHC15/PRNP/EPHB1/GRIN2B/CBLN1/SLITRK2/NEGR1/LRP4/SLITRK3/PAK3/MARK1/CCDC141/NLGN4X/LRRTM2/VLDLR/CDH8/CRTAC1/MYCBP2/ST8SIA2/ITSN1/DRD2/CTTNBP2/NEDD9/IL1RAPL2/SHANK3/NTRK3/PRKCA/ARHGEF15/SLC17A7/NRN1/CAMK1/PLPPR4/FGF7/MAP1B/ADGRB3/MEF2C/NLGN1/SPARCL1/NECTIN3/DAB2IP/ARC/LRFN5/SNCA",45
"GO:0045926","negative regulation of growth","30/1520","171/14866",0.175438596491228,1.71583564173592,3.17727838862945,0.00225159037261424,0.0157447454876838,0.0157447454876838,"RBP4/BCL6/FHL1/MEG3/CDKN2C/MT1X/SEMA3G/JADE1/MT1M/HYAL1/PPARA/DCUN1D3/SOX17/PTCH1/SCGB3A1/ACVRL1/RGS2/PRDM11/RGMA/SLIT3/MSX1/SEMA5A/NPR1/SLIT2/SFRP1/CCN3/ESR2/SEMA6D/MSTN/CRYAB",30
"GO:0050727","regulation of inflammatory response","53/1520","350/14866",0.151428571428571,1.48101127819549,3.07322595392588,0.0022803569939966,0.0159227252894763,0.0159227252894763,"RARRES2/PTGS2/BCL6/CX3CL1/CCL24/PTGER4/PTGIS/PTGER3/MIR205/ADIPOQ/CASP12/TSLP/NLRP1/PDE2A/IGF1/TEK/NR4A3/NR5A2/ANXA1/SELE/IL33/PPARA/CEBPA/IL6/TLR4/CDH5/TYRO3/MIR145/LPL/HTR2A/FNDC4/PRKAR2B/MAP3K8/FFAR4/PPARG/CD200/TLR3/EDNRB/SAA1/C2CD4B/SIRPA/MGLL/DNASE1L3/CMA1/KLF4/CCN3/BST1/ELANE/LRFN5/TAC1/ACE2/PLA2G2A/SNCA",53
"GO:0007608","sensory perception of smell","9/1520","30/14866",0.3,2.93407894736842,3.57853363162343,0.00233020469688154,0.0162236280635057,0.0162236280635057,"SLC24A4/DRD2/OR51E1/OR2A1/OR52N4/GNAL/OR7C1/OR2A42/OR2L13",9
"GO:0043268","positive regulation of potassium ion transport","9/1520","30/14866",0.3,2.93407894736842,3.57853363162343,0.00233020469688154,0.0162236280635057,0.0162236280635057,"ANK2/FHL1/ADRA2A/AKAP6/KCNE1/ATP1B2/KCNIP2/KCNJ2/ANO6",9
"GO:0097306","cellular response to alcohol","18/1520","86/14866",0.209302325581395,2.04703182374541,3.28624986301916,0.00237247748783596,0.0164940403061707,0.0164940403061707,"ABCA1/KLF9/AKR1C3/PRKD1/PTGER4/ADCY5/DRD2/CES1/PTCH1/GPLD1/AKR1C2/GNAI1/CCL21/PTGDR2/GNG2/PTGFR/SFRP1/FOS",18
"GO:0007584","response to nutrient","25/1520","135/14866",0.185185185185185,1.81115984405458,3.19511065151116,0.00238919577355911,0.0165862666129739,0.0165862666129739,"ABCG8/ABCA1/FOLR2/CAT/AKR1C3/KANK2/ALDH1A2/PPARA/LEP/LPL/PENK/PLD1/HMGCS2/PPARG/ALPL/MLXIPL/ACSL1/CCL28/MAP1B/DGAT2/CYP26B1/CYP1A1/SFRP1/KAT2B/KL",25
"GO:0009581","detection of external stimulus","19/1520","93/14866",0.204301075268817,1.99811827956989,3.25850074925924,0.00244127428181073,0.0169155198829661,0.0169155198829661,"ANO3/EPHB1/CXCL12/KCNA1/CABP1/SCN11A/SLC24A4/PTPRQ/NMT2/PKD2/EYS/TMC2/HTR2A/PRCD/PECAM1/PKD1L2/KIT/TAC1/SCN9A",19
"GO:0051966","regulation of synaptic transmission, glutamatergic","14/1520","60/14866",0.233333333333333,2.28206140350877,3.35810498233444,0.00244366586152757,0.0169155198829661,0.0169155198829661,"NRXN1/RELN/PRKN/STXBP1/GRIN2B/CCL2/GRIK1/ATP1A2/DRD2/SHANK3/HTR2A/PLPPR4/MEF2C/NLGN1",14
"GO:1902652","secondary alcohol metabolic process","23/1520","121/14866",0.190082644628099,1.8590582862114,3.20200214459696,0.00247190853530469,0.0170864008684946,0.0170864008684946,"CYP11A1/ABCA1/ACAA2/FGF1/ABCA5/CETP/SCARF1/VLDLR/CYP39A1/GPR146/CES1/QKI/GNAI1/HMGCS2/LIPE/CUBN/CYP46A1/DGAT2/APOB/ACADL/CH25H/AKR1D1/CYP3A4",23
"GO:0072329","monocarboxylic acid catabolic process","22/1520","114/14866",0.192982456140351,1.88741920590951,3.20984815354696,0.00249343813826413,0.017161141570517,0.017161141570517,"ABCB11/ACADS/PCCA/ACAA2/ADIPOQ/IRS2/ACACB/ABCD2/PPARA/CES1/LEP/LDHD/LPIN1/NUDT7/HADH/ECHDC1/CYP26B1/TWIST1/ACADL/HOGA1/EHHADH/AKR1D1",22
"GO:1903169","regulation of calcium ion transmembrane transport","22/1520","114/14866",0.192982456140351,1.88741920590951,3.20984815354696,0.00249343813826413,0.017161141570517,0.017161141570517,"CASQ2/PRNP/ANK2/CX3CL1/BIN1/CAPN3/TRDN/NOS1/CAV1/GSTM2/DMD/AKAP6/JPH2/ATP1A2/CLIC2/TRPC1/HRC/CACNA2D1/ADCYAP1R1/PLN/JPH4/SNCA",22
"GO:1903531","negative regulation of secretion by cell","22/1520","114/14866",0.192982456140351,1.88741920590951,3.20984815354696,0.00249343813826413,0.017161141570517,0.017161141570517,"ACSL4/PRKN/NMB/FAM3D/CRY2/ADRA2A/KCNB1/CRHBP/DRD2/PDE8B/ANXA1/STXBP6/ADRA2B/FOXO1/LEP/FFAR4/HADH/CD200/EDN1/PDE1C/CCN3/SNCA",22
"GO:0010560","positive regulation of glycoprotein biosynthetic process","6/1520","15/14866",0.4,3.91210526315789,3.80805787539323,0.00250780987819881,0.017186189236615,0.017186189236615,"RECK/IGF1/IL33/CCL21/SLC51B/TCF7L2",6
"GO:0050965","detection of temperature stimulus involved in sensory perception of pain","6/1520","15/14866",0.4,3.91210526315789,3.80805787539323,0.00250780987819881,0.017186189236615,0.017186189236615,"EPHB1/CXCL12/SCN11A/HTR2A/TAC1/SCN9A",6
"GO:2001028","positive regulation of endothelial cell chemotaxis","6/1520","15/14866",0.4,3.91210526315789,3.80805787539323,0.00250780987819881,0.017186189236615,0.017186189236615,"KDR/FGF2/PRKD1/MET/SEMA5A/FGF16",6
"GO:0043065","positive regulation of apoptotic process","62/1520","425/14866",0.145882352941176,1.42676780185759,3.01242447535835,0.00254411385408573,0.0174101466595838,0.0174101466595838,"TXNIP/PRKN/ECSCR/PRNP/BCL6/ACVR1C/AKAP12/BIN1/AKR1C3/F3/DLC1/PTGIS/CCL2/ATF3/NGFR/DUSP6/TP63/HCAR2/ADIPOQ/CASP12/NOS1/CAV1/ADAMTSL4/BOK/HOXA5/RGCC/EMILIN2/ST8SIA2/ANXA1/GSN/PPP2R1B/DCUN1D3/FOXO1/MAP3K20/IL6/TLR4/WNT10B/PLA2R1/LEP/G0S2/GPLD1/HTR2A/S100B/ITGA1/PPARG/PRDM11/MEF2C/MSX1/BMP2/TNFRSF8/SLIT2/AIFM2/DUSP1/KLF11/SAV1/DAB2IP/SFRP1/ADRB2/CSRNP3/ANO6/ADRB1/SNCA",62
"GO:1901889","negative regulation of cell junction assembly","10/1520","36/14866",0.277777777777778,2.71673976608187,3.48027716890237,0.00255944710489566,0.0174622151873197,0.0174622151873197,"ARHGAP6/DLC1/CBLN1/NEGR1/FAM107A/ITGB1BP1/ACVRL1/PHLDB2/DMTN/APOD",10
"GO:0055013","cardiac muscle cell development","13/1520","54/14866",0.240740740740741,2.35450779727096,3.3651174613031,0.00256523785510499,0.0174622151873197,0.0174622151873197,"PROX1/IGF1/AKAP6/MYH11/PPARA/SORBS2/ALPK3/TBX18/RGS2/EDN1/PDGFRA/ACTC1/FHOD3",13
"GO:0001974","blood vessel remodeling","8/1520","25/14866",0.32,3.12968421052632,3.5965187048214,0.00258000424875694,0.0174622151873197,0.0174622151873197,"TMBIM1/EPAS1/NPR2/RSPO3/ACVRL1/NPR3/MEF2C/FLT4",8
"GO:0003081","regulation of systemic arterial blood pressure by renin-angiotensin","8/1520","25/14866",0.32,3.12968421052632,3.5965187048214,0.00258000424875694,0.0174622151873197,0.0174622151873197,"PCSK5/MME/TACR1/EDNRB/CTSG/PDE1C/CMA1/ACE2",8
"GO:0010996","response to auditory stimulus","8/1520","25/14866",0.32,3.12968421052632,3.5965187048214,0.00258000424875694,0.0174622151873197,0.0174622151873197,"NRXN1/PTN/SCN11A/ATP1A2/DRD2/SHANK3/TACR1/USP53",8
"GO:0035909","aorta morphogenesis","8/1520","25/14866",0.32,3.12968421052632,3.5965187048214,0.00258000424875694,0.0174622151873197,0.0174622151873197,"LRP1/ADAMTS9/MIR205/PROX1/TGFBR2/MIR145/MYLK/ACVRL1",8
"GO:0086013","membrane repolarization during cardiac muscle cell action potential","8/1520","25/14866",0.32,3.12968421052632,3.5965187048214,0.00258000424875694,0.0174622151873197,0.0174622151873197,"SCN2B/CASQ2/KCNA5/NOS1/KCNE1/KCNIP2/KCNJ2/KCNJ8",8
"GO:0030178","negative regulation of Wnt signaling pathway","26/1520","143/14866",0.181818181818182,1.77822966507177,3.15577720396175,0.00258080199479538,0.0174622151873197,0.0174622151873197,"SOSTDC1/PRKN/TMEM170B/LRP1/WIF1/SOX10/LRP4/CAV1/RBMS3/APCDD1/JADE1/TRABD2B/SOX17/EGR1/TBX18/TMEM88/WNT11/APCDD1L/TLE4/IGFBP6/DKK3/BMP2/DAB2IP/SFRP1/TCF7L2/MEST",26
"GO:0061756","leukocyte adhesion to vascular endothelial cell","12/1520","48/14866",0.25,2.44506578947368,3.38409178446715,0.00264231134843951,0.0178281793790778,0.0178281793790778,"CX3CR1/CXCL12/JAM2/SELE/SELP/IL6/LEP/CCL21/NFAT5/CCL28/KLF4/ELANE",12
"GO:2000351","regulation of endothelial cell apoptotic process","12/1520","48/14866",0.25,2.44506578947368,3.38409178446715,0.00264231134843951,0.0178281793790778,0.0178281793790778,"ECSCR/KDR/AKR1C3/F3/CCL2/NGFR/RGCC/TEK/NDNF/ANGPT1/CDH5/SEMA5A",12
"GO:0016339","calcium-dependent cell-cell adhesion","11/1520","42/14866",0.261904761904762,2.56149749373434,3.41988832066846,0.00265083091967655,0.01783556265844,0.01783556265844,"NRXN1/CDH23/CDH8/CDH12/CDH22/SELP/CDH20/CDH5/NLGN1/CDH13/PCDHB4",11
"GO:1902930","regulation of alcohol biosynthetic process","11/1520","42/14866",0.261904761904762,2.56149749373434,3.41988832066846,0.00265083091967655,0.01783556265844,0.01783556265844,"FGF1/PTH1R/BMP6/GPR146/QKI/GNAI1/BMP5/DKK3/BMP2/ADCYAP1R1/SNCA",11
"GO:0001991","regulation of systemic arterial blood pressure by circulatory renin-angiotensin","7/1520","20/14866",0.35,3.42309210526316,3.65939156622342,0.00269144523386261,0.0180079427625014,0.0180079427625014,"PCSK5/MME/EDNRB/CTSG/PDE1C/CMA1/ACE2",7
"GO:0010566","regulation of ketone biosynthetic process","7/1520","20/14866",0.35,3.42309210526316,3.65939156622342,0.00269144523386261,0.0180079427625014,0.0180079427625014,"ADM/AKR1C3/BMP6/EGR1/BMP5/DKK3/BMP2",7
"GO:0045723","positive regulation of fatty acid biosynthetic process","7/1520","20/14866",0.35,3.42309210526316,3.65939156622342,0.00269144523386261,0.0180079427625014,0.0180079427625014,"PTGS2/GPIHBP1/AVPR1A/ABCD2/MLXIPL/EDN1/KAT2B",7
"GO:0050951","sensory perception of temperature stimulus","7/1520","20/14866",0.35,3.42309210526316,3.65939156622342,0.00269144523386261,0.0180079427625014,0.0180079427625014,"EPHB1/CXCL12/ADRA2A/SCN11A/HTR2A/TAC1/SCN9A",7
"GO:0003007","heart morphogenesis","30/1520","173/14866",0.173410404624277,1.69599939154244,3.10745868122674,0.00270022210116464,0.0180415396022182,0.0180415396022182,"RBP4/S1PR1/NRG1/CLDN5/MYL3/ADAMTS5/ZFPM2/SPRY1/DLC1/PROX1/TEK/TGFBR3/PKD2/CCM2L/NPY2R/NRP1/SOX17/TGFBR2/FLRT2/ACVRL1/WNT11/BMP5/SLIT3/EDN1/MEF2C/PARVA/BMP2/TWIST1/SLIT2/ACTC1",30
"GO:0030282","bone mineralization","18/1520","87/14866",0.206896551724138,2.02350272232305,3.23113269897455,0.00271178546499577,0.018093635241444,0.018093635241444,"S1PR1/OSR1/BMP6/GPM6B/PTN/IGF1/LEP/DDR2/ALPL/CLEC3B/CCN1/MEF2C/PKDCC/BMP2/TWIST1/LGR4/ANO6/KL",18
"GO:0051056","regulation of small GTPase mediated signal transduction","46/1520","297/14866",0.154882154882155,1.51478823320929,3.02427065142113,0.00275876436174411,0.0183815589373352,0.0183815589373352,"FGD5/ARHGAP6/RELN/LAMA1/EPS8/ARHGAP10/ABCA1/FERMT2/ARHGAP26/ARHGEF28/RASA4B/KANK2/SYNPO2/SPRY1/DLC1/LRP4/ARHGAP24/ARHGEF4/DOCK11/IGF1/SPRY2/TEK/STARD8/ITSN1/KALRN/NRP1/RASIP1/PREX2/RASA4/FAM13A/PSD2/IQSEC3/ARHGEF40/MRAS/ARHGEF15/RASGRF2/RASA3/MYOC/ARHGAP31/RHOU/SLIT2/KANK1/ADCYAP1R1/ARHGAP20/DAB2IP/FGD4",46
"GO:0071621","granulocyte chemotaxis","20/1520","101/14866",0.198019801980198,1.93668577384054,3.18762024222365,0.00280388771740966,0.0186563387734571,0.0186563387734571,"RARRES2/CX3CL1/CCL24/JAM3/CCL2/CCL13/ANXA1/CCL16/DPP4/CCL21/CXCR2/IL34/CCL28/SAA1/EDN1/SLIT2/CXCL3/BST1/EDN3/MSTN",20
"GO:0001649","osteoblast differentiation","31/1520","181/14866",0.171270718232044,1.67507269555103,3.08376691769541,0.00282261540599986,0.018754971522024,0.018754971522024,"FERMT2/PTPRB/CAT/PRKD1/RRAS2/BMP6/TP63/MIR205/YAP1/BMP3/IGF1/SMAD9/IL6/PTCH1/DDR2/CRIM1/PENK/MAP2K6/FFAR4/PPARG/ALPL/MYOC/TWIST2/GDF10/CCN1/MEF2C/BMP2/TWIST1/LGR4/SFRP1/EPHA2",31
"GO:0141060","disruption of anatomical structure in another organism","16/1520","74/14866",0.216216216216216,2.11465149359886,3.24392050993188,0.00286771905275952,0.0190283457589181,0.0190283457589181,"DEFB132/CXCL12/CCL13/RNASE7/CCL21/CXCL2/C6/CCL28/CTSG/C7/CXCL3/MPO/MUC7/ELANE/TAC1/PLA2G2A",16
"GO:0050810","regulation of steroid biosynthetic process","14/1520","61/14866",0.229508196721311,2.2446505608283,3.28728108841071,0.00287911401506789,0.0190513274495677,0.0190513274495677,"ADM/AKR1C3/FGF1/BMP6/PROX1/NR5A2/GPR146/CES1/QKI/GNAI1/EGR1/BMP5/DKK3/BMP2",14
"GO:2000630","positive regulation of miRNA metabolic process","14/1520","61/14866",0.229508196721311,2.2446505608283,3.28728108841071,0.00287911401506789,0.0190513274495677,0.0190513274495677,"EGFR/FGF2/NGFR/MYOCD/IL6/EGR1/TEAD1/JUN/PPARG/BMP2/ATOH8/NR3C1/KLF4/FOS",14
"GO:0006873","intracellular monoatomic ion homeostasis","54/1520","362/14866",0.149171270718232,1.45893428322187,2.98324953566281,0.00289669500969978,0.0191412968728992,0.0191412968728992,"CASQ2/CCL14/PRNP/ANK2/C19orf12/TF/MICU3/AVPR1A/CCL23/SV2B/ATP13A4/PTH1R/TRDN/CNR1/BMP6/SLC8A3/CXCL12/SLC25A27/CCL13/CDH23/CAV1/BOK/SLC24A4/SMAD9/RYR3/ATP2B4/MT1X/ATP1A2/DRD2/MT1M/ATP13A5/CDH5/SCARA5/CYBRD1/HTR2A/RGN/TESC/TRPC1/HRC/CALB2/TRPC6/SLC9A9/ATP1B2/EDN1/KCNJ2/DMTN/CAV2/BMP2/SLC26A3/ACO1/ELANE/PLN/EDN3/TMEM178A",54
"GO:0048483","autonomic nervous system development","9/1520","31/14866",0.290322580645161,2.83943123938879,3.45978666133034,0.00299004600986468,0.0197039520320849,0.0197039520320849,"SOX10/KIF26A/NRP1/PLXNA4/GFAP/ACKR3/EGR2/EDNRB/SEMA3A",9
"GO:0150117","positive regulation of cell-substrate junction organization","9/1520","31/14866",0.290322580645161,2.83943123938879,3.45978666133034,0.00299004600986468,0.0197039520320849,0.0197039520320849,"FERMT2/KDR/TEK/NRP1/ITGB1BP1/MYOC/PIK3R1/RHOU/SFRP1",9
"GO:0019218","regulation of steroid metabolic process","17/1520","81/14866",0.209876543209877,2.05264782326186,3.20585320471582,0.00300136331445581,0.0197116893865333,0.0197116893865333,"ADM/AKR1C3/FGF1/BMP6/PROX1/NR5A2/GPR146/CES1/QKI/GNAI1/EGR1/BMP5/DGAT2/DKK3/BMP2/ACADL/CH25H",17
"GO:0008212","mineralocorticoid metabolic process","5/1520","11/14866",0.454545454545455,4.44557416267943,3.85789414549203,0.00302404560322129,0.0197116893865333,0.0197116893865333,"BMP6/BMP5/EDNRB/DKK3/BMP2",5
"GO:0010572","positive regulation of platelet activation","5/1520","11/14866",0.454545454545455,4.44557416267943,3.85789414549203,0.00302404560322129,0.0197116893865333,0.0197116893865333,"PLA2G4A/SELP/TLR4/SVEP1/PEAR1",5
"GO:0031645","negative regulation of nervous system process","5/1520","11/14866",0.454545454545455,4.44557416267943,3.85789414549203,0.00302404560322129,0.0197116893865333,0.0197116893865333,"AVPR1A/NPY2R/JAM2/LPIN1/CCN3",5
"GO:0048251","elastic fiber assembly","5/1520","11/14866",0.454545454545455,4.44557416267943,3.85789414549203,0.00302404560322129,0.0197116893865333,0.0197116893865333,"LTBP4/FBLN5/MYH11/TNXB/MFAP4",5
"GO:0048486","parasympathetic nervous system development","5/1520","11/14866",0.454545454545455,4.44557416267943,3.85789414549203,0.00302404560322129,0.0197116893865333,0.0197116893865333,"NRP1/PLXNA4/ACKR3/EGR2/SEMA3A",5
"GO:0048841","regulation of axon extension involved in axon guidance","5/1520","11/14866",0.454545454545455,4.44557416267943,3.85789414549203,0.00302404560322129,0.0197116893865333,0.0197116893865333,"CXCL12/NRP1/PLXNA4/SEMA5A/SEMA3A",5
"GO:1900747","negative regulation of vascular endothelial growth factor signaling pathway","5/1520","11/14866",0.454545454545455,4.44557416267943,3.85789414549203,0.00302404560322129,0.0197116893865333,0.0197116893865333,"SPRY2/ANGPT1/SEMA6A/DAB2IP/DCN",5
"GO:0090303","positive regulation of wound healing","13/1520","55/14866",0.236363636363636,2.3116985645933,3.28890922938637,0.00305095200608199,0.0198332522831094,0.0198332522831094,"FERMT2/F3/ADRA2A/EMILIN2/CD36/ANXA1/DDR2/MYLK/DMTN/KANK1/HBEGF/THBD/ANO6",13
"GO:1904705","regulation of vascular associated smooth muscle cell proliferation","13/1520","55/14866",0.236363636363636,2.3116985645933,3.28890922938637,0.00305095200608199,0.0198332522831094,0.0198332522831094,"FGF2/ADIPOQ/RGCC/IGF1/NR4A3/MYOCD/DDR2/JUN/PPARG/CNN1/EDN1/MEF2C/ADAMTS1",13
"GO:0050807","regulation of synapse organization","44/1520","283/14866",0.15547703180212,1.5206062860331,2.98406224577383,0.00312741724660943,0.0203028546658266,0.0203028546658266,"NRXN1/RELN/ZDHHC15/PRNP/EPHB1/GRIN2B/CBLN1/SLITRK2/NEGR1/LRP4/SLITRK3/PAK3/MARK1/CCDC141/NLGN4X/LRRTM2/VLDLR/CDH8/CRTAC1/MYCBP2/ST8SIA2/ITSN1/DRD2/CTTNBP2/NEDD9/IL1RAPL2/SHANK3/NTRK3/PRKCA/ARHGEF15/NRN1/CAMK1/PLPPR4/FGF7/MAP1B/ADGRB3/MEF2C/NLGN1/SPARCL1/NECTIN3/DAB2IP/ARC/LRFN5/SNCA",44
"GO:0031346","positive regulation of cell projection organization","47/1520","307/14866",0.153094462540717,1.49730413166467,2.9713524738412,0.00315172308469143,0.0204076340670855,0.0204076340670855,"ALK/RELN/SERPINF1/ZDHHC15/EPS8/TENM1/CX3CL1/FZD4/PRKD1/RHOQ/FEZ1/CXCL12/PTN/SCARF1/DOCK11/VLDLR/ALKAL2/DMD/ROBO3/VIM/NRP1/NDNF/NEDD9/NTRK3/DDR2/CCL21/BMP5/RGS2/RGMA/CAMK1/TENM2/P2RY12/KIT/ISLR2/PIK3R1/ATP1B2/MAP1B/NLGN1/SEMA5A/SLIT2/ENPP2/PALM/HAP1/DAB2IP/KAT2B/NTRK2/MSTN",47
"GO:0001764","neuron migration","21/1520","109/14866",0.192660550458716,1.8842708836311,3.12700248275819,0.00315205338837998,0.0204076340670855,0.0204076340670855,"RELN/CX3CL1/CXCL12/MARK1/KIF26A/DRD2/NRP1/NDNF/ADGRL3/NTRK3/SEMA6A/IGSF10/LHX6/ASTN1/DCDC2/MAP1B/MEF2C/DAB2IP/SEMA3A/MEST/NTRK2",21
"GO:0071526","semaphorin-plexin signaling pathway","12/1520","49/14866",0.244897959183673,2.39516648764769,3.30120600077895,0.00317985528826561,0.0205322914043387,0.0205322914043387,"KDR/MET/SEMA3G/NRP1/PLXNA4/NCAM1/SEMA6A/EDN1/SEMA5A/SEMA3D/SEMA3A/SEMA6D",12
"GO:0099172","presynapse organization","12/1520","49/14866",0.244897959183673,2.39516648764769,3.30120600077895,0.00317985528826561,0.0205322914043387,0.0205322914043387,"NRXN1/CBLN1/SLITRK2/LRP4/SLITRK3/NLGN4X/IL1RAPL2/NTRK3/TLN2/NLGN1/LRFN5/SNCA",12
"GO:0030258","lipid modification","28/1520","160/14866",0.175,1.71154605263158,3.05382688866011,0.00321099726689062,0.0207055447921376,0.0207055447921376,"ABCB11/ACADS/PPARGC1A/PLPP3/ACAA2/ADIPOQ/PLPPR1/IRS2/ADH4/ACACB/ABCD2/PPARA/LEP/HADH/DGKB/ECHDC1/DGAT2/DGKI/ACSM1/TWIST1/ACADL/CYP1A1/PLPP1/APOD/EHHADH/CYGB/PDK4/CYP3A4",28
"GO:0001894","tissue homeostasis","30/1520","175/14866",0.171428571428571,1.67661654135338,3.03853782017705,0.00322305780976079,0.0207276703053425,0.0207276703053425,"RBP4/S1PR1/CLDN5/CD34/ZEB2/JAM3/YAP1/CDH23/RP1L1/DMD/JAM2/ANGPT1/IL6/TLR4/LAMA2/PRKCA/CDH5/CRB2/PECAM1/CUBN/FREM1/ALPL/ATP1B2/ALDH1A1/LCA5/LAMC1/ESAM/ABCC6/PIWIL4/PDK4",30
"GO:0060249","anatomical structure homeostasis","30/1520","175/14866",0.171428571428571,1.67661654135338,3.03853782017705,0.00322305780976079,0.0207276703053425,0.0207276703053425,"RBP4/S1PR1/CLDN5/CD34/ZEB2/JAM3/YAP1/CDH23/RP1L1/DMD/JAM2/ANGPT1/IL6/TLR4/LAMA2/PRKCA/CDH5/CRB2/PECAM1/CUBN/FREM1/ALPL/ATP1B2/ALDH1A1/LCA5/LAMC1/ESAM/ABCC6/PIWIL4/PDK4",30
"GO:0045933","positive regulation of muscle contraction","11/1520","43/14866",0.255813953488372,2.50192778457772,3.32846439393769,0.0032388786162893,0.0208015680115693,0.0208015680115693,"ADRA1A/ADRA2B/MYOCD/TACR1/RGS2/CACNA2D1/KIT/EDN1/SPX/ACE2/EDN3",11
"GO:0030308","negative regulation of cell growth","25/1520","138/14866",0.181159420289855,1.77178680396644,3.07392802666231,0.00324419785638414,0.0208079125528297,0.0208079125528297,"BCL6/FHL1/MEG3/CDKN2C/SEMA3G/JADE1/HYAL1/PPARA/DCUN1D3/SOX17/SCGB3A1/ACVRL1/RGS2/PRDM11/RGMA/SLIT3/MSX1/SEMA5A/NPR1/SLIT2/SFRP1/CCN3/ESR2/SEMA6D/CRYAB",25
"GO:0060390","regulation of SMAD protein signal transduction","14/1520","62/14866",0.225806451612903,2.20844651952462,3.21782507970035,0.00337620470040771,0.0216257165076782,0.0216257165076782,"LRP1/BMP6/MIR205/NODAL/TGFBR3/TGFBR2/MIR145/ACVRL1/BMP5/PPARG/BMPER/BMP2/ATOH8/CCN3",14
"GO:1905606","regulation of presynapse assembly","8/1520","26/14866",0.307692307692308,3.00931174089069,3.46055483973995,0.00339734149601195,0.0217321285577116,0.0217321285577116,"NRXN1/CBLN1/SLITRK2/SLITRK3/IL1RAPL2/NTRK3/LRFN5/SNCA",8
"GO:0072009","nephron epithelium development","17/1520","82/14866",0.207317073170732,2.02761553273427,3.14898288259131,0.00343378875605292,0.0219360654043593,0.0219360654043593,"OSR1/KLHL3/FGF2/CD34/FGF1/PKD2/KLF15/PECAM1/WNT11/EDN1/MEF2C/BMP2/POU3F3/LGR4/GPC3/IRX1/AQP1",17
"GO:0048667","cell morphogenesis involved in neuron differentiation","63/1520","439/14866",0.143507972665148,1.40354573792111,2.89644775683039,0.00347555816101024,0.0221734148811331,0.0221734148811331,"NRXN1/RELN/ZDHHC15/TENM1/LGR6/FZD4/STXBP1/EPHB1/HMCN2/FEZ1/CXCL12/B4GALT6/FAT4/SLITRK2/LRP4/SLITRK3/PAK3/PTN/SCN11A/VLDLR/ROBO3/MYCBP2/KCTD12/VIM/SEMA3G/DRD2/KALRN/NRP1/PLXNA4/NCAM1/SHANK3/PTCH1/PRKCA/ARHGEF40/NPR2/SEMA6A/S100B/EFNB3/RGMA/TENM2/ISLR2/CNTN6/NEXN/PLPPR4/PTPRM/SLIT3/EDN1/MAP1B/ADGRB3/MEF2C/NFIB/NLGN1/SEMA5A/SLIT2/ROBO4/SEMA3D/SEMA3A/ARC/BOC/NOVA2/EDN3/SEMA6D/NTRK2",63
"GO:0060828","regulation of canonical Wnt signaling pathway","36/1520","222/14866",0.162162162162162,1.58598862019915,2.96868760902169,0.0035414315561872,0.0225637098089169,0.0225637098089169,"EGFR/PRKN/TMEM170B/LGR6/RSPO1/ZEB2/SOX10/LRP4/ADGRA2/DAAM2/CAV1/RBMS3/RECK/JADE1/SOX17/EGR1/MIR145/TBX18/RSPO3/TMEM88/WNT11/EGF/TLE4/IGFBP6/FZD7/DKK3/SEMA5A/BMP2/KANK1/WLS/DAB2IP/LGR4/SFRP1/TCF7L2/MEST/GPC3",36
"GO:0003205","cardiac chamber development","20/1520","103/14866",0.194174757281553,1.89908022483393,3.08999970863825,0.00355402152034883,0.0225840203488833,0.0225840203488833,"RBP4/ANK2/NRG1/MYL3/ZFPM2/PDE2A/PROX1/TEK/TGFBR3/NPY2R/NRP1/SCN5A/TGFBR2/WNT11/BMP5/SLIT3/MEF2C/PARVA/BMP2/SLIT2",20
"GO:0034767","positive regulation of monoatomic ion transmembrane transport","20/1520","103/14866",0.194174757281553,1.89908022483393,3.08999970863825,0.00355402152034883,0.0225840203488833,0.0225840203488833,"ANK2/CX3CL1/CAPN3/FHL1/NOS1/CAV1/AKAP6/STAC2/KCNE1/FXYD2/TESC/TRPC1/TRPC6/ATP1B2/KCNIP2/EDN1/KCNJ2/ADCYAP1R1/ANO6/SNCA",20
"GO:0048568","embryonic organ development","37/1520","230/14866",0.160869565217391,1.5733466819222,2.95732266396,0.00360401962528809,0.0227229934266648,0.0227229934266648,"RARRES2/RBP4/PCSK5/OSR1/SOBP/KDR/RBPMS2/PROX1/FZD5/PKD2/HOXA9/PLXNA4/SOX17/PDGFA/TGFBR2/TMIE/TEAD1/TBX18/CRB2/ALDH1A3/BMP5/TPO/EFEMP1/KIT/EDN1/HOXA3/MFAP5/HOXA4/MEF2C/PKDCC/PDGFRA/NECTIN3/RNF112/TWIST1/LMO2/HOXD4/TAL1",37
"GO:0007215","glutamate receptor signaling pathway","13/1520","56/14866",0.232142857142857,2.27041823308271,3.21434059267675,0.00360900166206188,0.0227229934266648,0.0227229934266648,"NRXN1/PRNP/CX3CL1/GRIN2B/FRRS1L/CCL2/GRIK1/KCNB1/SHANK3/MEF2C/NLGN1/ADRB2/GRIA4",13
"GO:0010611","regulation of cardiac muscle hypertrophy","13/1520","56/14866",0.232142857142857,2.27041823308271,3.21434059267675,0.00360900166206188,0.0227229934266648,0.0227229934266648,"IGF1/AKAP6/ATP2B4/ADRA1A/NR4A3/PPARA/FOXO1/PRKCA/MIR145/RGS2/PPARG/EDN1/MLIP",13
"GO:0030032","lamellipodium assembly","13/1520","56/14866",0.232142857142857,2.27041823308271,3.21434059267675,0.00360900166206188,0.0227229934266648,0.0227229934266648,"S1PR1/ARHGEF6/ARHGEF4/ABLIM1/ABLIM3/P2RY12/KIT/PIK3R1/DMTN/SLIT2/CDH13/EPHA2/MSTN",13
"GO:0030042","actin filament depolymerization","13/1520","56/14866",0.232142857142857,2.27041823308271,3.21434059267675,0.00360900166206188,0.0227229934266648,0.0227229934266648,"EPS8/SPTB/PLEKHH2/SPTBN1/TMOD1/LMOD1/GSN/ADD3/CFL2/DMTN/SEMA5A/TMOD2/SPTA1",13
"GO:0043536","positive regulation of blood vessel endothelial cell migration","13/1520","56/14866",0.232142857142857,2.27041823308271,3.21434059267675,0.00360900166206188,0.0227229934266648,0.0227229934266648,"PTGS2/KDR/FGF2/PRKD1/RHOJ/TGFBR3/NRP1/ANXA1/ANGPT1/PRKCA/ANGPT4/FGFBP1/STAT5A",13
"GO:1990874","vascular associated smooth muscle cell proliferation","13/1520","56/14866",0.232142857142857,2.27041823308271,3.21434059267675,0.00360900166206188,0.0227229934266648,0.0227229934266648,"FGF2/ADIPOQ/RGCC/IGF1/NR4A3/MYOCD/DDR2/JUN/PPARG/CNN1/EDN1/MEF2C/ADAMTS1",13
"GO:0002921","negative regulation of humoral immune response","6/1520","16/14866",0.375,3.66759868421053,3.60284807791773,0.00366865217038545,0.0229028082267251,0.0229028082267251,"VSIG4/C4BPA/SERPING1/MASP1/A2M/CR1",6
"GO:0035162","embryonic hemopoiesis","6/1520","16/14866",0.375,3.66759868421053,3.60284807791773,0.00366865217038545,0.0229028082267251,0.0229028082267251,"KDR/TGFBR2/TPO/KIT/LMO2/TAL1",6
"GO:0050961","detection of temperature stimulus involved in sensory perception","6/1520","16/14866",0.375,3.66759868421053,3.60284807791773,0.00366865217038545,0.0229028082267251,0.0229028082267251,"EPHB1/CXCL12/SCN11A/HTR2A/TAC1/SCN9A",6
"GO:0051450","myoblast proliferation","6/1520","16/14866",0.375,3.66759868421053,3.60284807791773,0.00366865217038545,0.0229028082267251,0.0229028082267251,"KCNA5/IGF1/MEIS2/ATOH8/FOS/MSTN",6
"GO:0051930","regulation of sensory perception of pain","6/1520","16/14866",0.375,3.66759868421053,3.60284807791773,0.00366865217038545,0.0229028082267251,0.0229028082267251,"TMEM100/MGLL/OPRPN/SPX/CCN3/TAC1",6
"GO:0051931","regulation of sensory perception","6/1520","16/14866",0.375,3.66759868421053,3.60284807791773,0.00366865217038545,0.0229028082267251,0.0229028082267251,"TMEM100/MGLL/OPRPN/SPX/CCN3/TAC1",6
"GO:0016338","calcium-independent cell-cell adhesion","7/1520","21/14866",0.333333333333333,3.26008771929825,3.4976273182756,0.00368523537869661,0.0229028082267251,0.0229028082267251,"CLDN5/CX3CL1/CLDN10/CLDN11/CLDN19/BMP2/CLDN8",7
"GO:0034695","response to prostaglandin E","7/1520","21/14866",0.333333333333333,3.26008771929825,3.4976273182756,0.00368523537869661,0.0229028082267251,0.0229028082267251,"PTGER4/SCN11A/TGFBR3/GNAI1/CCL21/GNG2/SFRP1",7
"GO:0050927","positive regulation of positive chemotaxis","7/1520","21/14866",0.333333333333333,3.26008771929825,3.4976273182756,0.00368523537869661,0.0229028082267251,0.0229028082267251,"S1PR1/KDR/F3/CXCL12/VEGFD/NTRK3/CDH13",7
"GO:0072677","eosinophil migration","7/1520","21/14866",0.333333333333333,3.26008771929825,3.4976273182756,0.00368523537869661,0.0229028082267251,0.0229028082267251,"CX3CL1/CCL24/PTGER4/CCL2/CCL13/CCL16/CCL21",7
"GO:0010828","positive regulation of D-glucose transmembrane transport","9/1520","32/14866",0.28125,2.75069901315789,3.34569254973016,0.00378881359908466,0.0234308820883669,0.0234308820883669,"RHOQ/SORBS1/ADIPOQ/IRS2/IGF1/NR4A3/PIK3R1/PTPRM/C3",9
"GO:0030212","hyaluronan metabolic process","9/1520","32/14866",0.28125,2.75069901315789,3.34569254973016,0.00378881359908466,0.0234308820883669,0.0234308820883669,"LYVE1/FGF2/STAB2/HAS1/HYAL1/HAS3/ITIH5/ITIH2/EGF",9
"GO:0045601","regulation of endothelial cell differentiation","9/1520","32/14866",0.28125,2.75069901315789,3.34569254973016,0.00378881359908466,0.0234308820883669,0.0234308820883669,"CLDN5/BMP6/TMEM100/ZEB1/CDH5/ACVRL1/APOLD1/ATOH8/NOTCH4",9
"GO:0000271","polysaccharide biosynthetic process","12/1520","50/14866",0.24,2.34726315789474,3.22033195688418,0.00380245884545655,0.0234308820883669,0.0234308820883669,"SORBS1/IRS2/IGF1/EPM2A/HAS1/HAS3/GYG2/PER2/EGF/GBE1/UGP2/PPP1R3G",12
"GO:0045666","positive regulation of neuron differentiation","12/1520","50/14866",0.24,2.34726315789474,3.22033195688418,0.00380245884545655,0.0234308820883669,0.0234308820883669,"BRINP1/CXCL12/PROX1/DMD/ADRA2B/GDPD5/ZEB1/S100B/MMD/MAP1B/MEF2C/BMP2",12
"GO:0051496","positive regulation of stress fiber assembly","12/1520","50/14866",0.24,2.34726315789474,3.22033195688418,0.00380245884545655,0.0234308820883669,0.0234308820883669,"FERMT2/LIMCH1/RGCC/NRP1/RAPGEF3/TACR1/ARHGEF15/ITGB1BP1/MYOC/SFRP1/TAC1/FHOD3",12
"GO:0048598","embryonic morphogenesis","48/1520","318/14866",0.150943396226415,1.47626613704072,2.89727893047081,0.00380434804931852,0.0234308820883669,0.0234308820883669,"ITGA7/RBP4/LAMB3/OSR1/SOBP/FGF2/DLC1/ADIPOQ/NODAL/RBPMS2/PROX1/FZD5/GREM2/PKD2/NR4A3/HOXA9/ZBTB16/MAP3K20/SOX17/PTCH1/MYH3/TGFBR2/TMIE/MIR145/TBX18/CRB2/ALDH1A3/BMP5/LAMA3/EFEMP1/FZD7/HOXA3/MFAP5/HOXA4/MEF2C/PDGFRA/MSX1/NECTIN3/ATOH8/CYP26B1/TWIST1/HOXD4/DUSP1/WLS/KLF4/SOX7/GPC3/IRX1",48
"GO:0030835","negative regulation of actin filament depolymerization","11/1520","44/14866",0.25,2.44506578947368,3.23958398925857,0.00392711798714048,0.0241513485593821,0.0241513485593821,"EPS8/SPTB/PLEKHH2/SPTBN1/TMOD1/LMOD1/GSN/ADD3/DMTN/TMOD2/SPTA1",11
"GO:0045744","negative regulation of G protein-coupled receptor signaling pathway","14/1520","63/14866",0.222222222222222,2.1733918128655,3.14968519690748,0.00394119174181162,0.0241513485593821,0.0241513485593821,"ADM/PDE2A/ATP2B4/DRD2/GPRASP1/RGS2/MRAP2/SLIT3/GRK3/SLIT2/PALM/PDE3B/ADRB2/SNCA",14
"GO:0006584","catecholamine metabolic process","10/1520","38/14866",0.263157894736842,2.57375346260388,3.27805245467932,0.00394143573491997,0.0241513485593821,0.0241513485593821,"PRKN/ALDH2/MAOA/DRD2/RNF180/SNCAIP/AOC2/NPR1/SNCA/KL",10
"GO:0009712","catechol-containing compound metabolic process","10/1520","38/14866",0.263157894736842,2.57375346260388,3.27805245467932,0.00394143573491997,0.0241513485593821,0.0241513485593821,"PRKN/ALDH2/MAOA/DRD2/RNF180/SNCAIP/AOC2/NPR1/SNCA/KL",10
"GO:1901655","cellular response to ketone","18/1520","90/14866",0.2,1.95605263157895,3.07010553931979,0.00398091409752393,0.0243621800312165,0.0243621800312165,"SERPINF1/KLF9/AKR1C3/PRKD1/PTGER4/SOX10/PCK1/ADCY5/AKR1C2/GNAI1/CCL21/PTGDR2/GNG2/NR3C1/PTGFR/SFRP1/FOS/AQP1",18
"GO:0010976","positive regulation of neuron projection development","24/1520","133/14866",0.180451127819549,1.76485951721409,2.99013358904225,0.00407919491513009,0.0249318732471819,0.0249318732471819,"ALK/RELN/SERPINF1/ZDHHC15/CX3CL1/PRKD1/FEZ1/PTN/SCARF1/VLDLR/ALKAL2/DMD/ROBO3/NDNF/NTRK3/DDR2/BMP5/RGS2/RGMA/CAMK1/ATP1B2/DAB2IP/KAT2B/NTRK2",24
"GO:0009755","hormone-mediated signaling pathway","30/1520","178/14866",0.168539325842697,1.64835895919574,2.93678988800671,0.00416734728393523,0.0254382926963467,0.0254382926963467,"KLF2/AKR1C3/LMO3/KANK2/CRY2/GHR/CALCOCO1/TP63/ADIPOQ/NODAL/CRHR2/NR4A3/CRHBP/NR5A2/PPARA/THRB/RHOXF1/ZNF366/PPARG/NR3C2/CYP26B1/NR3C1/PER1/RXRG/SFRP1/TCF7L2/PLPP1/SSTR1/DHRS3/ESR2",30
"GO:0071695","anatomical structure maturation","26/1520","148/14866",0.175675675675676,1.71815433854908,2.96314522793615,0.00418189398039709,0.0254946937586645,0.0254946937586645,"S1PR1/CX3CL1/CX3CR1/B4GALT6/SCARF1/SLC24A4/RECK/IGF1/KCNB1/ZBTB16/BNC1/LEP/NPR2/CCL21/ACVRL1/LHX6/PPARG/MYOC/EDNRB/KCNIP2/EDN1/ADGRB3/BMP2/SLC26A3/LGI4/C3",26
"GO:0000302","response to reactive oxygen species","28/1520","163/14866",0.171779141104294,1.68004520503713,2.94616656699072,0.00420539856117712,0.0256054939010075,0.0256054939010075,"KLF2/TXNIP/KCNA5/CAT/HBB/FBLN5/HBA2/MET/PKD2/CD36/HYAL1/IL6/TACR1/PRKCA/DDR2/EDN1/PDGFRA/SIRPA/DUSP1/PDGFD/KLF4/CA3/APOD/FOS/CYGB/AQP1/SOD3/CRYAB",28
"GO:0007416","synapse assembly","38/1520","240/14866",0.158333333333333,1.54854166666667,2.89122006038478,0.0042241023243065,0.0256868197037575,0.0256868197037575,"NRXN1/RELN/EPHB1/ADGRL2/CBLN1/SLITRK2/NEGR1/LRP4/SLITRK3/MARK1/CCDC141/NLGN4X/LRRTM2/VLDLR/FZD5/ZDHHC2/CRTAC1/MYCBP2/ST8SIA2/GABRA2/DRD2/IL1RAPL2/ADGRL3/PLXNA4/SHANK3/NTRK3/PRKCA/EGFLAM/ARHGEF15/CBLN4/MAP1B/MEF2C/NLGN1/NECTIN3/LRFN5/PCDHB4/GABRE/SNCA",38
"GO:0098704","carbohydrate import across plasma membrane","13/1520","57/14866",0.228070175438596,2.23058633425669,3.14134285906765,0.00424697529185137,0.0257282084515183,0.0257282084515183,"SLC5A4/SLC5A1/TRARG1/PID1/RHOQ/SORBS1/SLC25A27/SLC2A4/ADIPOQ/IRS2/IGF1/LEP/PIK3R1",13
"GO:0098708","D-glucose import across plasma membrane","13/1520","57/14866",0.228070175438596,2.23058633425669,3.14134285906765,0.00424697529185137,0.0257282084515183,0.0257282084515183,"SLC5A4/SLC5A1/TRARG1/PID1/RHOQ/SORBS1/SLC25A27/SLC2A4/ADIPOQ/IRS2/IGF1/LEP/PIK3R1",13
"GO:0140271","hexose import across plasma membrane","13/1520","57/14866",0.228070175438596,2.23058633425669,3.14134285906765,0.00424697529185137,0.0257282084515183,0.0257282084515183,"SLC5A4/SLC5A1/TRARG1/PID1/RHOQ/SORBS1/SLC25A27/SLC2A4/ADIPOQ/IRS2/IGF1/LEP/PIK3R1",13
"GO:0007519","skeletal muscle tissue development","16/1520","77/14866",0.207792207792208,2.03226247436774,3.0647481277576,0.00435226576489715,0.0263328523105364,0.0263328523105364,"MYL3/EPHB1/FOXP2/CAV1/DMD/MYOZ2/MYOCD/S100B/CFL2/EGR2/MYOM1/MEF2C/CAV2/CYP26B1/RCAN1/MSTN",16
"GO:0071404","cellular response to low-density lipoprotein particle stimulus","8/1520","27/14866",0.296296296296296,2.89785575048733,3.33097562947583,0.00440184653792139,0.0265325856564295,0.0265325856564295,"TXNIP/ABCA1/CD36/CES1/TLR4/LPL/PPARG/CDH13",8
"GO:0099174","regulation of presynapse organization","8/1520","27/14866",0.296296296296296,2.89785575048733,3.33097562947583,0.00440184653792139,0.0265325856564295,0.0265325856564295,"NRXN1/CBLN1/SLITRK2/SLITRK3/IL1RAPL2/NTRK3/LRFN5/SNCA",8
"GO:1900746","regulation of vascular endothelial growth factor signaling pathway","8/1520","27/14866",0.296296296296296,2.89785575048733,3.33097562947583,0.00440184653792139,0.0265325856564295,0.0265325856564295,"PROX1/SPRY2/ANGPT1/SEMA6A/CCBE1/DAB2IP/DCN/ADAMTS3",8
"GO:0090130","tissue migration","17/1520","84/14866",0.202380952380952,1.97933897243108,3.03762929136479,0.00445352951765687,0.0268104709308567,0.0268104709308567,"KANK2/ZEB2/DAAM2/SASH1/FAT2/TACR1/ACTA2/ACTG2/KIT/FGF7/KANK1/ENPP2/EPB41L4B/HBEGF/DAB2IP/ACTC1/TAC1",17
"GO:0045664","regulation of neuron differentiation","20/1520","105/14866",0.19047619047619,1.86290726817043,2.99453626495308,0.0044642552722353,0.026841404665605,0.026841404665605,"ALK/RELN/BRINP1/BIN1/CXCL12/PROX1/DTX1/DMD/ADRA2B/GDPD5/ZEB1/DIXDC1/S100B/MMD/EDNRB/MAP1B/MEF2C/NLGN1/BMP2/SFRP1",20
"GO:0006821","chloride transport","19/1520","98/14866",0.193877551020408,1.89617346938776,3.00381353082909,0.004500497337255,0.0270254865102163,0.0270254865102163,"CLCNKB/ANO3/CLCN4/ABCB1/NMUR1/CLCN1/SLC25A27/SLC1A7/GLRA3/GABRA2/CLIC2/SLC17A7/CLIC5/SLC6A2/SLC26A3/SLC1A3/GABRE/CLCA4/ANO6",19
"GO:0062197","cellular response to chemical stress","43/1520","281/14866",0.153024911032028,1.49662389960667,2.83632667541277,0.00463722725484563,0.0278117849341803,0.0278117849341803,"KLF2/PRKN/PTGS2/PPARGC1A/CAPN3/CAT/PRKD1/LRRC8C/FBLN5/CAV1/MGAT3/MET/PKD2/CD36/GPX3/FOXO1/SCN7A/IL6/VKORC1L1/PLA2R1/MGST1/DDR2/FXYD2/MYLK/NFAT5/PENK/SCN2A/EDN1/PDGFRA/SIRPA/AIFM2/ADCYAP1R1/PDGFD/KLF4/MSRA/CA3/ETV5/KAT2B/FOS/CYGB/AQP1/SOD3/SNCA",43
"GO:0002548","monocyte chemotaxis","11/1520","45/14866",0.244444444444444,2.39073099415205,3.1531114911996,0.00472710400304339,0.0281766969587167,0.0281766969587167,"CCL23/CX3CR1/CCL2/CXCL12/ANXA1/IL6/CTSG/SLIT2/DUSP1/CCN3/ANO6",11
"GO:0030318","melanocyte differentiation","5/1520","12/14866",0.416666666666667,4.07510964912281,3.596319018721,0.00475085856298096,0.0281766969587167,0.0281766969587167,"MITF/ZEB2/KIT/EDNRB/MEF2C",5
"GO:0033189","response to vitamin A","5/1520","12/14866",0.416666666666667,4.07510964912281,3.596319018721,0.00475085856298096,0.0281766969587167,0.0281766969587167,"CAT/ALDH1A2/MAP1B/CYP26B1/CYP1A1",5
"GO:0042756","drinking behavior","5/1520","12/14866",0.416666666666667,4.07510964912281,3.596319018721,0.00475085856298096,0.0281766969587167,0.0281766969587167,"SLC24A4/DRD2/TACR1/PENK/ACE2",5
"GO:0050872","white fat cell differentiation","5/1520","12/14866",0.416666666666667,4.07510964912281,3.596319018721,0.00475085856298096,0.0281766969587167,0.0281766969587167,"PER2/NPR2/FFAR4/PPARG/PRDM16",5
"GO:0071493","cellular response to UV-B","5/1520","12/14866",0.416666666666667,4.07510964912281,3.596319018721,0.00475085856298096,0.0281766969587167,0.0281766969587167,"NLRP1/MME/HYAL1/MAP3K20/MFAP4",5
"GO:0071679","commissural neuron axon guidance","5/1520","12/14866",0.416666666666667,4.07510964912281,3.596319018721,0.00475085856298096,0.0281766969587167,0.0281766969587167,"ROBO3/NRP1/NCAM1/PTCH1/NFIB",5
"GO:1900452","regulation of long-term synaptic depression","5/1520","12/14866",0.416666666666667,4.07510964912281,3.596319018721,0.00475085856298096,0.0281766969587167,0.0281766969587167,"CBLN1/KCNB1/SHANK3/PENK/ARC",5
"GO:1901731","positive regulation of platelet aggregation","5/1520","12/14866",0.416666666666667,4.07510964912281,3.596319018721,0.00475085856298096,0.0281766969587167,0.0281766969587167,"MMRN1/EMILIN2/IL6/HTR2A/CTSG",5
"GO:0030073","insulin secretion","25/1520","142/14866",0.176056338028169,1.72187731653076,2.91691217727754,0.00477379371453764,0.0282778113497396,0.0282778113497396,"ACSL4/RBP4/MYRIP/PRKN/DOC2B/KCNA5/FAM3D/IRS2/ADRA2A/ADCY5/KCNB1/DRD2/PDE8B/RAPGEF3/FOXO1/PER2/IL6/PRKCA/GPLD1/NNAT/CACNA2D1/HADH/MLXIPL/CCN3/TCF7L2",25
"GO:0061138","morphogenesis of a branching epithelium","15/1520","71/14866",0.211267605633803,2.06625277983692,3.0392089293425,0.00481635731903683,0.0284359285836342,0.0284359285836342,"KDR/FGF2/FGF1/MET/PKD2/NRP1/RASIP1/PDGFA/TGFBR2/TIE1/BMP2/NOTCH4/SLIT2/LGR4/EPHA2",15
"GO:0010712","regulation of collagen metabolic process","10/1520","39/14866",0.256410256410256,2.50775978407557,3.1817533172553,0.00482416357112029,0.0284359285836342,0.0284359285836342,"RGCC/VIM/IL6/DDR2/MIR145/KLF15/MFAP4/VSIR/LARP6/CYGB",10
"GO:0030501","positive regulation of bone mineralization","10/1520","39/14866",0.256410256410256,2.50775978407557,3.1817533172553,0.00482416357112029,0.0284359285836342,0.0284359285836342,"OSR1/BMP6/GPM6B/PTN/CCN1/MEF2C/PKDCC/BMP2/ANO6/KL",10
"GO:0060074","synapse maturation","10/1520","39/14866",0.256410256410256,2.50775978407557,3.1817533172553,0.00482416357112029,0.0284359285836342,0.0284359285836342,"NRXN1/RELN/CX3CR1/CHRDL1/ARHGEF15/NRN1/FGF7/ADGRB3/PALM/DAB2IP",10
"GO:0010460","positive regulation of heart rate","7/1520","22/14866",0.318181818181818,3.1119019138756,3.3453248901546,0.00493473987821141,0.0289456536934403,0.0289456536934403,"ADM/AVPR1A/SCN3B/HRC/EDN1/EDN3/ADRB1",7
"GO:0050926","regulation of positive chemotaxis","7/1520","22/14866",0.318181818181818,3.1119019138756,3.3453248901546,0.00493473987821141,0.0289456536934403,0.0289456536934403,"S1PR1/KDR/F3/CXCL12/VEGFD/NTRK3/CDH13",7
"GO:0120255","olefinic compound biosynthetic process","7/1520","22/14866",0.318181818181818,3.1119019138756,3.3453248901546,0.00493473987821141,0.0289456536934403,0.0289456536934403,"ADM/AKR1C3/BMP6/EGR1/BMP5/DKK3/BMP2",7
"GO:2001044","regulation of integrin-mediated signaling pathway","7/1520","22/14866",0.318181818181818,3.1119019138756,3.3453248901546,0.00493473987821141,0.0289456536934403,0.0289456536934403,"LAMA1/PRKD1/LIMS2/LAMA2/ITGB1BP1/LAMC1/BST1",7
"GO:1904064","positive regulation of cation transmembrane transport","19/1520","99/14866",0.191919191919192,1.8770202020202,2.95467520535136,0.00504894758064516,0.0295794441188041,0.0295794441188041,"ANK2/CX3CL1/CAPN3/FHL1/NOS1/CAV1/AKAP6/STAC2/KCNE1/FXYD2/TESC/TRPC1/ATP1B2/KCNIP2/EDN1/KCNJ2/ADCYAP1R1/ANO6/SNCA",19
"GO:0005975","carbohydrate metabolic process","64/1520","455/14866",0.140659340659341,1.37568536726431,2.74670241647195,0.00514852699953323,0.0299744328919819,0.0299744328919819,"RBP4/KLB/PRKN/PPARGC1A/ALDH2/GCNT4/PLA2G4A/PTH1R/SORBS1/PC/ALDOC/SLC2A4/B4GALT6/ADIPOQ/AMY2B/IRS2/ME1/PCK1/IGF1/EPM2A/ACACB/ST8SIA2/HAS1/HYAL1/PPARA/HAS3/GPD1/GYG2/FOXO1/PFKFB3/ST6GALNAC3/PER2/GLB1L3/CHST3/PFKFB1/LEP/GABARAPL1/GPLD1/STBD1/B3GALT1/EGF/MLXIPL/PGM5/PGM1/CHST7/PHKG1/DGAT2/PYGL/GBE1/CHST9/ADCYAP1R1/TREH/GLYCTK/UGP2/TCF7L2/APOD/MGAM2/PYGM/PPP1R1A/PDK4/SNCA/PPP1R3G/B3GAT1/KL",64
"GO:0003298","physiological muscle hypertrophy","6/1520","17/14866",0.352941176470588,3.45185758513932,3.41349906604651,0.00518500285870877,0.0299744328919819,0.0299744328919819,"IGF1/AKAP6/PPARA/SORBS2/RGS2/EDN1",6
"GO:0003301","physiological cardiac muscle hypertrophy","6/1520","17/14866",0.352941176470588,3.45185758513932,3.41349906604651,0.00518500285870877,0.0299744328919819,0.0299744328919819,"IGF1/AKAP6/PPARA/SORBS2/RGS2/EDN1",6
"GO:0014059","regulation of dopamine secretion","6/1520","17/14866",0.352941176470588,3.45185758513932,3.41349906604651,0.00518500285870877,0.0299744328919819,0.0299744328919819,"PRKN/CXCL12/DRD2/HTR2A/KCNA2/SNCA",6
"GO:0033623","regulation of integrin activation","6/1520","17/14866",0.352941176470588,3.45185758513932,3.41349906604651,0.00518500285870877,0.0299744328919819,0.0299744328919819,"FERMT2/PTGER4/JAM3/RASIP1/SELP/P2RY12",6
"GO:0061049","cell growth involved in cardiac muscle cell development","6/1520","17/14866",0.352941176470588,3.45185758513932,3.41349906604651,0.00518500285870877,0.0299744328919819,0.0299744328919819,"IGF1/AKAP6/PPARA/SORBS2/RGS2/EDN1",6
"GO:0070341","fat cell proliferation","6/1520","17/14866",0.352941176470588,3.45185758513932,3.41349906604651,0.00518500285870877,0.0299744328919819,0.0299744328919819,"PID1/SLC2A4/FABP4/PER2/CEBPA/IL6",6
"GO:0072378","blood coagulation, fibrin clot formation","6/1520","17/14866",0.352941176470588,3.45185758513932,3.41349906604651,0.00518500285870877,0.0299744328919819,0.0299744328919819,"FBLN1/F8/F3/F10/F13A1/THBD",6
"GO:0090051","negative regulation of cell migration involved in sprouting angiogenesis","6/1520","17/14866",0.352941176470588,3.45185758513932,3.41349906604651,0.00518500285870877,0.0299744328919819,0.0299744328919819,"MEOX2/MIR205/MMRN1/MMRN2/ITGB1BP1/KLF4",6
"GO:1903020","positive regulation of glycoprotein metabolic process","6/1520","17/14866",0.352941176470588,3.45185758513932,3.41349906604651,0.00518500285870877,0.0299744328919819,0.0299744328919819,"RECK/IGF1/IL33/CCL21/SLC51B/TCF7L2",6
"GO:1903027","regulation of opsonization","6/1520","17/14866",0.352941176470588,3.45185758513932,3.41349906604651,0.00518500285870877,0.0299744328919819,0.0299744328919819,"C4BPA/FCN2/MASP1/PLA2G5/MASP2/C3",6
"GO:0032535","regulation of cellular component size","43/1520","283/14866",0.151943462897526,1.48604705225962,2.78597223512084,0.00527151331021569,0.0304379206036973,0.0304379206036973,"EPS8/TENM1/SPTB/PLEKHH2/KANK3/CCL24/BIN1/KANK2/PRKD1/GPRC5B/CXCL12/SPTBN1/DAAM2/PAK3/SCTR/TMOD1/LMOD1/VIM/SEMA3G/NRP1/GSN/PLXNA4/SHANK3/CYRIA/CCL21/RGMA/ADD3/CFL2/ISLR2/EDN1/MAP1B/DMTN/SEMA5A/ESAM/SLIT2/KANK1/SEMA3A/AQP1/TMOD2/SPTA1/AQP4/ANO6/SEMA6D",43
"GO:0048732","gland development","33/1520","204/14866",0.161764705882353,1.58210139318885,2.82517793261548,0.0052784494303858,0.0304413818290197,0.0304413818290197,"NRG1/CAV1/CDO1/PROX1/PCK1/HOXA10/MET/TGFBR3/PKD2/DRD2/HOXA9/NR5A2/ALDH1A2/PPARA/OXTR/CEBPA/IL6/PTCH1/PDGFA/ARID5B/ALDH1A3/WNT11/HMGCS2/EDN1/DKK3/STAT5A/CPS1/BMP2/NOTCH4/WLS/CYP1A1/CA3/EPHA2",33
"GO:0045669","positive regulation of osteoblast differentiation","12/1520","52/14866",0.230769230769231,2.25698380566802,3.06424774126727,0.00534050910738134,0.0307623570166186,0.0307623570166186,"FERMT2/PRKD1/BMP6/TP63/YAP1/IGF1/IL6/DDR2/FFAR4/GDF10/CCN1/MEF2C",12
"GO:0007565","female pregnancy","21/1520","114/14866",0.184210526315789,1.80162742382271,2.89953416497538,0.00543738552183797,0.0312828743076762,0.0312828743076762,"FBLN1/PCSK5/ACVR1C/NODAL/PTN/ADRA2A/IL11RA/STOX2/CRHBP/ADRA2B/OXTR/LEP/RGS2/CLIC5/FOSB/ENDOU/STS/TPPP3/FOS/ACE2/MSTN",21
"GO:0043068","positive regulation of programmed cell death","63/1520","448/14866",0.140625,1.37534950657895,2.72239435891704,0.00550855875697543,0.0316544452972607,0.0316544452972607,"ACSL4/TXNIP/PRKN/ECSCR/PRNP/BCL6/ACVR1C/AKAP12/BIN1/AKR1C3/F3/DLC1/PTGIS/CCL2/ATF3/NGFR/DUSP6/TP63/HCAR2/ADIPOQ/CASP12/NOS1/CAV1/ADAMTSL4/BOK/HOXA5/RGCC/EMILIN2/ST8SIA2/ANXA1/GSN/PPP2R1B/DCUN1D3/FOXO1/MAP3K20/IL6/TLR4/WNT10B/PLA2R1/LEP/G0S2/GPLD1/HTR2A/S100B/ITGA1/PPARG/PRDM11/MEF2C/MSX1/BMP2/TNFRSF8/SLIT2/AIFM2/DUSP1/KLF11/SAV1/DAB2IP/SFRP1/ADRB2/CSRNP3/ANO6/ADRB1/SNCA",63
"GO:0050848","regulation of calcium-mediated signaling","15/1520","72/14866",0.208333333333333,2.0375548245614,2.97826395706107,0.00552249128706101,0.0316965927634899,0.0316965927634899,"PRNP/NMUR1/SLC24A4/IGF1/AKAP6/ATP2B4/MYOZ2/RGN/CALCR/EDN1/PDGFRA/CDH13/HAP1/BST1/RCAN1",15
"GO:0010765","positive regulation of sodium ion transport","8/1520","28/14866",0.285714285714286,2.79436090225564,3.20722789474761,0.00561975220786287,0.03202525457482,0.03202525457482,"SCN2B/NOS1/SCN3B/SCN5A/FXYD2/TESC/SCN4B/ATP1B2",8
"GO:0045776","negative regulation of blood pressure","8/1520","28/14866",0.285714285714286,2.79436090225564,3.20722789474761,0.00561975220786287,0.03202525457482,0.03202525457482,"ADIPOQ/NOS1/DRD2/PPARA/ADRB2/TAC1/ADRB1/KL",8
"GO:0050974","detection of mechanical stimulus involved in sensory perception","8/1520","28/14866",0.285714285714286,2.79436090225564,3.20722789474761,0.00561975220786287,0.03202525457482,0.03202525457482,"CXCL12/KCNA1/SCN11A/PTPRQ/TMC2/HTR2A/KIT/SCN9A",8
"GO:0055094","response to lipoprotein particle","8/1520","28/14866",0.285714285714286,2.79436090225564,3.20722789474761,0.00561975220786287,0.03202525457482,0.03202525457482,"TXNIP/ABCA1/CD36/CES1/TLR4/LPL/PPARG/CDH13",8
"GO:0090330","regulation of platelet aggregation","8/1520","28/14866",0.285714285714286,2.79436090225564,3.20722789474761,0.00561975220786287,0.03202525457482,0.03202525457482,"MMRN1/EMILIN2/ADAMTS18/IL6/PRKCA/HTR2A/CTSG/C1QTNF1",8
"GO:1904035","regulation of epithelial cell apoptotic process","8/1520","28/14866",0.285714285714286,2.79436090225564,3.20722789474761,0.00561975220786287,0.03202525457482,0.03202525457482,"ZFP36/YAP1/BOK/PPARA/GSN/IL6/PLA2R1/TCF7L2",8
"GO:0014855","striated muscle cell proliferation","11/1520","46/14866",0.239130434782609,2.3387585812357,3.06892144605972,0.00565093529063045,0.0320786016578523,0.0320786016578523,"RBP4/NRG1/FGF2/EPHB1/ZFPM2/YAP1/TGFBR3/ANGPT1/MEF2C/FOS/MSTN",11
"GO:0019748","secondary metabolic process","11/1520","46/14866",0.239130434782609,2.3387585812357,3.06892144605972,0.00565093529063045,0.0320786016578523,0.0320786016578523,"AKR1C1/AKR1C3/PMEL/ZEB2/SULT1C4/AKR1C2/DCT/TRPC1/FMO2/CYP1A1/CYP3A4",11
"GO:0071772","response to BMP","23/1520","129/14866",0.178294573643411,1.7437678498572,2.86323111859123,0.00565582339804348,0.0320786016578523,0.0320786016578523,"ZNF423/SOSTDC1/KDR/BMP6/TMEM100/RBPMS2/CAV1/GREM2/SMAD9/TGFBR3/CHRDL1/CDH5/CRB2/CRIM1/ACVRL1/BMP5/PPARG/BMPER/RGMA/FSTL1/CCN1/BMP2/SFRP1",23
"GO:0071773","cellular response to BMP stimulus","23/1520","129/14866",0.178294573643411,1.7437678498572,2.86323111859123,0.00565582339804348,0.0320786016578523,0.0320786016578523,"ZNF423/SOSTDC1/KDR/BMP6/TMEM100/RBPMS2/CAV1/GREM2/SMAD9/TGFBR3/CHRDL1/CDH5/CRB2/CRIM1/ACVRL1/BMP5/PPARG/BMPER/RGMA/FSTL1/CCN1/BMP2/SFRP1",23
"GO:0099565","chemical synaptic transmission, postsynaptic","18/1520","93/14866",0.193548387096774,1.89295415959253,2.91517734685738,0.00570446910804852,0.0323163556545579,0.0323163556545579,"NRXN1/RELN/PRKN/GRIN2B/CHRNA2/SLC8A3/CBLN1/SLC1A7/GLRA3/NLGN4X/MET/DRD2/SHANK3/SLC17A7/MEF2C/NLGN1/ADRB2/P2RX6",18
"GO:0022037","metencephalon development","13/1520","59/14866",0.220338983050847,2.1549732381802,2.99980537841351,0.00579492146849441,0.0327901092280885,0.0327901092280885,"NRXN1/FZD4/FOXP2/CBLN1/NLGN4X/PROX1/KCNE1/SCN5A/MYO16/GDF10/NAV2/HAP1/SSTR1",13
"GO:0030509","BMP signaling pathway","22/1520","122/14866",0.180327868852459,1.76365401207938,2.85823269333867,0.00585003452234487,0.0330513068209535,0.0330513068209535,"ZNF423/SOSTDC1/KDR/BMP6/TMEM100/RBPMS2/CAV1/GREM2/SMAD9/TGFBR3/CHRDL1/CDH5/CRB2/CRIM1/ACVRL1/BMP5/PPARG/BMPER/RGMA/FSTL1/CCN1/BMP2",22
"GO:0051693","actin filament capping","10/1520","40/14866",0.25,2.44506578947368,3.08840543397079,0.00585484223660105,0.0330513068209535,0.0330513068209535,"EPS8/SPTB/SPTBN1/TMOD1/LMOD1/GSN/ADD3/DMTN/TMOD2/SPTA1",10
"GO:0001941","postsynaptic membrane organization","9/1520","34/14866",0.264705882352941,2.58889318885449,3.13013446128948,0.00587936418839824,0.033073144685088,0.033073144685088,"NRXN1/RELN/LAMA1/LRP4/ZDHHC2/SHANK3/CHRDL1/NLGN1/LAMC1",9
"GO:0006958","complement activation, classical pathway","9/1520","34/14866",0.264705882352941,2.58889318885449,3.13013446128948,0.00587936418839824,0.033073144685088,0.033073144685088,"C4BPA/IGHA2/IGHA1/C6/C7/CR1/MASP2/C3/CFI",9
"GO:0071402","cellular response to lipoprotein particle stimulus","9/1520","34/14866",0.264705882352941,2.58889318885449,3.13013446128948,0.00587936418839824,0.033073144685088,0.033073144685088,"TXNIP/ABCA1/CD36/CES1/TLR4/LPL/PPARG/APOB/CDH13",9
"GO:0007389","pattern specification process","37/1520","237/14866",0.156118143459916,1.52687652675994,2.75933477331765,0.00594469379542663,0.0334015309862334,0.0334015309862334,"HOXA6/RELN/SOSTDC1/PCSK5/OSR1/NODAL/TLL1/FZD5/HOXA5/GREM2/PKD2/HOXA9/NRP1/NTF4/CHRDL1/SOX17/PTCH1/BHLHE41/TGFBR2/TBX18/CRB2/MEIS2/ACVRL1/WNT11/MFNG/HOXA7/HOXA3/HOXA4/MEF2C/MID1/BMP2/CYP26B1/HOXD4/WLS/C3/SFRP1/IRX1",37
"GO:0032102","negative regulation of response to external stimulus","49/1520","334/14866",0.146706586826347,1.43482902615821,2.71242510995595,0.00608216690480155,0.0341340301526479,0.034134030152648,"VSIG4/CX3CL1/FGF2/PTGER4/PTGIS/CCL2/MIR205/ADIPOQ/IRAK3/MMRN1/IGF1/TEK/ROBO3/NR4A3/DRD2/ADAMTS18/NR5A2/IL33/PPARA/SERPING1/PDGFA/DPP4/CDH5/TYRO3/PROS1/MIR145/TFPI/FNDC4/PRKAR2B/A2M/FFAR4/PPARG/CD200/RGMA/SAA1/EDN1/PHLDB2/PDGFRA/SIRPA/SEMA5A/CR1/SLIT2/DUSP1/KLF4/CCN3/ELANE/LRFN5/THBD/C1QTNF1",49
"GO:0051402","neuron apoptotic process","33/1520","206/14866",0.160194174757282,1.56674118548799,2.76426764064041,0.00613060123159562,0.0343657039866807,0.0343657039866807,"PRKN/PRNP/CX3CL1/PPARGC1A/KDR/FGF2/CHL1/CX3CR1/CCL2/TMBIM1/NGFR/TRIM2/CASP12/NOS1/NLRP1/BOK/KCNB1/ST8SIA2/NRP1/NDNF/NTF4/PTPRZ1/TYRO3/CNTFR/EGR1/NPR2/HTR2A/ITGA1/SCN2A/MEF2C/GBE1/SNCA/NTRK2",33
"GO:0030856","regulation of epithelial cell differentiation","20/1520","108/14866",0.185185185185185,1.81115984405458,2.85517845813417,0.00618434450413079,0.0346265629345505,0.0346265629345505,"CLDN5/OSR1/FGF2/SPRY1/ZFP36/ZEB2/BMP6/TMEM100/CAV1/SPRY2/ZEB1/CDH5/ACVRL1/HOXA7/APOLD1/MSX1/BMP2/ATOH8/NOTCH4/MAFF",20
"GO:0007631","feeding behavior","12/1520","53/14866",0.226415094339623,2.21439920556107,2.98886698816886,0.00627587637779125,0.0350981491489048,0.0350981491489048,"SLC24A4/NR4A3/DRD2/NPY2R/TACR1/LEP/GNAI1/PENK/MRAP2/LEPR/FOS/ACE2",12
"GO:0009062","fatty acid catabolic process","18/1520","94/14866",0.191489361702128,1.8728163493841,2.86481010938345,0.00639875264603036,0.0357437298971277,0.0357437298971277,"ABCB11/ACADS/PCCA/ACAA2/ADIPOQ/IRS2/ACACB/ABCD2/PPARA/CES1/LEP/LPIN1/NUDT7/HADH/ECHDC1/TWIST1/ACADL/EHHADH",18
"GO:0060562","epithelial tube morphogenesis","28/1520","168/14866",0.166666666666667,1.63004385964912,2.77156452031439,0.00643436253481808,0.0358741911122714,0.0358741911122714,"OSR1/KLHL3/KDR/FGF2/FGF1/DLC1/PROX1/MET/PKD2/NRP1/RASIP1/SOX17/PTCH1/MMRN2/TGFBR2/TIE1/ACVRL1/WNT11/BMP5/EGF/MEF2C/BMP2/NOTCH4/SLIT2/LGR4/GPC3/IRX1/EPHA2",28
"GO:0090100","positive regulation of transmembrane receptor protein serine/threonine kinase signaling pathway","17/1520","87/14866",0.195402298850575,1.91108590441621,2.87623998757168,0.00643704261839674,0.0358741911122714,0.0358741911122714,"ZNF423/KDR/ZEB2/BMP6/NODAL/TGFBR3/MYOCD/CDH5/TGFBR2/CRB2/ACVRL1/BMP5/BMPER/CDKN1C/CCN1/BMP2/ATOH8",17
"GO:0031214","biomineral tissue development","22/1520","123/14866",0.178861788617886,1.74931536157467,2.81613162371018,0.0064550263063543,0.0359327304469595,0.0359327304469595,"S1PR1/OSR1/BMP6/GPM6B/PTN/SLC24A4/IGF1/LEP/DDR2/ITGB1BP1/ALPL/CLEC3B/CCN1/MEF2C/PKDCC/BMP2/TWIST1/WLS/LGR4/NT5E/ANO6/KL",22
"GO:0003094","glomerular filtration","7/1520","23/14866",0.304347826086957,2.97660183066362,3.201481215918,0.00647769148587572,0.0359755258938115,0.0359755258938115,"JCHAIN/CD34/IGHA2/KIRREL1/IGHA1/MCAM/EDN1",7
"GO:0042744","hydrogen peroxide catabolic process","7/1520","23/14866",0.304347826086957,2.97660183066362,3.201481215918,0.00647769148587572,0.0359755258938115,0.0359755258938115,"CAT/HBB/HBA2/GPX3/TPO/MPO/SNCA",7
"GO:0001934","positive regulation of protein phosphorylation","33/1520","207/14866",0.159420289855072,1.55917238749047,2.73405601535393,0.00659809163358634,0.0366018847664536,0.0366018847664536,"RARRES2/EGFR/TENM1/NRG1/RSPO1/LIMCH1/KDR/FGF2/FGF1/FAXDC2/PELI2/IGF1/SPRY2/BANK1/NEDD9/SASH1/ANGPT1/IL6/LEP/DDR2/ITGB1BP1/PRKAR2B/IL34/ANGPT4/EGF/MMD/KIT/TLR3/FGF7/BMP2/C3/ELANE/FLT4",33
"GO:0048588","developmental cell growth","27/1520","161/14866",0.167701863354037,1.64016835567179,2.75615296298031,0.00677737596044708,0.0375530727958337,0.0375530727958337,"PRKN/CXCL12/RNF157/IGF1/AKAP6/ST8SIA2/VIM/SEMA3G/NRP1/PPARA/PLXNA4/CPNE8/SORBS2/NPR2/S100B/RGS2/NRN1/RGMA/ISLR2/SLIT3/EDN1/MAP1B/SEMA5A/SLIT2/SEMA3A/EDN3/SEMA6D",27
"GO:0002688","regulation of leukocyte chemotaxis","20/1520","109/14866",0.18348623853211,1.79454369869628,2.80970476861212,0.00686575823800737,0.0379989661006768,0.0379989661006768,"RARRES2/CX3CR1/JAM3/CCL2/CXCL12/PTN/NEDD9/VEGFD/IL6/DPP4/CCL21/IL34/EDN1/SLIT2/DUSP1/CCN3/BST1/EDN3/ANO6/MSTN",20
"GO:0001823","mesonephros development","14/1520","67/14866",0.208955223880597,2.04363707776905,2.889345035184,0.00701610508340654,0.038228556351717,0.038228556351717,"OSR1/FGF2/CAT/FGF1/PKD2/ZBTB16/WNT11/BMPER/BMP2/SLIT2/LGR4/SFRP1/SIM1/GPC3",14
"GO:0014013","regulation of gliogenesis","14/1520","67/14866",0.208955223880597,2.04363707776905,2.889345035184,0.00701610508340654,0.038228556351717,0.038228556351717,"BIN1/SOX10/NEGR1/DAAM2/PTN/PTPRZ1/IL6/GFAP/NTRK3/QKI/CNTFR/IL34/EGR2/BMP2",14
"GO:0048754","branching morphogenesis of an epithelial tube","14/1520","67/14866",0.208955223880597,2.04363707776905,2.889345035184,0.00701610508340654,0.038228556351717,0.038228556351717,"KDR/FGF2/FGF1/MET/PKD2/NRP1/RASIP1/TGFBR2/TIE1/BMP2/NOTCH4/SLIT2/LGR4/EPHA2",14
"GO:0003096","renal sodium ion transport","5/1520","13/14866",0.384615384615385,3.76163967611336,3.36171033755801,0.00707689445266398,0.038228556351717,0.038228556351717,"CLCNKB/KLHL3/EDNRB/SGK1/EDN1",5
"GO:0010642","negative regulation of platelet-derived growth factor receptor signaling pathway","5/1520","13/14866",0.384615384615385,3.76163967611336,3.36171033755801,0.00707689445266398,0.038228556351717,0.038228556351717,"LRP1/ADIPOQ/MYOCD/APOD/SNCA",5
"GO:0014745","negative regulation of muscle adaptation","5/1520","13/14866",0.384615384615385,3.76163967611336,3.36171033755801,0.00707689445266398,0.038228556351717,0.038228556351717,"ATP2B4/FOXO1/PPARG/KLF4/MLIP",5
"GO:0019755","one-carbon compound transport","5/1520","13/14866",0.384615384615385,3.76163967611336,3.36171033755801,0.00707689445266398,0.038228556351717,0.038228556351717,"HBB/HBA2/AQP7/SLC14A2/AQP1",5
"GO:0034374","low-density lipoprotein particle remodeling","5/1520","13/14866",0.384615384615385,3.76163967611336,3.36171033755801,0.00707689445266398,0.038228556351717,0.038228556351717,"CETP/PLA2G5/APOB/MPO/PLA2G2A",5
"GO:0035809","regulation of urine volume","5/1520","13/14866",0.384615384615385,3.76163967611336,3.36171033755801,0.00707689445266398,0.038228556351717,0.038228556351717,"ADM/AVPR2/EDNRB/NPR3/NPR1",5
"GO:0061050","regulation of cell growth involved in cardiac muscle cell development","5/1520","13/14866",0.384615384615385,3.76163967611336,3.36171033755801,0.00707689445266398,0.038228556351717,0.038228556351717,"IGF1/AKAP6/PPARA/RGS2/EDN1",5
"GO:0070294","renal sodium ion absorption","5/1520","13/14866",0.384615384615385,3.76163967611336,3.36171033755801,0.00707689445266398,0.038228556351717,0.038228556351717,"CLCNKB/KLHL3/EDNRB/SGK1/EDN1",5
"GO:0090030","regulation of steroid hormone biosynthetic process","5/1520","13/14866",0.384615384615385,3.76163967611336,3.36171033755801,0.00707689445266398,0.038228556351717,0.038228556351717,"BMP6/NR5A2/BMP5/DKK3/BMP2",5
"GO:0090494","dopamine uptake","5/1520","13/14866",0.384615384615385,3.76163967611336,3.36171033755801,0.00707689445266398,0.038228556351717,0.038228556351717,"SLC22A3/DRD2/SLC6A2/SLC29A4/SNCA",5
"GO:1901201","regulation of extracellular matrix assembly","5/1520","13/14866",0.384615384615385,3.76163967611336,3.36171033755801,0.00707689445266398,0.038228556351717,0.038228556351717,"RGCC/TGFBR3/MIR145/TIE1/PPARG",5
"GO:2000846","regulation of corticosteroid hormone secretion","5/1520","13/14866",0.384615384615385,3.76163967611336,3.36171033755801,0.00707689445266398,0.038228556351717,0.038228556351717,"CRY2/BMP6/ECRG4/TAC1/C1QTNF1",5
"GO:2001214","positive regulation of vasculogenesis","5/1520","13/14866",0.384615384615385,3.76163967611336,3.36171033755801,0.00707689445266398,0.038228556351717,0.038228556351717,"ADM/KDR/CD34/TMEM100/ASB4",5
"GO:0022602","ovulation cycle process","8/1520","29/14866",0.275862068965517,2.69800362976407,3.08882465648007,0.00707815279712826,0.038228556351717,0.038228556351717,"MMP19/NR5A2/LEP/NPR2/SLIT3/PDGFRA/SLIT2/MSTN",8
"GO:0032232","negative regulation of actin filament bundle assembly","8/1520","29/14866",0.275862068965517,2.69800362976407,3.08882465648007,0.00707815279712826,0.038228556351717,0.038228556351717,"ARHGAP6/PRKN/S1PR1/DLC1/SHANK3/MYOC/PIK3R1/PHLDB2",8
"GO:0050954","sensory perception of mechanical stimulus","22/1520","124/14866",0.17741935483871,1.73520797962649,2.77441575283831,0.00711044754983059,0.038228556351717,0.038228556351717,"LRIG3/CXCL12/CCDC50/KCNA1/CDH23/SCN11A/PTPRQ/KCNE1/PAX3/TMIE/TMC2/NPR2/HTR2A/CLIC5/USP53/DCDC2/KIT/COL4A3/MYO7B/MYH1/LOXHD1/SCN9A",22
"GO:0001709","cell fate determination","6/1520","18/14866",0.333333333333333,3.26008771929825,3.23784652393939,0.00711414017036532,0.038228556351717,0.038228556351717,"SOX17/TNXB/MEF2C/NOTCH4/CYP26B1/KLF4",6
"GO:0014046","dopamine secretion","6/1520","18/14866",0.333333333333333,3.26008771929825,3.23784652393939,0.00711414017036532,0.038228556351717,0.038228556351717,"PRKN/CXCL12/DRD2/HTR2A/KCNA2/SNCA",6
"GO:0031998","regulation of fatty acid beta-oxidation","6/1520","18/14866",0.333333333333333,3.26008771929825,3.23784652393939,0.00711414017036532,0.038228556351717,0.038228556351717,"ABCB11/IRS2/ACACB/ABCD2/PPARA/TWIST1",6
"GO:0048245","eosinophil chemotaxis","6/1520","18/14866",0.333333333333333,3.26008771929825,3.23784652393939,0.00711414017036532,0.038228556351717,0.038228556351717,"CX3CL1/CCL24/CCL2/CCL13/CCL16/CCL21",6
"GO:0050482","arachidonate secretion","6/1520","18/14866",0.333333333333333,3.26008771929825,3.23784652393939,0.00711414017036532,0.038228556351717,0.038228556351717,"NMB/PLA2G4A/DRD2/PLA2R1/PLA2G5/PLA2G2A",6
"GO:0060045","positive regulation of cardiac muscle cell proliferation","6/1520","18/14866",0.333333333333333,3.26008771929825,3.23784652393939,0.00711414017036532,0.038228556351717,0.038228556351717,"NRG1/FGF2/ZFPM2/YAP1/TGFBR3/MEF2C",6
"GO:1903963","arachidonate transport","6/1520","18/14866",0.333333333333333,3.26008771929825,3.23784652393939,0.00711414017036532,0.038228556351717,0.038228556351717,"NMB/PLA2G4A/DRD2/PLA2R1/PLA2G5/PLA2G2A",6
"GO:0051924","regulation of calcium ion transport","29/1520","177/14866",0.163841807909605,1.60241599762117,2.72091957210627,0.0071573789552747,0.0384179312861895,0.0384179312861895,"CASQ2/PRNP/ANK2/CX3CL1/BIN1/CAPN3/TRDN/CCL2/CXCL12/NOS1/CAV1/ADRA2A/GSTM2/DMD/AKAP6/JPH2/PKD2/ATP1A2/CLIC2/MYLK/TRPC1/HRC/CACNA2D1/EGF/TRPC6/ADCYAP1R1/PLN/JPH4/SNCA",29
"GO:0044089","positive regulation of cellular component biogenesis","62/1520","445/14866",0.139325842696629,1.36264340626848,2.62114346946384,0.0071657006357444,0.0384196717121831,0.0384196717121831,"NRXN1/EPS8/TENM1/ABCA1/FERMT2/NRG1/CLDN5/CX3CL1/CCL24/STXBP1/LIMCH1/BIN1/KDR/EPHB1/SYNPO2/PRKD1/RHOQ/SLITRK2/SLITRK3/CAV1/LMOD1/DOCK11/RGCC/TEK/CD36/ST8SIA2/NRP1/HYAL1/RAPGEF3/HAS3/TRABD2B/RASIP1/TLR4/TACR1/PRKCA/CDH5/ARHGEF15/ITGB1BP1/CCL21/ACVRL1/TPPP/MYOC/TENM2/P2RY12/KIT/ANKRD53/PIK3R1/SYNPO/MAP1B/NLGN1/TAL1/PALM/HAP1/DAB2IP/SFRP1/TPPP3/TAC1/ACE2/FHOD3/EPHA2/SNCA/MSTN",62
"GO:0097581","lamellipodium organization","15/1520","74/14866",0.202702702702703,1.98248577524893,2.85928451659466,0.00718502637686915,0.0384803419336448,0.0384803419336448,"S1PR1/ARHGEF6/ARHGEF4/ABLIM1/ABLIM3/P2RY12/KIT/PIK3R1/DMTN/SLIT2/KANK1/CDH13/ENPP2/EPHA2/MSTN",15
"GO:0140353","lipid export from cell","9/1520","35/14866",0.257142857142857,2.51492481203008,3.02808857002198,0.00721122846023213,0.0385347514159679,0.0385347514159679,"ACSL4/NMB/CRY2/BMP6/LEP/ECRG4/EDN1/TAC1/C1QTNF1",9
"GO:1902305","regulation of sodium ion transmembrane transport","9/1520","35/14866",0.257142857142857,2.51492481203008,3.02808857002198,0.00721122846023213,0.0385347514159679,0.0385347514159679,"OSR1/NOS1/DMD/ATP2B4/UTRN/SCN5A/FXYD2/TESC/ATP1B2",9
"GO:1902476","chloride transmembrane transport","17/1520","88/14866",0.193181818181818,1.88936901913876,2.82386670155322,0.00723829443027043,0.0386364071589102,0.0386364071589102,"CLCNKB/ANO3/CLCN4/CLCN1/SLC25A27/SLC1A7/GLRA3/GABRA2/CLIC2/SLC17A7/CLIC5/SLC6A2/SLC26A3/SLC1A3/GABRE/CLCA4/ANO6",17
"GO:0141193","nuclear receptor-mediated signaling pathway","28/1520","170/14866",0.164705882352941,1.61086687306502,2.70333678355022,0.00756573647405463,0.0403393984698762,0.0403393984698762,"KLF2/AKR1C3/LMO3/KANK2/CRY2/PTGIS/CALCOCO1/TP63/NODAL/NR4A3/PPARA/LEP/THRB/RHOXF1/ZNF366/PPARG/NR3C2/BMP2/CYP26B1/TWIST1/NR3C1/PER1/RXRG/SFRP1/TCF7L2/PLPP1/DHRS3/ESR2",28
"GO:0003002","regionalization","33/1520","209/14866",0.157894736842105,1.54425207756233,2.67411072090097,0.00762262398633945,0.0405976559095063,0.0405976559095063,"HOXA6/RELN/SOSTDC1/PCSK5/OSR1/NODAL/TLL1/FZD5/HOXA5/GREM2/PKD2/HOXA9/NRP1/NTF4/SOX17/PTCH1/BHLHE41/TGFBR2/TBX18/CRB2/ACVRL1/WNT11/HOXA7/HOXA3/HOXA4/MEF2C/BMP2/CYP26B1/HOXD4/WLS/C3/SFRP1/IRX1",33
"GO:0045785","positive regulation of cell adhesion","58/1520","413/14866",0.14043583535109,1.37349942653243,2.59785348761781,0.00772813938962669,0.0411140438845699,0.0411140438845699,"LAMA1/FBLN1/FERMT2/NRG1/BCL6/CX3CL1/PLPP3/KDR/CCL2/CXCL12/NODAL/CAV1/MMRN1/PCK1/IGF1/TEK/EMILIN2/CD36/NR4A3/ZBTB16/NRP1/NR5A2/ANXA1/HYAL1/SELE/NDNF/NEDD9/UTRN/SELP/CD209/IL6/LAMA2/PRKCA/LEP/DPP4/TGFBR2/HTR2A/ITGB1BP1/CCL21/NFAT5/MAP3K8/CCDC80/VSIR/MYOC/P2RY12/VIT/CCL28/SAA1/CTSG/FBLN2/SIRPA/LAMC1/CR1/ECM2/CDH13/EPB41L4B/SFRP1/ELANE",58
"GO:0001656","metanephros development","13/1520","61/14866",0.213114754098361,2.08431837791199,2.86382331692694,0.00776260943408319,0.0412061610180504,0.0412061610180504,"OSR1/CD34/ADIPOQ/PKD2/SOX17/PTCH1/PDGFA/EGR1/PDGFRA/POU3F3/LGR4/IRX1/AQP1",13
"GO:0001657","ureteric bud development","13/1520","61/14866",0.213114754098361,2.08431837791199,2.86382331692694,0.00776260943408319,0.0412061610180504,0.0412061610180504,"OSR1/FGF2/CAT/FGF1/PKD2/WNT11/BMPER/BMP2/SLIT2/LGR4/SFRP1/SIM1/GPC3",13
"GO:0048844","artery morphogenesis","11/1520","48/14866",0.229166666666667,2.24131030701754,2.90693201828716,0.00792085747192736,0.0419997784714559,0.0419997784714559,"LRP1/ADAMTS9/MIR205/PROX1/PKD2/NRP1/TGFBR2/MIR145/MYLK/ACVRL1/EDN1",11
"GO:0001763","morphogenesis of a branching structure","16/1520","82/14866",0.195121951219512,1.90834403080873,2.78349218497101,0.00817800083462933,0.0432677489092063,0.0432677489092063,"KDR/FGF2/FGF1/MET/PKD2/DRD2/NRP1/RASIP1/PDGFA/TGFBR2/TIE1/BMP2/NOTCH4/SLIT2/LGR4/EPHA2",16
"GO:0018958","phenol-containing compound metabolic process","16/1520","82/14866",0.195121951219512,1.90834403080873,2.78349218497101,0.00817800083462933,0.0432677489092063,0.0432677489092063,"PRKN/ALDH2/PMEL/ZEB2/SLCO1C1/MAOA/DRD2/RNF180/SNCAIP/DCT/AOC2/TRPC1/TPO/NPR1/SNCA/KL",16
"GO:0034599","cellular response to oxidative stress","34/1520","218/14866",0.155963302752294,1.52536214389184,2.63709968694009,0.00823957101424763,0.0435455436220524,0.0435455436220524,"KLF2/PRKN/PPARGC1A/CAT/PRKD1/FBLN5/MGAT3/MET/PKD2/CD36/GPX3/FOXO1/IL6/VKORC1L1/PLA2R1/MGST1/DDR2/PENK/EDN1/PDGFRA/SIRPA/AIFM2/ADCYAP1R1/PDGFD/KLF4/MSRA/CA3/ETV5/KAT2B/FOS/CYGB/AQP1/SOD3/SNCA",34
"GO:0042327","positive regulation of phosphorylation","35/1520","226/14866",0.154867256637168,1.51464252445272,2.63098299093539,0.00827857579886376,0.0437036023491665,0.0437036023491665,"RARRES2/EGFR/TENM1/NRG1/RSPO1/LIMCH1/KDR/FGF2/FGF1/FAXDC2/PELI2/IGF1/SPRY2/BANK1/NRP1/NEDD9/SASH1/ANGPT1/IL6/LEP/DDR2/ITGB1BP1/PRKAR2B/IL34/ANGPT4/EGF/MMD/KIT/TLR3/FZD7/FGF7/BMP2/C3/ELANE/FLT4",35
"GO:0016114","terpenoid biosynthetic process","7/1520","24/14866",0.291666666666667,2.85257675438596,3.06523875631507,0.008352425598584,0.0438913018011149,0.0438913018011149,"AKR1C3/ALDH1A2/ALDH1A3/HMGCS2/ALDH1A1/CYP1A1/DHRS9",7
"GO:0042044","fluid transport","7/1520","24/14866",0.291666666666667,2.85257675438596,3.06523875631507,0.008352425598584,0.0438913018011149,0.0438913018011149,"SLC5A1/AVPR2/EDNRB/AQP7/EDN1/AQP1/AQP4",7
"GO:0051894","positive regulation of focal adhesion assembly","7/1520","24/14866",0.291666666666667,2.85257675438596,3.06523875631507,0.008352425598584,0.0438913018011149,0.0438913018011149,"FERMT2/KDR/TEK/NRP1/ITGB1BP1/MYOC/SFRP1",7
"GO:0060402","calcium ion transport into cytosol","7/1520","24/14866",0.291666666666667,2.85257675438596,3.06523875631507,0.008352425598584,0.0438913018011149,0.0438913018011149,"SLC8A3/NOS1/CAV1/JPH2/CACNA2D1/ADCYAP1R1/JPH4",7
"GO:0007179","transforming growth factor beta receptor signaling pathway","29/1520","179/14866",0.162011173184358,1.58451190826228,2.65510696518453,0.00835981289509161,0.0438913018011149,0.0438913018011149,"FERMT2/CLDN5/ID1/SPRY1/ZEB2/LTBP4/RGCC/SPRY2/SMAD9/TGFBR3/PPARA/MYOCD/CDH5/TGFBR2/MIR145/IL17RD/FMOD/CIDEA/ACVRL1/JUN/PPARG/GDF10/CDKN1C/DKK3/BMP2/PRDM16/CCN3/FOS/MSTN",29
"GO:0001755","neural crest cell migration","10/1520","42/14866",0.238095238095238,2.32863408521303,2.90988631662519,0.00842382367105893,0.0440828419561733,0.0440828419561733,"SOX10/SEMA3G/NRP1/GFAP/SEMA6A/EDN1/SEMA5A/SEMA3D/SEMA3A/SEMA6D",10
"GO:0042304","regulation of fatty acid biosynthetic process","10/1520","42/14866",0.238095238095238,2.32863408521303,2.90988631662519,0.00842382367105893,0.0440828419561733,0.0440828419561733,"PTGS2/GPIHBP1/AVPR1A/ABCD2/MLXIPL/EDN1/ANGPTL4/ACADL/KAT2B/PDK4",10
"GO:0090497","mesenchymal cell migration","10/1520","42/14866",0.238095238095238,2.32863408521303,2.90988631662519,0.00842382367105893,0.0440828419561733,0.0440828419561733,"SOX10/SEMA3G/NRP1/GFAP/SEMA6A/EDN1/SEMA5A/SEMA3D/SEMA3A/SEMA6D",10
"GO:0015698","inorganic anion transport","22/1520","126/14866",0.174603174603175,1.70766499582289,2.6921108311565,0.00858474653445668,0.0448760852573775,0.0448760852573775,"CLCNKB/ANO3/CLCN4/ABCB1/NMUR1/CRY2/ABCG2/CLCN1/SLC25A27/SLC1A7/GLRA3/GABRA2/CLIC2/SLC17A7/CLIC5/SLC6A2/SLC26A3/ABCC6/SLC1A3/GABRE/CLCA4/ANO6",22
"GO:0021885","forebrain cell migration","9/1520","36/14866",0.25,2.44506578947368,2.92952349216294,0.00876182224534429,0.0456527050614252,0.0456527050614252,"RELN/CXCL12/DRD2/TYRO3/DIXDC1/LHX6/P2RY12/SLIT2/DAB2IP",9
"GO:0086004","regulation of cardiac muscle cell contraction","9/1520","36/14866",0.25,2.44506578947368,2.92952349216294,0.00876182224534429,0.0456527050614252,0.0456527050614252,"ANK2/BIN1/CAV1/ATP1A2/SCN5A/CTNNA3/KCNJ2/ADRB2/PLN",9
"GO:0120178","steroid hormone biosynthetic process","9/1520","36/14866",0.25,2.44506578947368,2.92952349216294,0.00876182224534429,0.0456527050614252,0.0456527050614252,"CYP11A1/ADM/HSD17B11/BMP6/NR5A2/EGR1/BMP5/DKK3/BMP2",9
"GO:0072163","mesonephric epithelium development","13/1520","62/14866",0.209677419354839,2.05070033955857,2.79778198642275,0.00892634946546647,0.04640928877933,0.04640928877933,"OSR1/FGF2/CAT/FGF1/PKD2/WNT11/BMPER/BMP2/SLIT2/LGR4/SFRP1/SIM1/GPC3",13
"GO:0072164","mesonephric tubule development","13/1520","62/14866",0.209677419354839,2.05070033955857,2.79778198642275,0.00892634946546647,0.04640928877933,0.04640928877933,"OSR1/FGF2/CAT/FGF1/PKD2/WNT11/BMPER/BMP2/SLIT2/LGR4/SFRP1/SIM1/GPC3",13
"GO:0046718","symbiont entry into host cell","21/1520","119/14866",0.176470588235294,1.72592879256966,2.68314629875879,0.00894177288619262,0.0464392183192101,0.0464392183192101,"EGFR/LRP1/LRP4/CAV1/VLDLR/NRP1/CD209/NCAM1/DPP4/TYRO3/HTR2A/GPR15/TMPRSS2/EFNB3/MRC1/NECTIN3/CAV2/CR1/CH25H/ACE2/EPHA2",21
"GO:0009593","detection of chemical stimulus","14/1520","69/14866",0.202898550724638,1.98440122044241,2.76591317116362,0.00914550679103626,0.0474460201124602,0.0474460201124602,"CASQ2/NR4A1/SLC24A4/TLR4/KCNMB1/OR51E1/FFAR4/OR2A1/PIGR/OR52N4/KCNIP2/OR7C1/OR2A42/OR2L13",14
"GO:0035023","regulation of Rho protein signal transduction","16/1520","83/14866",0.192771084337349,1.885351934052,2.72962123803644,0.0091956905742994,0.0476549056299184,0.0476549056299184,"EPS8/ABCA1/FERMT2/ARHGEF28/KANK2/SYNPO2/DLC1/DOCK11/TEK/STARD8/NRP1/RASIP1/ARHGEF15/MYOC/KANK1/ARHGAP20",16
"GO:0002062","chondrocyte differentiation","15/1520","76/14866",0.197368421052632,1.93031509695291,2.74398332761678,0.00922527088374165,0.0477566824628178,0.0477566824628178,"OSR1/BMP6/ZBTB16/NR5A2/WNT10B/SOX5/GPLD1/NPR2/ACVRL1/EFEMP1/MEF2C/PKDCC/NFIB/BMP2/CCN3",15
"GO:0043524","negative regulation of neuron apoptotic process","20/1520","112/14866",0.178571428571429,1.74647556390977,2.67607578221383,0.0092848121205884,0.0480051469329006,0.0480051469329005,"PRKN/CX3CL1/PPARGC1A/KDR/FGF2/CHL1/CX3CR1/CCL2/TMBIM1/BOK/NRP1/NDNF/NTF4/PTPRZ1/TYRO3/CNTFR/MEF2C/GBE1/SNCA/NTRK2",20
"GO:0061333","renal tubule morphogenesis","11/1520","49/14866",0.224489795918367,2.19556928034372,2.8289243739449,0.00929325284088208,0.0480051469329006,0.0480051469329005,"OSR1/KLHL3/FGF2/FGF1/PKD2/WNT11/MEF2C/BMP2/LGR4/GPC3/IRX1",11
"GO:0007263","nitric oxide mediated signal transduction","6/1520","19/14866",0.315789473684211,3.08850415512465,3.07412469946286,0.00951288905364051,0.0489292494793244,0.0489292494793244,"KDR/NOS1/RASD1/ATP2B4/CD36/NDNF",6
"GO:0007588","excretion","6/1520","19/14866",0.315789473684211,3.08850415512465,3.07412469946286,0.00951288905364051,0.0489292494793244,0.0489292494793244,"ABCG2/SCN11A/TACR1/EDNRB/NPR1/SPX",6
"GO:0008228","opsonization","6/1520","19/14866",0.315789473684211,3.08850415512465,3.07412469946286,0.00951288905364051,0.0489292494793244,0.0489292494793244,"C4BPA/FCN2/MASP1/PLA2G5/MASP2/C3",6
"GO:0034112","positive regulation of homotypic cell-cell adhesion","6/1520","19/14866",0.315789473684211,3.08850415512465,3.07412469946286,0.00951288905364051,0.0489292494793244,0.0489292494793244,"PLPP3/MMRN1/EMILIN2/IL6/HTR2A/CTSG",6
